,Datetime,Horse,Type,Location,Price,Midpoint Price,Amount,6.5,3.2,Venue,Midpoint Percentage,WIN_LOSE,BSP,Turnover,Expected Value
0,2023-01-04,Abreed,RaceType.HORSE_RACE,AUS,8.5,8.341065830721003,1.0,1.0,1.0,Geelong,0.9813018624377651,0,9.55488524923625,88.95972874901277,-0.11040271250987244
1,2023-01-04,Angry Ann,RaceType.GREYHOUND_RACE,AUS,6.5,6.182857142857143,1.0,1.0,1.0,Richmond,0.9512087912087913,1,4.961008259380325,131.02175324360192,0.31021753243601935
2,2023-01-04,Another Cognac,RaceType.HORSE_RACE,AUS,6.5,6.382608695652174,1.0,1.0,1.0,Warwick Farm,0.9819397993311038,1,4.471198150485579,145.3749035768878,0.4537490357688776
3,2023-01-04,Big Time Brynley,RaceType.GREYHOUND_RACE,AUS,1.8,1.7341721854304637,1.0,1.0,1.0,Manawatu,0.9634289919058131,0,1.8472110224419336,97.44419983053574,-0.02555800169464273
4,2023-01-04,Candy Kaos,RaceType.GREYHOUND_RACE,AUS,5.0,4.75,1.0,1.0,1.0,Taree,0.95,0,5.583165204,89.55493554834814,-0.10445064451651864
5,2023-01-04,Chilli On Ice,RaceType.GREYHOUND_RACE,AUS,8.5,8.597142857142856,1.0,1.0,1.0,Gawler,1.0114285714285713,1,10.0,85.0,-0.15000000000000002
6,2023-01-04,Cracking Force,RaceType.GREYHOUND_RACE,AUS,2.5,2.428323699421965,1.0,1.0,1.0,Capalaba,0.971329479768786,0,2.2184546375284846,112.69105789718455,0.12691057897184543
7,2023-01-04,Cruzin Ace,RaceType.GREYHOUND_RACE,AUS,2.2,2.17,1.0,1.0,1.0,Taree,0.9863636363636362,0,1.9312582854852551,113.91536888330916,0.13915368883309154
8,2023-01-04,Demando,RaceType.HORSE_RACE,AUS,7.5,7.4,1.0,1.0,1.0,Geelong,0.9866666666666667,0,6.0,125.0,0.2499999999999999
9,2023-01-04,Drink Then Kiss,RaceType.HORSE_RACE,AUS,4.8,4.5346153846153845,1.0,1.0,1.0,Mount Gambier,0.9447115384615384,0,4.318045326486464,111.16140839368389,0.11161408393683891
10,2023-01-04,Gable,RaceType.GREYHOUND_RACE,AUS,7.0,6.830769230769231,1.0,1.0,1.0,Gawler,0.9758241758241759,0,4.437582910401881,157.7435315876962,0.5774353158769621
11,2023-01-04,Go Goose Go,RaceType.GREYHOUND_RACE,AUS,7.0,6.937931034482759,1.0,1.0,1.0,Gawler,0.9911330049261083,0,7.161793049600092,97.7408862769481,-0.022591137230518865
12,2023-01-04,Goddess Of War,RaceType.GREYHOUND_RACE,AUS,6.5,6.788888888888889,1.0,1.0,1.0,Taree,1.0444444444444445,0,5.96411806,108.98509946665946,0.08985099466659463
13,2023-01-04,Got No Torque,RaceType.GREYHOUND_RACE,AUS,3.5,3.316666666666667,1.0,1.0,1.0,Capalaba,0.9476190476190477,0,3.035247223158368,115.31185905700386,0.15311859057003852
14,2023-01-04,Johnny Baha,RaceType.GREYHOUND_RACE,AUS,7.5,7.285714285714286,1.0,1.0,1.0,Capalaba,0.9714285714285714,0,8.617162023195032,87.03561543594121,-0.12964384564058795
15,2023-01-04,Junior Marjen,RaceType.GREYHOUND_RACE,AUS,6.0,5.801851851851851,1.0,1.0,1.0,Bendigo,0.9669753086419752,0,5.7,105.26315789473684,0.05263157894736836
16,2023-01-04,Lektra Flying,RaceType.GREYHOUND_RACE,AUS,5.5,5.071428571428572,1.0,1.0,1.0,Bendigo,0.9220779220779222,0,6.6,83.33333333333334,-0.16666666666666663
17,2023-01-04,Little Olivia,RaceType.GREYHOUND_RACE,AUS,4.8,4.415384615384616,1.0,1.0,1.0,Taree,0.9198717948717949,0,3.165694706750465,151.62548649320397,0.5162548649320396
18,2023-01-04,Magnetic Prince,RaceType.HORSE_RACE,AUS,8.0,7.70625,1.0,1.0,1.0,Geelong,0.96328125,0,8.8,90.9090909090909,-0.09090909090909094
19,2023-01-04,Rosalia,RaceType.HORSE_RACE,AUS,6.5,6.287472527472528,1.0,1.0,1.0,Geelong,0.9673034657650044,2,7.883091937486752,82.45495614595481,-0.17545043854045184
20,2023-01-04,Sachem,RaceType.HORSE_RACE,AUS,3.7,3.648341232227488,1.0,1.0,1.0,Geelong,0.9860381708722941,0,3.8532366602907775,96.02317029031865,-0.03976829709681362
21,2023-01-04,Tabasco Lad,RaceType.GREYHOUND_RACE,AUS,2.6,2.5421428571428573,1.0,1.0,1.0,The Meadows,0.9777472527472527,0,2.24,116.07142857142856,0.1607142857142857
22,2023-01-04,Tralee Revenge,RaceType.GREYHOUND_RACE,AUS,1.55,1.5225,1.0,1.0,1.0,Taree,0.982258064516129,1,1.5228150818067658,101.78517526638757,0.017851752663875786
23,2023-01-04,Tramontana,RaceType.HORSE_RACE,AUS,8.0,7.76140350877193,1.0,1.0,1.0,Geelong,0.9701754385964912,0,7.45678659752386,107.28481894139928,0.07284818941399274
24,2023-01-04,Worry Less,RaceType.GREYHOUND_RACE,AUS,4.2,4.0,1.0,1.0,1.0,The Meadows,0.9523809523809523,1,3.98619874321761,105.36353730847378,0.05363537308473798
25,2023-01-05,Becks Monelli,RaceType.GREYHOUND_RACE,AUS,1.55,1.548888888888889,1.0,1.0,1.0,Angle Park,0.9992831541218639,1,1.5070293658086302,102.85134683943686,0.028513468394368635
26,2023-01-05,Bejiggity,RaceType.TROT_RACE,AUS,6.5,6.556862745098039,1.0,1.0,1.0,Redcliffe,1.0087481146304675,1,6.275477855447679,103.57776968900329,0.03577769689003274
27,2023-01-05,Dark Krystal,RaceType.GREYHOUND_RACE,AUS,9.0,8.688888888888888,1.0,1.0,1.0,Shepparton,0.965432098765432,1,11.380552015,79.08227991170953,-0.2091772008829046
28,2023-01-05,Eagle Uno,RaceType.TROT_RACE,AUS,5.0,4.725,1.0,1.0,1.0,Tamworth,0.945,0,4.313259764129759,115.921606242716,0.1592160624271599
29,2023-01-05,Expensive To Keep,RaceType.HORSE_RACE,AUS,10.0,8.80952380952381,1.0,1.0,1.0,Gatton,0.880952380952381,0,11.0,90.9090909090909,-0.09090909090909083
30,2023-01-05,Five Mile Rose,RaceType.GREYHOUND_RACE,AUS,3.4,3.3765625,1.0,1.0,1.0,Gunnedah,0.9931066176470589,0,2.970453687,114.46062986539336,0.1446062986539336
31,2023-01-05,Forche,RaceType.HORSE_RACE,AUS,3.2,3.185344827586207,1.0,1.0,1.0,Gatton,0.9954202586206896,0,3.65,87.67123287671234,-0.12328767123287676
32,2023-01-05,Furious Angel,RaceType.GREYHOUND_RACE,AUS,3.1,2.9916666666666667,1.0,1.0,1.0,Warragul,0.9650537634408602,0,3.249585040460933,95.39679563395222,-0.04603204366047786
33,2023-01-05,Garratt Road,RaceType.HORSE_RACE,AUS,5.5,5.309589041095891,1.0,1.0,1.0,Wagga,0.9653798256537983,0,5.285158630677397,104.06499377474819,0.040649937747481935
34,2023-01-05,Great Devotion,RaceType.HORSE_RACE,USA,2.6,2.702,1.0,1.0,1.0,Charles Town,1.0392307692307692,0,1.8463085707239228,140.82153120161064,0.40821531201610606
35,2023-01-05,Happy As,RaceType.TROT_RACE,AUS,6.0,5.770588235294118,1.0,1.0,1.0,Tamworth,0.961764705882353,1,5.018320492170749,119.56191338039895,0.19561913380398932
36,2023-01-05,Heleva Deel,RaceType.HORSE_RACE,AUS,3.4,3.313043478260869,1.0,1.0,1.0,Gatton,0.9744245524296674,0,2.8,121.42857142857144,0.2142857142857143
37,2023-01-05,I Am Fearless,RaceType.HORSE_RACE,AUS,6.5,6.40952380952381,1.0,1.0,1.0,Gatton,0.9860805860805861,0,3.4,191.1764705882353,0.911764705882353
38,2023-01-05,Invaness,RaceType.HORSE_RACE,AUS,5.5,5.2637931034482754,1.0,1.0,1.0,Gatton,0.9570532915360501,0,4.869026478782251,112.95892564904588,0.12958925649045894
39,2023-01-05,Invertational,RaceType.HORSE_RACE,AUS,2.1,1.9518421052631576,1.0,1.0,1.0,Wagga,0.9294486215538845,1,2.099334918,100.03168060485717,0.00031680604857176053
40,2023-01-05,Les Goh,RaceType.HORSE_RACE,AUS,6.0,5.706849315068493,1.0,1.0,1.0,Wagga,0.9511415525114155,0,4.733522931810696,126.75548606046034,0.2675548606046033
41,2023-01-05,Open Sky,RaceType.HORSE_RACE,AUS,8.0,7.606968641114983,1.0,1.0,1.0,Wagga,0.9508710801393728,0,9.393244155185531,85.16759351542682,-0.1483240648457319
42,2023-01-05,Our Roys Dream,RaceType.TROT_RACE,AUS,6.5,5.92,1.0,1.0,1.0,Tamworth,0.9107692307692308,0,3.4,191.1764705882353,0.911764705882353
43,2023-01-05,Pheebles Spirit,RaceType.HORSE_RACE,AUS,8.0,7.731210191082803,1.0,1.0,1.0,Gatton,0.9664012738853504,0,9.4,85.1063829787234,-0.14893617021276595
44,2023-01-05,Rawhide Hand,RaceType.GREYHOUND_RACE,AUS,10.0,9.5,1.0,1.0,1.0,Warragul,0.95,1,8.0,125.0,0.25
45,2023-01-05,Rocco Variety,RaceType.TROT_RACE,AUS,4.2,4.755555555555556,1.0,1.0,1.0,Redcliffe,1.1322751322751323,0,4.1,102.4390243902439,0.024390243902439157
46,2023-01-05,Secret Cash,RaceType.HORSE_RACE,AUS,3.9,3.775,1.0,1.0,1.0,Gatton,0.967948717948718,1,3.867137391,100.84979160752037,0.008497916075203671
47,2023-01-05,Siasha Jewel,RaceType.HORSE_RACE,AUS,4.4,4.105,1.0,1.0,1.0,Wagga,0.9329545454545455,0,4.385817061,100.32338191043395,0.003233819104339619
48,2023-01-05,Simon The Pieman,RaceType.GREYHOUND_RACE,AUS,6.0,5.8296875,1.0,1.0,1.0,Addington,0.9716145833333334,0,6.016639345336253,99.72344452806281,-0.00276555471937201
49,2023-01-05,Sir Les,RaceType.GREYHOUND_RACE,AUS,3.0,2.959512195121951,1.0,1.0,1.0,Warragul,0.9865040650406504,0,2.88,104.16666666666667,0.04166666666666663
50,2023-01-05,Sly Corner,RaceType.HORSE_RACE,AUS,6.0,5.581818181818182,1.0,1.0,1.0,Gatton,0.9303030303030303,0,4.649202797441248,129.05438333002343,0.29054383330023403
51,2023-01-05,Zacharooni,RaceType.TROT_RACE,AUS,4.8,4.421681415929204,1.0,1.0,1.0,Tamworth,0.9211836283185842,0,4.374299877,109.73184589466132,0.09731845894661317
52,2023-01-05,Zambrana,RaceType.GREYHOUND_RACE,AUS,6.5,6.327272727272727,1.0,1.0,1.0,Warragul,0.9734265734265735,0,5.487666481685883,118.44743155752269,0.1844743155752271
53,2023-01-06,Americas Woman,RaceType.HORSE_RACE,USA,8.0,7.411111111111111,1.0,1.0,1.0,Charles Town,0.9263888888888889,0,10.5,76.19047619047619,-0.23809523809523814
54,2023-01-06,Ashim,RaceType.HORSE_RACE,AUS,10.0,9.890756302521009,1.0,1.0,1.0,Stawell,0.9890756302521009,0,8.206780792285283,121.85045821377875,0.21850458213778756
55,2023-01-06,Baby Thor,RaceType.GREYHOUND_RACE,AUS,5.0,4.6909090909090905,1.0,1.0,1.0,Rockhampton,0.9381818181818181,0,6.6,75.75757575757575,-0.24242424242424243
56,2023-01-06,Bell Ringer Boy,RaceType.HORSE_RACE,AUS,7.5,7.16,1.0,1.0,1.0,Hobart,0.9546666666666667,0,6.61108,113.44591201437586,0.1344591201437585
57,2023-01-06,Big Time Tesla,RaceType.GREYHOUND_RACE,AUS,7.0,6.511111111111111,1.0,1.0,1.0,Manawatu,0.9301587301587302,0,7.895966169694439,88.65286210149617,-0.11347137898503834
58,2023-01-06,Bigger Than Thorn,RaceType.HORSE_RACE,AUS,6.0,5.472,1.0,1.0,1.0,Mackay,0.912,0,4.015405339349883,149.42451615535865,0.49424516155358655
59,2023-01-06,Blackpool Dill,RaceType.GREYHOUND_RACE,AUS,5.5,5.18,1.0,1.0,1.0,Bendigo,0.9418181818181818,0,5.538033319,99.31323419688512,-0.00686765803114886
60,2023-01-06,Blowup,RaceType.TROT_RACE,AUS,5.5,5.181818181818182,1.0,1.0,1.0,Newcastle,0.9421487603305785,0,7.662192999,71.78101622757102,-0.28218983772428996
61,2023-01-06,Blue Bathers,RaceType.GREYHOUND_RACE,AUS,1.85,1.8166666666666669,1.0,1.0,1.0,Rockhampton,0.981981981981982,1,1.8643883221434596,99.22825508116692,-0.007717449188330838
62,2023-01-06,Blue Ruby,RaceType.GREYHOUND_RACE,AUS,5.5,5.227868852459016,1.0,1.0,1.0,Bendigo,0.9505216095380029,1,5.064929485220491,108.5898632162412,0.08589863216241189
63,2023-01-06,Boxing On,RaceType.GREYHOUND_RACE,AUS,8.5,8.285714285714286,1.0,1.0,1.0,Ipswich,0.9747899159663866,0,6.220225428721172,136.6509959711787,0.3665099597117868
64,2023-01-06,Boy From Hill,RaceType.GREYHOUND_RACE,AUS,4.4,3.9,1.0,1.0,1.0,Gawler,0.8863636363636362,0,4.313838226489297,101.99733436876754,0.01997334368767545
65,2023-01-06,Bucks Lodge,RaceType.HORSE_RACE,USA,5.0,4.884905660377359,1.0,1.0,1.0,Charles Town,0.9769811320754718,0,5.3,94.33962264150944,-0.05660377358490565
66,2023-01-06,Catch Me Nero,RaceType.GREYHOUND_RACE,AUS,10.0,9.466666666666669,1.0,1.0,1.0,Gawler,0.9466666666666669,0,9.83192978229565,101.70943264878676,0.017094326487867573
67,2023-01-06,Chartered Course,RaceType.HORSE_RACE,USA,8.0,7.714285714285714,1.0,1.0,1.0,Charles Town,0.9642857142857143,0,10.284447565683475,77.7873575503843,-0.22212642449615694
68,2023-01-06,Cheermeonimdancin,RaceType.TROT_RACE,AUS,10.0,9.575,1.0,1.0,1.0,Ballarat,0.9574999999999999,0,9.73959325376607,102.67369221125571,0.02673692211255696
69,2023-01-06,Dragons Snip,RaceType.HORSE_RACE,AUS,6.0,5.6816,1.0,1.0,1.0,Mackay,0.9469333333333334,0,5.0,120.0,0.19999999999999996
70,2023-01-06,Drunken Lullaby,RaceType.GREYHOUND_RACE,AUS,8.0,7.258823529411766,1.0,1.0,1.0,Manawatu,0.9073529411764707,0,10.272638770891351,77.87677712048901,-0.22123222879510984
71,2023-01-06,Dulcimer Dame,RaceType.HORSE_RACE,USA,2.0,1.8812903225806448,1.0,1.0,1.0,Charles Town,0.9406451612903224,1,1.91,104.71204188481676,0.04712041884816753
72,2023-01-06,Edification,RaceType.HORSE_RACE,AUS,4.8,4.420930232558139,1.0,1.0,1.0,Mackay,0.9210271317829457,1,5.081629046523231,94.45789836399182,-0.0554210163600819
73,2023-01-06,Ellen Shannon,RaceType.TROT_RACE,AUS,6.0,5.658064516129032,1.0,1.0,1.0,Bathurst,0.943010752688172,0,8.29197835155297,72.35908905715227,-0.2764091094284774
74,2023-01-06,Florey Bale,RaceType.GREYHOUND_RACE,AUS,1.95,1.8332,1.0,1.0,1.0,Bendigo,0.9401025641025641,0,1.7452727995594612,111.73038395442912,0.11730383954429113
75,2023-01-06,Gee Gee Miss Quita,RaceType.HORSE_RACE,AUS,6.0,5.836170212765958,1.0,1.0,1.0,Hobart,0.972695035460993,0,4.705067490802684,127.52208149465673,0.27522081494656736
76,2023-01-06,Gee Gee True Story,RaceType.HORSE_RACE,AUS,10.0,9.791011235955056,1.0,1.0,1.0,Hobart,0.9791011235955056,1,8.609737719,116.14755671281327,0.1614755671281326
77,2023-01-06,Grumpee,RaceType.TROT_RACE,AUS,8.0,7.32,1.0,1.0,1.0,Ballarat,0.915,1,6.2,129.03225806451613,0.29032258064516114
78,2023-01-06,Just Dessy,RaceType.TROT_RACE,AUS,5.5,5.383333333333334,1.0,1.0,1.0,Albion Park,0.9787878787878789,0,5.539332318114465,99.28994478295078,-0.007100552170492103
79,2023-01-06,Leibert Lass,RaceType.HORSE_RACE,AUS,8.0,7.485714285714286,1.0,1.0,1.0,Mackay,0.9357142857142857,0,8.877964522721594,90.11074531245762,-0.09889254687542381
80,2023-01-06,Lets Party,RaceType.GREYHOUND_RACE,AUS,10.0,9.4,1.0,1.0,1.0,Addington,0.9400000000000001,0,7.2,138.88888888888889,0.38888888888888884
81,2023-01-06,Louis January,RaceType.HORSE_RACE,AUS,3.1,3.111111111111111,1.0,1.0,1.0,Mackay,1.003584229390681,0,2.543935977606793,121.85841260503435,0.21858412605034339
82,2023-01-06,Marty The Martian,RaceType.TROT_RACE,AUS,6.5,6.342857142857143,1.0,1.0,1.0,Albion Park,0.9758241758241759,0,6.0,108.33333333333333,0.08333333333333326
83,2023-01-06,Milky Rocket,RaceType.HORSE_RACE,AUS,4.4,4.287654320987654,1.0,1.0,1.0,Mackay,0.9744668911335577,0,4.306840262501865,102.1630646093203,0.021630646093203088
84,2023-01-06,Miss Lauren,RaceType.HORSE_RACE,USA,5.5,5.2,1.0,1.0,1.0,Charles Town,0.9454545454545454,0,6.0,91.66666666666666,-0.08333333333333337
85,2023-01-06,Mitcham Zorro,RaceType.GREYHOUND_RACE,AUS,8.0,7.652173913043478,1.0,1.0,1.0,Addington,0.9565217391304347,1,6.4011188535777945,124.9781512106831,0.24978151210683108
86,2023-01-06,Never Compromise,RaceType.HORSE_RACE,USA,5.5,5.155555555555555,1.0,1.0,1.0,Charles Town,0.9373737373737373,0,6.6,83.33333333333334,-0.16666666666666663
87,2023-01-06,Next Stop,RaceType.GREYHOUND_RACE,AUS,10.0,9.333333333333332,1.0,1.0,1.0,Rockhampton,0.9333333333333332,0,11.0,90.9090909090909,-0.09090909090909083
88,2023-01-06,October Racketeer,RaceType.TROT_RACE,AUS,8.5,7.75,1.0,1.0,1.0,Albion Park,0.9117647058823529,0,12.231889261,69.4904917681138,-0.30509508231886207
89,2023-01-06,Opawa Warrior,RaceType.GREYHOUND_RACE,AUS,3.0,2.892857142857143,1.0,1.0,1.0,Addington,0.9642857142857143,1,4.3,69.76744186046511,-0.3023255813953489
90,2023-01-06,Pentegra,RaceType.HORSE_RACE,AUS,4.4,4.241666666666667,1.0,1.0,1.0,Stawell,0.9640151515151515,0,4.1,107.31707317073173,0.07317073170731725
91,2023-01-06,Pretty Slick,RaceType.HORSE_RACE,AUS,2.0,1.9890948275862068,1.0,1.0,1.0,Mackay,0.9945474137931034,1,1.77,112.99435028248588,0.12994350282485878
92,2023-01-06,Red Fourteen,RaceType.TROT_RACE,AUS,3.0,2.9363636363636365,1.0,1.0,1.0,Wagga,0.9787878787878789,1,2.88,104.16666666666667,0.04166666666666663
93,2023-01-06,Regulus,RaceType.TROT_RACE,AUS,6.5,6.128571428571429,1.0,1.0,1.0,Albion Park,0.942857142857143,1,6.604149884264915,98.42296304459923,-0.01577036955400768
94,2023-01-06,Replica Rosco,RaceType.GREYHOUND_RACE,AUS,8.5,8.25,1.0,1.0,1.0,Addington,0.9705882352941176,0,9.005520332814129,94.38655053642904,-0.05613449463570963
95,2023-01-06,Scarlet Bling,RaceType.TROT_RACE,AUS,3.3,3.0733333333333333,1.0,1.0,1.0,Bathurst,0.9313131313131313,0,2.48,133.06451612903226,0.3306451612903226
96,2023-01-06,Schatzi,RaceType.HORSE_RACE,AUS,6.5,6.293203883495146,1.0,1.0,1.0,Mackay,0.968185212845407,0,4.851037243749889,133.99196240710472,0.3399196240710469
97,2023-01-06,Shalaga,RaceType.HORSE_RACE,AUS,8.5,8.373006134969325,1.0,1.0,1.0,Stawell,0.9850595452905088,0,11.911135222202866,71.36179584424191,-0.28638204155758085
98,2023-01-06,Shannonsideal,RaceType.TROT_RACE,AUS,6.5,5.056603773584905,1.0,1.0,1.0,Bathurst,0.7779390420899854,1,9.30027575989062,69.8904007559927,-0.3010959924400731
99,2023-01-06,Sheezabigdeel,RaceType.HORSE_RACE,AUS,6.0,5.751351351351351,1.0,1.0,1.0,Stawell,0.9585585585585585,0,4.98610471513639,120.33441619839458,0.20334416198394578
100,2023-01-06,Sheriffs Kid,RaceType.HORSE_RACE,USA,7.0,6.457142857142857,1.0,1.0,1.0,Charles Town,0.9224489795918368,0,9.6,72.91666666666667,-0.27083333333333337
101,2023-01-06,Sheza Daydreama,RaceType.TROT_RACE,AUS,2.35,2.23,1.0,1.0,1.0,Wagga,0.9489361702127659,1,2.72,86.3970588235294,-0.13602941176470584
102,2023-01-06,Siberian Route,RaceType.HORSE_RACE,AUS,10.0,9.668085106382978,1.0,1.0,1.0,Mackay,0.9668085106382979,1,11.558461401,86.51670540799515,-0.13483294592004846
103,2023-01-06,Sir Bitesalot,RaceType.HORSE_RACE,AUS,10.0,9.423529411764706,1.0,1.0,1.0,Stawell,0.9423529411764706,0,12.5,80.0,-0.20000000000000007
104,2023-01-06,Sleepy Joe,RaceType.GREYHOUND_RACE,AUS,5.5,5.276470588235294,1.0,1.0,1.0,Rockhampton,0.9593582887700535,0,5.717266626,96.19981644704215,-0.038001835529578476
105,2023-01-06,Spirit King,RaceType.TROT_RACE,AUS,3.5,3.2514598540145987,1.0,1.0,1.0,Newcastle,0.9289885297184568,1,3.3,106.06060606060606,0.06060606060606055
106,2023-01-06,Tulhurst Cuddles,RaceType.TROT_RACE,AUS,4.6,4.162068965517242,1.0,1.0,1.0,Albion Park,0.9047976011994004,0,5.8,79.31034482758619,-0.2068965517241379
107,2023-01-06,Valid Reason,RaceType.HORSE_RACE,USA,7.5,5.666666666666667,1.0,1.0,1.0,Charles Town,0.7555555555555556,0,4.4,170.45454545454544,0.7045454545454546
108,2023-01-06,Way Too Soft,RaceType.GREYHOUND_RACE,AUS,6.5,6.282352941176471,1.0,1.0,1.0,Gawler,0.9665158371040725,0,6.385084677249834,101.79974626115158,0.01799746261151569
109,2023-01-07,Aldebaran Zeus,RaceType.TROT_RACE,AUS,10.0,9.27,1.0,1.0,1.0,Bendigo,0.9269999999999999,1,10.5,95.23809523809523,-0.04761904761904767
110,2023-01-07,Annika,RaceType.HORSE_RACE,AUS,10.0,9.888636363636364,1.0,1.0,1.0,Gawler,0.9888636363636364,0,9.2,108.69565217391306,0.0869565217391306
111,2023-01-07,Aussie Sojourn,RaceType.HORSE_RACE,AUS,6.0,5.734285714285714,1.0,1.0,1.0,Gawler,0.9557142857142856,0,6.932663288394542,86.54682551861642,-0.13453174481383567
112,2023-01-07,Beach Magic,RaceType.TROT_RACE,AUS,10.0,9.461538461538462,1.0,1.0,1.0,Albion Park,0.9461538461538461,0,9.714212406,102.94195331598353,0.029419533159835365
113,2023-01-07,Bend The Knee,RaceType.HORSE_RACE,AUS,10.0,9.646153846153846,1.0,1.0,1.0,Rosehill,0.9646153846153845,0,8.747483177194882,114.31859653151997,0.14318596531519956
114,2023-01-07,Betterthan Popsy,RaceType.TROT_RACE,AUS,6.5,6.037837837837838,1.0,1.0,1.0,Albion Park,0.928898128898129,0,7.154812512148636,90.84794310072016,-0.09152056899279826
115,2023-01-07,Blue Tick Maya,RaceType.GREYHOUND_RACE,AUS,2.6,2.4548837209302325,1.0,1.0,1.0,The Meadows,0.9441860465116279,0,2.746492706768149,94.66618984979831,-0.0533381015020169
116,2023-01-07,Bonny Ezra,RaceType.HORSE_RACE,AUS,8.5,8.068,1.0,1.0,1.0,Rosehill,0.9491764705882353,0,11.380841175399256,74.68692224941631,-0.2531307775058369
117,2023-01-07,Bucked Tooth,RaceType.HORSE_RACE,USA,10.0,9.52,1.0,1.0,1.0,Charles Town,0.952,0,10.857830468,92.09943026345657,-0.07900569736543428
118,2023-01-07,Busting,RaceType.HORSE_RACE,AUS,3.9,3.722648083623693,1.0,1.0,1.0,Gold Coast,0.9545251496471008,0,3.559958608,109.55183555325203,0.0955183555325202
119,2023-01-07,Capital Flight,RaceType.HORSE_RACE,AUS,5.5,4.852941176470589,1.0,1.0,1.0,Ascot,0.8823529411764707,0,5.3296196754204175,103.19685709217407,0.03196857092174066
120,2023-01-07,Cassius Deck,RaceType.TROT_RACE,AUS,5.5,5.134482758620689,1.0,1.0,1.0,Menangle,0.9335423197492162,1,4.5,122.22222222222223,0.2222222222222222
121,2023-01-07,Corfe Castle,RaceType.HORSE_RACE,AUS,8.0,7.634408602150537,1.0,1.0,1.0,Gold Coast,0.9543010752688171,0,5.72812884983985,139.66166281723338,0.3966166281723338
122,2023-01-07,Cuban Royale,RaceType.HORSE_RACE,AUS,7.0,6.56,1.0,1.0,1.0,Rosehill,0.937142857142857,0,7.3151706688480225,95.69154729102644,-0.04308452708973576
123,2023-01-07,Daytona,RaceType.HORSE_RACE,AUS,10.0,9.762130177514791,1.0,1.0,1.0,Gold Coast,0.9762130177514792,0,7.004853745324507,142.75815546719514,0.427581554671951
124,2023-01-07,Debit Card,RaceType.HORSE_RACE,USA,1.85,1.750077519379845,1.0,1.0,1.0,Charles Town,0.9459878483134297,1,1.77,104.51977401129943,0.04519774011299443
125,2023-01-07,Debs Ellie,RaceType.HORSE_RACE,AUS,7.0,6.774096385542168,1.0,1.0,1.0,Ipswich,0.9677280550774526,0,5.256491530700695,133.16867266153272,0.3316867266153273
126,2023-01-07,Desert Safari,RaceType.HORSE_RACE,AUS,9.0,8.531578947368422,1.0,1.0,1.0,Gold Coast,0.9479532163742691,0,8.577539100792237,104.9251993403183,0.04925199340318298
127,2023-01-07,Esperannna,RaceType.HORSE_RACE,USA,4.4,4.075,1.0,1.0,1.0,Charles Town,0.9261363636363636,0,5.1,86.27450980392159,-0.13725490196078416
128,2023-01-07,Fine Line,RaceType.HORSE_RACE,AUS,9.0,8.707692307692309,1.0,1.0,1.0,Ascot,0.9675213675213676,0,8.4,107.14285714285714,0.0714285714285714
129,2023-01-07,Flyway,RaceType.HORSE_RACE,AUS,10.0,9.77391304347826,1.0,1.0,1.0,Gawler,0.977391304347826,0,10.631315289,94.06173862933773,-0.05938261370662268
130,2023-01-07,Getouttheway,RaceType.HORSE_RACE,AUS,6.0,6.091428571428572,1.0,1.0,1.0,Gawler,1.0152380952380953,1,5.266261895386962,113.93280697368591,0.13932806973685907
131,2023-01-07,Gleefilly,RaceType.HORSE_RACE,AUS,6.0,5.588461538461538,1.0,1.0,1.0,Wyong,0.9314102564102563,1,5.055788117,118.67585945354602,0.18675859453546018
132,2023-01-07,Goalkicker,RaceType.TROT_RACE,AUS,10.0,9.455555555555556,1.0,1.0,1.0,Albion Park,0.9455555555555556,0,14.0,71.42857142857143,-0.2857142857142858
133,2023-01-07,Goddess Of Giving,RaceType.HORSE_RACE,AUS,4.8,4.683783783783784,1.0,1.0,1.0,Ascot,0.9757882882882883,0,4.042149408821189,118.74870309160153,0.18748703091601526
134,2023-01-07,Goelitz,RaceType.TROT_RACE,AUS,8.0,7.106976744186047,1.0,1.0,1.0,Albion Park,0.8883720930232559,0,7.432910973180553,107.6294338633359,0.076294338633359
135,2023-01-07,Grand Fiber,RaceType.HORSE_RACE,USA,5.0,4.542857142857143,1.0,1.0,1.0,Charles Town,0.9085714285714286,0,6.697080792,74.65939497060796,-0.2534060502939204
136,2023-01-07,Incineration,RaceType.GREYHOUND_RACE,AUS,9.0,8.464864864864865,1.0,1.0,1.0,Warrnambool,0.9405405405405405,0,8.560068330663196,105.13934763535609,0.05139347635356084
137,2023-01-07,Jaazeb,RaceType.HORSE_RACE,AUS,8.0,7.733333333333333,1.0,1.0,1.0,Gawler,0.9666666666666667,1,7.314252458839074,109.37549729134956,0.09375497291349566
138,2023-01-07,Jumpin Jack Brass,RaceType.HORSE_RACE,USA,2.45,2.26,1.0,1.0,1.0,Charles Town,0.9224489795918366,0,2.5,98.00000000000001,-0.019999999999999907
139,2023-01-07,Keep It Black,RaceType.GREYHOUND_RACE,AUS,6.5,6.09,1.0,1.0,1.0,Warrnambool,0.9369230769230769,0,6.671479536,97.42966256473278,-0.025703374352672115
140,2023-01-07,Kobestar,RaceType.HORSE_RACE,AUS,10.0,9.620626631853783,1.0,1.0,1.0,Ipswich,0.9620626631853784,0,13.357270457660778,74.8655949709,-0.2513440502909998
141,2023-01-07,La Maddalena,RaceType.HORSE_RACE,USA,5.0,4.685714285714286,1.0,1.0,1.0,Charles Town,0.9371428571428572,1,5.1243422932087554,97.57349751257746,-0.024265024874225327
142,2023-01-07,Lamonica,RaceType.GREYHOUND_RACE,AUS,2.4,2.2748717948717947,1.0,1.0,1.0,Warrnambool,0.9478632478632478,1,2.209176392560693,108.63777143744144,0.08637771437441444
143,2023-01-07,Lanoch Boy,RaceType.TROT_RACE,AUS,5.0,4.7444444444444445,1.0,1.0,1.0,Albion Park,0.9488888888888889,0,5.2977096287455065,94.3804087122834,-0.05619591287716619
144,2023-01-07,Lektra Dish,RaceType.GREYHOUND_RACE,AUS,4.0,3.69375,1.0,1.0,1.0,Traralgon,0.9234375,0,3.1852656491573725,125.5782229987052,0.255782229987052
145,2023-01-07,Liquid Louie,RaceType.HORSE_RACE,USA,7.5,6.569230769230769,1.0,1.0,1.0,Charles Town,0.8758974358974358,0,9.6,78.125,-0.21875
146,2023-01-07,Lovelorn,RaceType.TROT_RACE,AUS,5.5,5.201066666666667,1.0,1.0,1.0,Globe Derby,0.9456484848484848,0,5.147846835812089,106.84078558317009,0.06840785583170084
147,2023-01-07,Lovetheinvasion,RaceType.HORSE_RACE,AUS,7.5,7.323404255319149,1.0,1.0,1.0,Rosehill,0.9764539007092199,0,7.189765396863512,104.31494751236008,0.04314947512360068
148,2023-01-07,Martha Lavinia,RaceType.HORSE_RACE,AUS,4.6,4.25,1.0,1.0,1.0,Werribee,0.923913043478261,1,5.4,85.18518518518518,-0.14814814814814836
149,2023-01-07,Master Of Menace,RaceType.HORSE_RACE,AUS,10.0,9.253333333333332,1.0,1.0,1.0,Ipswich,0.9253333333333332,0,11.0,90.9090909090909,-0.09090909090909083
150,2023-01-07,Max Delight,RaceType.TROT_RACE,AUS,9.0,8.48,1.0,1.0,1.0,Bendigo,0.9422222222222223,0,11.713296791123575,76.83575478784306,-0.2316424521215693
151,2023-01-07,Mepunga Warrior,RaceType.GREYHOUND_RACE,AUS,4.8,4.55,1.0,1.0,1.0,The Meadows,0.9479166666666666,0,5.50310242426087,87.22352647551703,-0.12776473524482956
152,2023-01-07,Midnight Rush,RaceType.HORSE_RACE,AUS,5.5,5.369252077562327,1.0,1.0,1.0,Gawler,0.9762276504658776,0,5.427643230452176,101.33311580138246,0.013331158013824784
153,2023-01-07,Miss Miduki,RaceType.HORSE_RACE,AUS,3.9,3.785,1.0,1.0,1.0,Gawler,0.9705128205128206,0,3.020244308390084,129.12862675267692,0.2912862675267691
154,2023-01-07,Mister Hemsworth,RaceType.HORSE_RACE,AUS,8.5,8.932500000000001,1.0,1.0,1.0,Wyong,1.0508823529411766,0,6.080432046844871,139.79269786282111,0.397926978628211
155,2023-01-07,More Special,RaceType.HORSE_RACE,AUS,2.35,2.8489320388349517,1.0,1.0,1.0,Ascot,1.2123115058872134,1,2.291994692552626,102.53077843661029,0.025307784366103037
156,2023-01-07,My Nans Epic,RaceType.GREYHOUND_RACE,AUS,9.0,8.342857142857143,1.0,1.0,1.0,Cannington,0.926984126984127,0,8.890088760552464,101.23633455646967,0.012363345564696648
157,2023-01-07,Noble Soldier,RaceType.HORSE_RACE,AUS,8.0,6.476923076923077,1.0,1.0,1.0,Rosehill,0.8096153846153846,0,7.713019593,103.7207270581868,0.03720727058186801
158,2023-01-07,Obi,RaceType.HORSE_RACE,AUS,7.5,7.158024691358025,1.0,1.0,1.0,Gawler,0.95440329218107,0,5.931157455616313,126.45086656565023,0.26450866565650244
159,2023-01-07,On Advice,RaceType.TROT_RACE,AUS,10.0,9.213333333333331,1.0,1.0,1.0,Menangle,0.9213333333333331,1,8.824359471258939,113.32267268315779,0.13322672683157788
160,2023-01-07,Orsetto,RaceType.HORSE_RACE,AUS,2.6,2.2156687898089173,1.0,1.0,1.0,Ipswich,0.8521803037726605,0,3.246496833,80.08632485242285,-0.19913675147577148
161,2023-01-07,Polish The Diamond,RaceType.HORSE_RACE,USA,6.0,5.622222222222223,1.0,1.0,1.0,Charles Town,0.9370370370370371,0,4.163231588260825,144.11881426241962,0.44118814262419614
162,2023-01-07,Rippin Grace,RaceType.GREYHOUND_RACE,AUS,1.95,1.8229113924050635,1.0,1.0,1.0,Cannington,0.9348263550795197,1,2.006111158,97.20298858932921,-0.02797011410670802
163,2023-01-07,Samedi,RaceType.HORSE_RACE,AUS,3.5,3.4257954545454545,1.0,1.0,1.0,Werribee,0.9787987012987013,0,3.6,97.22222222222221,-0.02777777777777779
164,2023-01-07,Sargent Kobe,RaceType.HORSE_RACE,USA,10.0,9.409302325581397,1.0,1.0,1.0,Charles Town,0.9409302325581397,0,8.230863401260812,121.49393705729814,0.2149393705729813
165,2023-01-07,Scotty Silver,RaceType.HORSE_RACE,USA,10.0,9.166666666666668,1.0,1.0,1.0,Charles Town,0.9166666666666667,0,15.5,64.51612903225806,-0.3548387096774195
166,2023-01-07,Scruffy Doolan,RaceType.TROT_RACE,AUS,4.2,3.905844155844156,1.0,1.0,1.0,Albion Park,0.9299628942486086,0,3.4283557585654494,122.50770619433717,0.22507706194337174
167,2023-01-07,Sebon Toe Less,RaceType.GREYHOUND_RACE,AUS,3.9,3.67625,1.0,1.0,1.0,Angle Park,0.9426282051282051,0,3.639197794738812,107.16647514015945,0.07166475140159434
168,2023-01-07,Secret War,RaceType.HORSE_RACE,AUS,3.2,3.1325783972125434,1.0,1.0,1.0,Gawler,0.9789307491289198,1,2.8977131005554195,110.43191264817209,0.10431912648172093
169,2023-01-07,Shesa Pocketrocket,RaceType.TROT_RACE,AUS,10.0,8.453333333333333,1.0,1.0,1.0,Albion Park,0.8453333333333333,0,10.0,100.0,0.0
170,2023-01-07,Sir Lucas,RaceType.TROT_RACE,AUS,5.0,4.7,1.0,1.0,1.0,Globe Derby,0.9400000000000001,0,5.855983295886543,85.3827572136721,-0.146172427863279
171,2023-01-07,Smokin Lady,RaceType.HORSE_RACE,USA,5.5,5.366666666666667,1.0,1.0,1.0,Charles Town,0.9757575757575758,0,6.140706033764873,89.56624807893539,-0.10433751921064616
172,2023-01-07,Streaka,RaceType.HORSE_RACE,AUS,7.5,6.906024096385542,1.0,1.0,1.0,Gold Coast,0.9208032128514055,0,6.688830746663091,112.12722049726828,0.12127220497268276
173,2023-01-07,Stryda,RaceType.HORSE_RACE,USA,1.9,1.75,1.0,1.0,1.0,Charles Town,0.9210526315789475,1,2.44,77.8688524590164,-0.2213114754098361
174,2023-01-07,Tennis Tap,RaceType.HORSE_RACE,USA,6.5,6.051428571428572,1.0,1.0,1.0,Charles Town,0.930989010989011,0,5.384864626,120.70869838799176,0.20708698387991764
175,2023-01-07,Test The Law,RaceType.HORSE_RACE,AUS,6.0,5.863253012048193,1.0,1.0,1.0,Gawler,0.9772088353413655,0,5.3413513826738575,112.33112315850724,0.12331123158507229
176,2023-01-07,Titanium Power,RaceType.HORSE_RACE,AUS,9.0,8.05858123569794,1.0,1.0,1.0,Rosehill,0.8953979150775488,1,7.459528022702289,120.65106495490663,0.20651064954906617
177,2023-01-07,Universal Playboy,RaceType.HORSE_RACE,AUS,8.0,8.329914529914529,1.0,1.0,1.0,Ascot,1.041239316239316,0,6.169393866793543,129.67238229122643,0.2967238229122644
178,2023-01-07,Western Style,RaceType.TROT_RACE,AUS,6.0,5.683582089552239,1.0,1.0,1.0,Menangle,0.9472636815920398,1,6.0,100.0,-1.1102230246251565e-16
179,2023-01-07,Wineglass Bay,RaceType.HORSE_RACE,AUS,5.5,5.353768844221106,1.0,1.0,1.0,Rosehill,0.9734125171311102,0,5.9,93.22033898305084,-0.06779661016949157
180,2023-01-07,Worx,RaceType.HORSE_RACE,AUS,6.5,6.363636363636364,1.0,1.0,1.0,Gold Coast,0.9790209790209791,0,5.8,112.0689655172414,0.12068965517241381
181,2022-12-07,Aston Georgina,RaceType.GREYHOUND_RACE,AUS,2.0,1.944,1.0,1.0,1.0,Ballarat,0.972,1,1.7897681391689737,111.74631820905256,0.11746318209052564
182,2022-12-07,Call Me Marley,RaceType.GREYHOUND_RACE,AUS,3.9,3.84375,1.0,1.0,1.0,Ballarat,0.9855769230769231,0,4.302577579711215,90.64333943425987,-0.09356660565740138
183,2022-12-07,Casrock,RaceType.HORSE_RACE,AUS,2.7,2.645,1.0,1.0,1.0,Ipswich,0.9796296296296295,0,2.3778376384094733,113.5485432809458,0.13548543280945802
184,2022-12-07,Chosen Eagle,RaceType.HORSE_RACE,AUS,7.5,7.338461538461539,1.0,1.0,1.0,Launceston,0.9784615384615385,0,8.345308272110485,89.87085623984133,-0.10129143760158665
185,2022-12-07,Comealilbitcloser,RaceType.HORSE_RACE,AUS,5.5,5.306349206349207,1.0,1.0,1.0,Ascot,0.9647907647907649,0,5.1,107.84313725490198,0.07843137254901966
186,2022-12-07,Dr Boone,RaceType.GREYHOUND_RACE,AUS,2.5,2.4646153846153847,1.0,1.0,1.0,Traralgon,0.9858461538461538,1,2.934076555708089,85.20568405539329,-0.14794315944606706
187,2022-12-07,Fabs Wasabi,RaceType.GREYHOUND_RACE,AUS,10.0,8.615384615384615,1.0,1.0,1.0,Ballarat,0.8615384615384615,0,8.4,119.04761904761905,0.19047619047619047
188,2022-12-07,Henchard,RaceType.HORSE_RACE,AUS,4.2,3.958229813664597,1.0,1.0,1.0,Ascot,0.942435669920142,1,4.29547702487651,97.77726607956298,-0.022227339204370256
189,2022-12-07,Kapanku,RaceType.HORSE_RACE,AUS,7.5,7.32843137254902,1.0,1.0,1.0,Sandown,0.977124183006536,0,7.414094837828888,101.15867363515233,0.011586736351523186
190,2022-12-07,Knights Templar,RaceType.TROT_RACE,AUS,6.0,5.529113924050633,1.0,1.0,1.0,Ballarat,0.9215189873417722,0,6.061751022203316,98.98130058497733,-0.010186994150226614
191,2022-12-07,Labby Rock,RaceType.HORSE_RACE,AUS,8.0,6.080239520958084,1.0,1.0,1.0,Launceston,0.7600299401197605,0,9.183009578761126,87.11740885583694,-0.12882591144163058
192,2022-12-07,Midnight Holly,RaceType.GREYHOUND_RACE,AUS,7.5,7.5,1.0,1.0,1.0,Townsville,1.0,0,7.4,101.35135135135134,0.013513513513513375
193,2022-12-07,Minor Ash,RaceType.GREYHOUND_RACE,AUS,2.05,2.025555555555556,1.0,1.0,1.0,Ballarat,0.9880758807588079,1,2.230642053,91.90179111179879,-0.08098208888201225
194,2022-12-07,Nick The Quick,RaceType.GREYHOUND_RACE,AUS,1.7,1.6721495327102804,1.0,1.0,1.0,Darwin,0.9836173721825179,1,1.5691491195182787,108.33897039192118,0.08338970391921191
195,2022-12-07,Punk Princess,RaceType.HORSE_RACE,AUS,5.0,4.812264150943396,1.0,1.0,1.0,Launceston,0.9624528301886792,0,3.307026464756927,151.1932260985855,0.5119322609858552
196,2022-12-07,Rocknholme,RaceType.TROT_RACE,AUS,6.0,5.85,1.0,1.0,1.0,Redcliffe,0.975,0,4.509821541,133.04295847302132,0.3304295847302131
197,2022-12-07,Stopped Short,RaceType.GREYHOUND_RACE,AUS,2.45,2.358965517241379,1.0,1.0,1.0,Ballarat,0.9628430682617873,1,2.4339909297079423,100.65772925020633,0.006577292502063292
198,2022-12-07,Susieq Shannon,RaceType.TROT_RACE,AUS,3.0,2.958823529411765,1.0,1.0,1.0,Bathurst,0.9862745098039216,0,2.963341325,101.2370723105952,0.012370723105951997
199,2022-12-07,Terryrama,RaceType.TROT_RACE,AUS,3.4,3.3063636363636366,1.0,1.0,1.0,Bathurst,0.9724598930481284,0,3.65,93.15068493150685,-0.06849315068493156
200,2022-12-07,Tommys Luck,RaceType.TROT_RACE,AUS,7.5,7.202429149797571,1.0,1.0,1.0,Bathurst,0.9603238866396762,0,7.503209175521041,99.95722929421305,-0.00042770705786943086
201,2023-01-08,Aston Chaffy,RaceType.GREYHOUND_RACE,AUS,3.7,3.512962962962963,1.0,1.0,1.0,Murray Bridge,0.9494494494494494,0,3.35,110.44776119402985,0.10447761194029848
202,2023-01-08,Better Boogie,RaceType.HORSE_RACE,USA,7.0,6.515151515151516,1.0,1.0,1.0,Charles Town,0.9307359307359307,0,6.111942072349199,114.52988129040736,0.14529881290407354
203,2023-01-08,Big Wednesday,RaceType.GREYHOUND_RACE,AUS,3.5,3.315909090909091,1.0,1.0,1.0,Albion Park,0.9474025974025974,0,3.206247003587036,109.1618953899785,0.09161895389978492
204,2023-01-08,Black Daniels,RaceType.GREYHOUND_RACE,AUS,3.7,3.475,1.0,1.0,1.0,Richmond,0.9391891891891891,0,3.5,105.71428571428572,0.05714285714285716
205,2023-01-08,Blink You Lose,RaceType.GREYHOUND_RACE,AUS,6.0,5.67,1.0,1.0,1.0,Grafton,0.945,0,6.358182343773914,94.36659214209774,-0.05633407857902262
206,2023-01-08,Christines Cosmo,RaceType.HORSE_RACE,USA,10.0,9.25,1.0,1.0,1.0,Charles Town,0.925,0,10.707959414,93.38847499669838,-0.06611525003301633
207,2023-01-08,Deal An Ace,RaceType.HORSE_RACE,AUS,10.0,8.058823529411764,1.0,1.0,1.0,Sunshine Coast,0.8058823529411765,0,6.318288654762672,158.270705034378,0.58270705034378
208,2023-01-08,Elected,RaceType.HORSE_RACE,AUS,7.0,6.627272727272727,1.0,1.0,1.0,Sunshine Coast,0.9467532467532467,1,6.186643037160608,113.14698388049695,0.13146983880496954
209,2023-01-08,Emerald Ability,RaceType.GREYHOUND_RACE,AUS,10.0,9.16,1.0,1.0,1.0,Albion Park,0.916,1,12.5,80.0,-0.20000000000000007
210,2023-01-08,Jungle Beast,RaceType.HORSE_RACE,USA,1.9,1.5,1.0,1.0,1.0,Charles Town,0.7894736842105263,0,1.57,121.01910828025477,0.2101910828025476
211,2023-01-08,Lifes A Vision,RaceType.GREYHOUND_RACE,AUS,8.0,7.5875,1.0,1.0,1.0,Albion Park,0.9484375,0,6.2,129.03225806451613,0.29032258064516114
212,2023-01-08,Miss Corey,RaceType.HORSE_RACE,USA,4.8,4.5312056737588655,1.0,1.0,1.0,Charles Town,0.944001182033097,0,4.747838979,101.09862658002329,0.010986265800232875
213,2023-01-08,Miss Wave,RaceType.HORSE_RACE,USA,6.5,6.08,1.0,1.0,1.0,Charles Town,0.9353846153846154,0,7.689697042477782,84.52868772454998,-0.15471312275450022
214,2023-01-08,Myka,RaceType.GREYHOUND_RACE,AUS,3.5,3.08,1.0,1.0,1.0,Capalaba,0.88,0,3.078838718,113.67922520714512,0.13679225207145118
215,2023-01-08,Ocean Lilly,RaceType.HORSE_RACE,USA,8.0,5.571428571428571,1.0,1.0,1.0,Charles Town,0.6964285714285714,0,8.393170307,95.31559240884113,-0.04684407591158868
216,2023-01-08,Off The Radar,RaceType.GREYHOUND_RACE,AUS,2.4,2.225774647887324,1.0,1.0,1.0,Bendigo,0.9274061032863851,0,2.1011575702028966,114.22275197420086,0.14222751974200865
217,2023-01-08,Orara Dan,RaceType.GREYHOUND_RACE,AUS,4.8,4.55,1.0,1.0,1.0,Grafton,0.9479166666666666,0,4.163268231677359,115.29403662915338,0.15294036629153374
218,2023-01-08,Ready For Better,RaceType.HORSE_RACE,AUS,4.4,4.170588235294118,1.0,1.0,1.0,Sunshine Coast,0.9478609625668449,0,4.06825658,108.15443700456082,0.0815443700456081
219,2023-01-08,Roxy Eggnog,RaceType.GREYHOUND_RACE,AUS,10.0,9.478571428571428,1.0,1.0,1.0,Bendigo,0.9478571428571427,0,9.84336707457405,101.5912535237108,0.015912535237108116
220,2023-01-08,Ryley Major,RaceType.TROT_RACE,AUS,10.0,9.465957446808511,1.0,1.0,1.0,Hobart,0.9465957446808512,0,9.955968258627692,100.44226478257552,0.004422647825755299
221,2023-01-08,Showdown,RaceType.GREYHOUND_RACE,AUS,9.0,8.37142857142857,1.0,1.0,1.0,Grafton,0.93015873015873,0,13.5,66.66666666666666,-0.33333333333333337
222,2023-01-08,The Rooster,RaceType.HORSE_RACE,AUS,5.0,4.683333333333334,1.0,1.0,1.0,Mornington,0.9366666666666668,0,3.532391313,141.54717178696674,0.4154717178696674
223,2023-01-08,Thunderinreadyrick,RaceType.HORSE_RACE,USA,3.9,3.625,1.0,1.0,1.0,Charles Town,0.9294871794871795,0,4.254650492405633,91.66440362049318,-0.08335596379506827
224,2023-01-08,Tranquil Bay,RaceType.HORSE_RACE,AUS,4.8,4.529090909090909,1.0,1.0,1.0,Sunshine Coast,0.9435606060606061,0,5.751694426238244,83.4536685068529,-0.16546331493147093
225,2023-01-08,Trianon,RaceType.HORSE_RACE,AUS,7.5,6.233333333333333,1.0,1.0,1.0,Nowra,0.8311111111111111,0,10.0,75.0,-0.25
226,2023-01-08,Waikarie Peg,RaceType.GREYHOUND_RACE,AUS,5.5,5.174418604651162,1.0,1.0,1.0,Albion Park,0.9408033826638477,1,4.890485915411848,112.46326224286494,0.12463262242864936
227,2023-01-08,Warrioress,RaceType.HORSE_RACE,AUS,1.65,1.466896551724138,1.0,1.0,1.0,Sunshine Coast,0.8890282131661442,1,1.797492638691637,91.79453448004136,-0.08205465519958649
228,2023-01-08,Wildash Venus,RaceType.GREYHOUND_RACE,AUS,10.0,9.36842105263158,1.0,1.0,1.0,Albion Park,0.936842105263158,0,8.4,119.04761904761905,0.19047619047619047
229,2023-01-08,Wow Hows That,RaceType.GREYHOUND_RACE,AUS,7.5,7.05,1.0,1.0,1.0,Bendigo,0.94,0,7.0,107.14285714285714,0.07142857142857129
230,2022-12-08,After Hours,RaceType.GREYHOUND_RACE,AUS,3.0,2.9366666666666665,1.0,1.0,1.0,Warragul,0.9788888888888888,1,2.877483888190636,104.25775144431486,0.04257751444314861
231,2022-12-08,Aikhal,RaceType.HORSE_RACE,AUS,8.0,7.616666666666666,1.0,1.0,1.0,Warrnambool,0.9520833333333333,0,9.789760394601036,81.71803678067471,-0.18281963219325292
232,2022-12-08,Ausvardia,RaceType.HORSE_RACE,AUS,7.5,7.266666666666667,1.0,1.0,1.0,Warrnambool,0.9688888888888889,0,7.6,98.6842105263158,-0.013157894736842146
233,2022-12-08,Behind Greywalls,RaceType.GREYHOUND_RACE,AUS,5.5,5.090909090909091,1.0,1.0,1.0,Warragul,0.9256198347107438,0,5.973436803386358,92.07429794656963,-0.07925702053430361
234,2022-12-08,Block Busted,RaceType.GREYHOUND_RACE,AUS,2.8,2.7586363636363638,1.0,1.0,1.0,Warragul,0.9852272727272728,0,2.76064884669562,101.42543132030288,0.014254313203028945
235,2022-12-08,Boomsong,RaceType.HORSE_RACE,AUS,3.1,2.915959595959596,1.0,1.0,1.0,Wyong,0.9406321277289018,0,3.244115726153322,95.55762684445891,-0.044423731555410906
236,2022-12-08,Crooked Fellow,RaceType.HORSE_RACE,USA,5.5,5.213559322033898,1.0,1.0,1.0,Remington Park,0.947919876733436,1,5.055866283511277,108.78452260371638,0.08784522603716383
237,2022-12-08,Dembe,RaceType.GREYHOUND_RACE,AUS,10.0,10.030303030303031,1.0,1.0,1.0,Addington,1.0030303030303032,0,7.660836875499224,130.53404167868203,0.30534041678682033
238,2022-12-08,Francine,RaceType.HORSE_RACE,AUS,10.0,9.705263157894738,1.0,1.0,1.0,Warrnambool,0.9705263157894738,0,6.4,156.25,0.5625
239,2022-12-08,Goldstar Linda,RaceType.GREYHOUND_RACE,AUS,2.45,2.401302931596091,1.0,1.0,1.0,Addington,0.9801236455494249,0,3.698325689233462,66.24619370685556,-0.3375380629314444
240,2022-12-08,Kazio,RaceType.HORSE_RACE,AUS,10.0,9.64,1.0,1.0,1.0,Warrnambool,0.9640000000000001,0,7.425795421,134.6657082919387,0.3466570829193869
241,2022-12-08,Keayang Sponge Bob,RaceType.TROT_RACE,AUS,2.4,2.0727272727272728,1.0,1.0,1.0,Redcliffe,0.8636363636363636,0,2.145583442,111.85768649308956,0.11857686493089548
242,2022-12-08,Loves To Talk,RaceType.GREYHOUND_RACE,AUS,10.0,9.484615384615385,1.0,1.0,1.0,Gunnedah,0.9484615384615385,0,8.6,116.27906976744187,0.16279069767441867
243,2022-12-08,Lumin,RaceType.HORSE_RACE,AUS,10.0,9.68,1.0,1.0,1.0,Warrnambool,0.968,0,14.5,68.96551724137932,-0.31034482758620685
244,2022-12-08,Maxima,RaceType.GREYHOUND_RACE,AUS,10.0,9.433333333333334,1.0,1.0,1.0,Addington,0.9433333333333334,0,8.940850447,111.84618352894367,0.11846183528943666
245,2022-12-08,Midas Prince,RaceType.HORSE_RACE,AUS,5.5,5.66875,1.0,1.0,1.0,Warrnambool,1.0306818181818183,0,5.0457966,109.0016192884192,0.09001619288419194
246,2022-12-08,Mistys Fool,RaceType.HORSE_RACE,USA,5.5,4.845454545454546,1.0,1.0,1.0,Remington Park,0.8809917355371901,0,3.9,141.02564102564102,0.41025641025641035
247,2022-12-08,Musical Millie,RaceType.HORSE_RACE,USA,5.5,5.5,1.0,1.0,1.0,Remington Park,1.0,0,3.983350918858196,138.07470423862486,0.38074704238624846
248,2022-12-08,Mustangmagna,RaceType.HORSE_RACE,USA,6.5,6.2,1.0,1.0,1.0,Remington Park,0.9538461538461539,0,5.946302478702856,109.3116272386118,0.09311627238611808
249,2022-12-08,Opawa Kyle,RaceType.GREYHOUND_RACE,AUS,5.5,5.18,1.0,1.0,1.0,Addington,0.9418181818181818,1,5.452516000729894,100.87086400596989,0.008708640059698958
250,2022-12-08,Playing It Safe,RaceType.HORSE_RACE,AUS,8.0,7.770588235294118,1.0,1.0,1.0,Warrnambool,0.9713235294117647,0,7.611422618556535,105.10518730750962,0.05105187307509618
251,2022-12-08,Quick Entry,RaceType.HORSE_RACE,USA,5.0,4.714285714285714,1.0,1.0,1.0,Mountaineer Park,0.9428571428571428,0,5.6,89.28571428571429,-0.1071428571428571
252,2022-12-08,Red October,RaceType.HORSE_RACE,USA,4.4,4.25,1.0,1.0,1.0,Delta Downs,0.9659090909090908,0,3.881812272,113.34911870256461,0.1334911870256461
253,2022-12-08,Sassolino,RaceType.HORSE_RACE,AUS,4.6,4.493142857142857,1.0,1.0,1.0,Warrnambool,0.9767701863354038,1,5.0,92.0,-0.08000000000000007
254,2022-12-08,Schnoots,RaceType.HORSE_RACE,AUS,3.1,3.037381329113924,1.0,1.0,1.0,Geraldton,0.979800428746427,0,3.0015169856695465,103.28110801306975,0.032811080130697556
255,2022-12-08,Silverscape,RaceType.HORSE_RACE,USA,4.0,3.8289473684210527,1.0,1.0,1.0,Remington Park,0.9572368421052632,0,3.963142061535181,100.9300180990873,0.009300180990873042
256,2022-12-08,Sir Smitty,RaceType.HORSE_RACE,AUS,6.0,5.665909090909091,1.0,1.0,1.0,Wyong,0.9443181818181818,0,5.7,105.26315789473684,0.05263157894736836
257,2022-12-08,Spitfire,RaceType.HORSE_RACE,AUS,2.45,2.38576923076923,1.0,1.0,1.0,Wyong,0.9737833594976449,0,2.54,96.45669291338584,-0.03543307086614178
258,2022-12-08,Squillions,RaceType.HORSE_RACE,USA,3.2,3.072,1.0,1.0,1.0,Remington Park,0.96,1,3.5341517818963624,90.54506420442807,-0.09454935795571928
259,2022-12-08,Tipple Valley,RaceType.GREYHOUND_RACE,AUS,2.9,2.812,1.0,1.0,1.0,Casino,0.9696551724137931,0,3.4839335767641746,83.23924483926231,-0.16760755160737695
260,2022-12-08,Toffee Street,RaceType.HORSE_RACE,AUS,3.5,3.3963414634146343,1.0,1.0,1.0,Warrnambool,0.9703832752613241,0,3.276481835405211,106.82189543001527,0.06821895430015279
261,2022-12-08,Wiradjuri Queen,RaceType.GREYHOUND_RACE,AUS,3.7,3.641071428571428,1.0,1.0,1.0,Gunnedah,0.9840733590733588,0,4.499819536,82.22551972137578,-0.17774480278624227
262,2023-01-09,All Beans,RaceType.HORSE_RACE,AUS,10.0,9.44,1.0,1.0,1.0,Taree,0.944,0,6.484033551708562,154.22498850834864,0.5422498850834865
263,2023-01-09,Aston Delight,RaceType.GREYHOUND_RACE,AUS,4.2,3.911111111111112,1.0,1.0,1.0,Ballarat,0.9312169312169314,0,3.943310495448968,106.50949259124486,0.06509492591244881
264,2023-01-09,Blazing Tokyo,RaceType.GREYHOUND_RACE,AUS,2.3,2.152142857142857,1.0,1.0,1.0,Nowra,0.9357142857142858,1,2.2183112015209727,103.68247694115314,0.036824769411531455
265,2023-01-09,Chappys Girl,RaceType.GREYHOUND_RACE,AUS,2.5,2.368888888888889,1.0,1.0,1.0,Ballarat,0.9475555555555555,0,2.229874128879564,112.11395152856296,0.1211395152856296
266,2023-01-09,Charlie Brother,RaceType.GREYHOUND_RACE,AUS,6.0,5.65,1.0,1.0,1.0,Angle Park,0.9416666666666668,0,7.8,76.92307692307693,-0.23076923076923073
267,2023-01-09,Cyberpunk Wave,RaceType.GREYHOUND_RACE,AUS,3.0,2.841875,1.0,1.0,1.0,Richmond,0.9472916666666666,0,2.6204208078254663,114.48542886856117,0.14485428868561157
268,2023-01-09,Cynic,RaceType.HORSE_RACE,AUS,10.0,9.434782608695652,1.0,1.0,1.0,Taree,0.9434782608695652,0,8.33013370235669,120.04609238349782,0.20046092383497816
269,2023-01-09,El Awoman,RaceType.TROT_RACE,AUS,4.6,4.366666666666666,1.0,1.0,1.0,Globe Derby,0.9492753623188406,0,4.864268013863477,94.5671576255606,-0.05432842374439406
270,2023-01-09,El Bromista,RaceType.HORSE_RACE,USA,6.0,4.5,1.0,1.0,1.0,Golden Gate Fields,0.75,0,5.2,115.38461538461537,0.15384615384615374
271,2023-01-09,Empire Rolls On,RaceType.GREYHOUND_RACE,AUS,8.5,7.677777777777778,1.0,1.0,1.0,Ipswich,0.9032679738562092,0,8.931725620569193,95.16638061994475,-0.04833619380055254
272,2023-01-09,Exit Sign,RaceType.GREYHOUND_RACE,AUS,8.0,7.45,1.0,1.0,1.0,Ballarat,0.93125,1,9.106367390875526,87.85061766798368,-0.12149382332016312
273,2023-01-09,Freskos Art,RaceType.TROT_RACE,AUS,1.35,1.28,1.0,1.0,1.0,Wagga,0.9481481481481481,1,1.41,95.74468085106385,-0.0425531914893616
274,2023-01-09,Gai Water Star,RaceType.GREYHOUND_RACE,AUS,4.2,3.965,1.0,1.0,1.0,Traralgon,0.944047619047619,0,3.9,107.69230769230771,0.0769230769230771
275,2023-01-09,Glitter Strip,RaceType.TROT_RACE,AUS,10.0,9.15,1.0,1.0,1.0,Wagga,0.915,0,13.119558728,76.22207581309742,-0.23777924186902588
276,2023-01-09,Guy Looks Good,RaceType.TROT_RACE,AUS,4.8,4.550000000000001,1.0,1.0,1.0,Wagga,0.9479166666666669,1,4.792227623224026,100.16218713690283,0.0016218713690283604
277,2023-01-09,Halloween,RaceType.TROT_RACE,AUS,10.0,8.836363636363638,1.0,1.0,1.0,Wagga,0.8836363636363638,0,6.056241548209508,165.11890948201102,0.6511890948201103
278,2023-01-09,Hilltop Surfer,RaceType.TROT_RACE,AUS,1.75,1.612705314009662,1.0,1.0,1.0,Globe Derby,0.9215458937198069,1,1.815018644113952,96.41774235626696,-0.035822576437330444
279,2023-01-09,Hot Sky,RaceType.GREYHOUND_RACE,AUS,2.25,2.133636363636364,1.0,1.0,1.0,Angle Park,0.9482828282828285,0,1.86,120.96774193548387,0.20967741935483863
280,2023-01-09,Ima Workinclassman,RaceType.TROT_RACE,AUS,6.0,5.6000000000000005,1.0,1.0,1.0,Globe Derby,0.9333333333333335,0,7.4,81.08108108108108,-0.18918918918918937
281,2023-01-09,Ivanka Tea,RaceType.GREYHOUND_RACE,AUS,8.0,7.4222222222222225,1.0,1.0,1.0,Shepparton,0.9277777777777778,1,8.519191156669983,93.90562851423412,-0.060943714857658704
282,2023-01-09,Know Intent,RaceType.GREYHOUND_RACE,AUS,2.05,1.880555555555556,1.0,1.0,1.0,Addington,0.9173441734417347,1,2.3046285626081597,88.95142728249469,-0.11048572717505312
283,2023-01-09,Latrell,RaceType.GREYHOUND_RACE,AUS,2.2,2.083870967741936,1.0,1.0,1.0,Albion Park,0.9472140762463345,0,2.300784519567096,95.61955851536852,-0.0438044148463147
284,2023-01-09,Market Scooby,RaceType.GREYHOUND_RACE,AUS,4.2,3.75,1.0,1.0,1.0,Shepparton,0.8928571428571428,0,3.0678906657840344,136.9018800716173,0.36901880071617277
285,2023-01-09,Mr Fitty,RaceType.GREYHOUND_RACE,AUS,7.0,6.641860465116279,1.0,1.0,1.0,Ballarat,0.9488372093023256,0,7.4,94.5945945945946,-0.05405405405405417
286,2023-01-09,Perfect Skipper,RaceType.GREYHOUND_RACE,AUS,4.2,3.96,1.0,1.0,1.0,Ipswich,0.9428571428571428,0,4.3,97.67441860465117,-0.023255813953488413
287,2023-01-09,Rebels Spark,RaceType.GREYHOUND_RACE,AUS,4.6,4.2625,1.0,1.0,1.0,Warrnambool,0.9266304347826088,0,5.276385682614782,87.18089003911498,-0.1281910996088501
288,2023-01-09,Rinnero,RaceType.HORSE_RACE,AUS,8.0,7.545664739884393,1.0,1.0,1.0,Taree,0.9432080924855492,0,7.156323682777293,111.78924199939605,0.1178924199939606
289,2023-01-09,Rocknroll Yankee,RaceType.TROT_RACE,AUS,5.0,4.7,1.0,1.0,1.0,Globe Derby,0.9400000000000001,0,15.160034177319062,32.981455988275435,-0.6701854401172456
290,2023-01-09,Rodeo Legend,RaceType.HORSE_RACE,AUS,10.0,9.457142857142856,1.0,1.0,1.0,Taree,0.9457142857142855,0,8.93290885,111.94561780399226,0.11945617803992248
291,2023-01-09,Roll Along Jane,RaceType.TROT_RACE,AUS,5.5,5.219672131147541,1.0,1.0,1.0,Wagga,0.9490312965722801,0,5.254681635332525,104.66856760679757,0.04668567606797569
292,2023-01-09,Shady Jess,RaceType.TROT_RACE,AUS,3.7,3.428571428571429,1.0,1.0,1.0,Wagga,0.9266409266409267,0,3.18597993,116.13381381219186,0.16133813812191866
293,2023-01-09,Spearhead,RaceType.TROT_RACE,AUS,7.5,7.066666666666666,1.0,1.0,1.0,Globe Derby,0.9422222222222222,0,6.548025655218661,114.53834170644448,0.1453834170644448
294,2023-01-09,Tin Lizzy,RaceType.GREYHOUND_RACE,AUS,3.6,3.389772727272727,1.0,1.0,1.0,Addington,0.9416035353535352,1,4.4,81.81818181818181,-0.18181818181818177
295,2023-01-09,Trigger,RaceType.TROT_RACE,AUS,6.5,6.08,1.0,1.0,1.0,Globe Derby,0.9353846153846154,0,26.27486042283475,24.73847584876619,-0.7526152415123382
296,2023-01-10,Alta Queen,RaceType.TROT_RACE,AUS,3.4,2.63,1.0,1.0,1.0,Gloucester Park,0.7735294117647059,0,3.631684639,93.62046372330954,-0.06379536276690467
297,2023-01-10,American Mandy,RaceType.TROT_RACE,AUS,3.3,3.056666666666666,1.0,1.0,1.0,Tamworth,0.9262626262626261,0,3.4767695224646014,94.91569627142573,-0.0508430372857428
298,2023-01-10,Big Ram,RaceType.GREYHOUND_RACE,AUS,10.0,9.257142857142858,1.0,1.0,1.0,Townsville,0.9257142857142858,0,6.537601223570745,152.96130274734227,0.5296130274734229
299,2023-01-10,Blue Rex,RaceType.GREYHOUND_RACE,AUS,2.05,1.934,1.0,1.0,1.0,Ipswich,0.9434146341463415,1,2.1545634801345117,95.14688329684378,-0.048531167031562183
300,2023-01-10,Bonnie Rico,RaceType.GREYHOUND_RACE,AUS,1.85,1.7227272727272729,1.0,1.0,1.0,Ipswich,0.9312039312039312,0,2.020559852308343,91.55878247736682,-0.08441217522633182
301,2023-01-10,Cheetah Lodge,RaceType.TROT_RACE,AUS,5.5,4.687096774193548,1.0,1.0,1.0,Albion Park,0.8521994134897359,0,4.913089610872339,111.94585150307188,0.11945851503071869
302,2023-01-10,Coco Beach,RaceType.TROT_RACE,AUS,5.0,4.666666666666667,1.0,1.0,1.0,Mildura,0.9333333333333333,1,3.933765669566056,127.10467323163057,0.2710467323163057
303,2023-01-10,Cool Sita,RaceType.TROT_RACE,AUS,2.6,1.6776940133037692,1.0,1.0,1.0,Mildura,0.6452669281937574,0,3.1792437561451377,81.7804547063898,-0.18219545293610218
304,2023-01-10,Crimosa,RaceType.HORSE_RACE,AUS,4.2,3.928225806451613,1.0,1.0,1.0,Albury,0.9352918586789554,0,4.435161927541339,94.69778259772124,-0.05302217402278753
305,2023-01-10,Dont Need Bling,RaceType.TROT_RACE,AUS,8.5,8.0,1.0,1.0,1.0,Menangle,0.9411764705882353,0,8.135780202117747,104.47676545867654,0.04476765458676568
306,2023-01-10,Eagle Uno,RaceType.TROT_RACE,AUS,5.0,4.677777777777778,1.0,1.0,1.0,Tamworth,0.9355555555555556,0,4.218314651,118.53075016143455,0.1853075016143455
307,2023-01-10,Elite Choice,RaceType.GREYHOUND_RACE,AUS,4.6,4.368421052631579,1.0,1.0,1.0,Gosford,0.9496567505720824,0,3.970196423422295,115.86328507229918,0.15863285072299171
308,2023-01-10,Fend Them Off,RaceType.GREYHOUND_RACE,AUS,7.0,6.566666666666667,1.0,1.0,1.0,Horsham,0.9380952380952382,0,4.244495509480037,164.91948181746386,0.6491948181746385
309,2023-01-10,Five Ounce,RaceType.HORSE_RACE,AUS,7.5,7.12,1.0,1.0,1.0,Yarra Valley,0.9493333333333334,0,6.498719657683177,115.40734783247729,0.15407347832477258
310,2023-01-10,Grannys Poor,RaceType.GREYHOUND_RACE,AUS,7.5,6.957505773672056,1.0,1.0,1.0,Warragul,0.9276674364896074,0,7.6,98.6842105263158,-0.013157894736842146
311,2023-01-10,Heza Western,RaceType.TROT_RACE,AUS,4.2,3.968,1.0,1.0,1.0,Mildura,0.9447619047619047,1,2.62,160.3053435114504,0.6030534351145038
312,2023-01-10,Idle Fancy,RaceType.HORSE_RACE,AUS,7.5,6.652772466539196,1.0,1.0,1.0,Albury,0.8870363288718929,1,7.6,98.6842105263158,-0.013157894736842146
313,2023-01-10,Indy Korie,RaceType.GREYHOUND_RACE,AUS,8.5,8.0375,1.0,1.0,1.0,Horsham,0.9455882352941176,1,6.2,137.09677419354838,0.3709677419354839
314,2023-01-10,Isa Belle,RaceType.GREYHOUND_RACE,AUS,5.0,4.7444444444444445,1.0,1.0,1.0,Townsville,0.9488888888888889,0,4.3151224715405245,115.87156640342053,0.15871566403420534
315,2023-01-10,Jamie Tartt,RaceType.GREYHOUND_RACE,AUS,9.0,8.4,1.0,1.0,1.0,Ipswich,0.9333333333333333,0,10.0,90.0,-0.09999999999999998
316,2023-01-10,Kaseys Money,RaceType.GREYHOUND_RACE,AUS,2.1,1.9755555555555555,1.0,1.0,1.0,Ipswich,0.9407407407407407,1,1.904059278,110.29068392270926,0.10290683922709254
317,2023-01-10,Louisiana Freedom,RaceType.TROT_RACE,AUS,9.0,8.416666666666666,1.0,1.0,1.0,Menangle,0.9351851851851851,0,11.0,81.81818181818183,-0.18181818181818177
318,2023-01-10,Mac Stubborn,RaceType.TROT_RACE,AUS,6.5,6.072881355932204,1.0,1.0,1.0,Tamworth,0.9342894393741853,0,5.1,127.45098039215688,0.27450980392156876
319,2023-01-10,Major Mischief,RaceType.TROT_RACE,AUS,6.0,5.543478260869565,1.0,1.0,1.0,Albion Park,0.9239130434782609,0,4.90257717982186,122.38461078583197,0.2238461078583197
320,2023-01-10,Maximum Brooke,RaceType.GREYHOUND_RACE,AUS,6.5,6.173913043478261,1.0,1.0,1.0,Horsham,0.9498327759197325,1,6.362214071665367,102.16569148385423,0.021656914838542485
321,2023-01-10,Mister Woodport,RaceType.TROT_RACE,AUS,4.2,3.959375,1.0,1.0,1.0,Albion Park,0.9427083333333333,0,3.648089798294603,115.12874496574625,0.15128744965746255
322,2023-01-10,Moreartsthanclass,RaceType.TROT_RACE,AUS,10.0,9.428571428571429,1.0,1.0,1.0,Mildura,0.9428571428571428,0,8.61831111927831,116.03201441209275,0.16032014412092743
323,2023-01-10,Nitro Harvey,RaceType.GREYHOUND_RACE,AUS,2.4,2.279285714285714,1.0,1.0,1.0,Launceston,0.9497023809523808,1,2.574676412,93.21559745582506,-0.06784402544174939
324,2023-01-10,Notorious Diesel,RaceType.GREYHOUND_RACE,AUS,1.9,1.7746666666666666,1.0,1.0,1.0,Geelong,0.9340350877192982,0,1.6,118.74999999999997,0.1875
325,2023-01-10,Parallel,RaceType.TROT_RACE,AUS,2.1,1.9194029850746268,1.0,1.0,1.0,Menangle,0.914001421464108,0,2.3664536342129576,88.74038221747897,-0.11259617782521036
326,2023-01-10,Petina,RaceType.GREYHOUND_RACE,AUS,10.0,9.2,1.0,1.0,1.0,Murray Bridge,0.9199999999999999,0,8.649611757163111,115.61212550052984,0.1561212550052984
327,2023-01-10,Princess Damiro,RaceType.GREYHOUND_RACE,AUS,2.6,2.469767441860465,1.0,1.0,1.0,Ipswich,0.9499105545617174,0,2.08,125.0,0.2499999999999999
328,2023-01-10,Rage Quit,RaceType.GREYHOUND_RACE,AUS,4.6,4.359999999999999,1.0,1.0,1.0,Murray Bridge,0.9478260869565217,1,4.165702968412807,110.42554005603202,0.10425540056032034
329,2023-01-10,Raw Honey,RaceType.GREYHOUND_RACE,AUS,2.15,2.0145945945945947,1.0,1.0,1.0,Grafton,0.9370207416719045,0,2.258049425800418,95.21492202226189,-0.04785077977738128
330,2023-01-10,Semi Precious,RaceType.GREYHOUND_RACE,AUS,10.0,9.212,1.0,1.0,1.0,Launceston,0.9212,0,10.176618100292208,98.26447157050006,-0.01735528429499933
331,2023-01-10,Sheza Tigeress,RaceType.TROT_RACE,AUS,10.0,9.085106382978724,1.0,1.0,1.0,Tamworth,0.9085106382978724,0,4.136155093,241.77043111666507,1.4177043111666505
332,2023-01-10,Soleil,RaceType.GREYHOUND_RACE,AUS,3.9,3.658536585365854,1.0,1.0,1.0,Addington,0.9380863039399625,0,9.101781308493807,42.8487552910166,-0.571512447089834
333,2023-01-10,Son Of Bielski,RaceType.HORSE_RACE,AUS,8.5,7.942857142857143,1.0,1.0,1.0,Yarra Valley,0.934453781512605,0,12.042184049,70.58520252981727,-0.2941479747018273
334,2023-01-10,Sporting Tristar,RaceType.TROT_RACE,AUS,10.0,9.385714285714284,1.0,1.0,1.0,Tamworth,0.9385714285714284,1,9.2,108.69565217391306,0.0869565217391306
335,2023-01-10,The Last Drop,RaceType.TROT_RACE,AUS,5.0,4.659999999999999,1.0,1.0,1.0,Gloucester Park,0.9319999999999998,0,5.233603836,95.53646314623344,-0.04463536853766559
336,2023-01-10,Trixie Kade,RaceType.GREYHOUND_RACE,AUS,1.5,1.4157142857142857,1.0,1.0,1.0,Temora,0.9438095238095238,1,1.3966219054675,107.40201010221844,0.07402010102218437
337,2023-01-10,Turin,RaceType.HORSE_RACE,AUS,4.6,4.138325991189428,1.0,1.0,1.0,Yarra Valley,0.8996360850411801,0,3.810750567151645,120.71112813448406,0.20711128134484058
338,2023-01-10,Valentines Brook,RaceType.TROT_RACE,AUS,1.85,1.7555555555555555,1.0,1.0,1.0,Gloucester Park,0.9489489489489489,1,1.7953013041663324,103.04676968187619,0.030467696818762047
339,2023-01-11,Big Time Lotus,RaceType.GREYHOUND_RACE,AUS,8.0,7.458823529411765,1.2,1.0,1.0,Manawatu,0.9323529411764706,1,6.350449652249808,125.97533148169747,0.2597533148169746
340,2023-01-11,Budding Caesar,RaceType.TROT_RACE,AUS,8.0,7.35,1.2,1.0,1.0,Bathurst,0.91875,0,8.2,97.56097560975611,-0.024390243902438935
341,2023-01-11,Burnt Jam,RaceType.GREYHOUND_RACE,AUS,5.5,5.022222222222222,1.8,1.0,1.0,Albion Park,0.9131313131313131,0,6.6,83.33333333333334,-0.16666666666666663
342,2023-01-11,Copacabana,RaceType.TROT_RACE,AUS,4.4,3.8689655172413793,2.3,1.0,1.0,Geelong,0.8793103448275861,0,5.538078400754658,79.44994060395433,-0.20550059396045672
343,2023-01-11,Dirty Grin,RaceType.HORSE_RACE,AUS,10.0,8.55,1.0,1.0,1.0,Sandown,0.8550000000000001,0,11.227546205426478,89.06665639164164,-0.10933343608358381
344,2023-01-11,Don Boston,RaceType.TROT_RACE,AUS,5.0,4.544859813084112,2.0,1.0,1.0,Bathurst,0.9089719626168223,0,4.226508415247663,118.30095929684816,0.18300959296848163
345,2023-01-11,Dots Redeemer,RaceType.GREYHOUND_RACE,AUS,4.4,4.136,2.3,1.0,1.0,Ballarat,0.94,1,5.16912147787094,85.12084730135369,-0.14879152698646303
346,2023-01-11,Ee Jay Why,RaceType.TROT_RACE,AUS,6.0,5.125,1.7,1.0,1.0,Pinjarra,0.8541666666666666,0,7.897808621409057,75.97044050593281,-0.24029559494067187
347,2023-01-11,Galena Lad,RaceType.GREYHOUND_RACE,AUS,3.6,3.3521739130434782,2.8,1.0,1.0,Gawler,0.931159420289855,0,3.4,105.88235294117648,0.05882352941176483
348,2023-01-11,Game One,RaceType.GREYHOUND_RACE,AUS,9.0,8.333333333333332,1.1,1.0,1.0,Albion Park,0.9259259259259258,1,8.2,109.75609756097562,0.09756097560975618
349,2023-01-11,Girl,RaceType.HORSE_RACE,AUS,8.0,7.113364055299539,1.2,1.0,1.0,Sandown,0.8891705069124424,0,7.295278014385113,109.65997435910309,0.09659974359103085
350,2023-01-11,Good Luck Bob,RaceType.HORSE_RACE,AUS,4.4,4.120689655172414,2.3,1.0,1.0,Devonport,0.9365203761755485,0,4.85495024754724,90.62914706948678,-0.0937085293051323
351,2023-01-11,Green Can Lad,RaceType.GREYHOUND_RACE,AUS,10.0,9.385714285714284,1.0,1.0,1.0,Traralgon,0.9385714285714284,0,14.106362279132004,70.88999844271207,-0.29110001557287934
352,2023-01-11,Has The Look,RaceType.HORSE_RACE,AUS,5.5,5.1571428571428575,1.0,1.0,1.0,Devonport,0.9376623376623378,0,4.2,130.95238095238096,0.30952380952380953
353,2023-01-11,Heavens Baby,RaceType.TROT_RACE,AUS,7.0,5.05,1.4,1.0,1.0,Redcliffe,0.7214285714285714,0,5.324208379708852,131.4749442692321,0.3147494426923212
354,2023-01-11,Heza Galvinator,RaceType.TROT_RACE,AUS,10.0,9.288888888888888,1.0,1.0,1.0,Redcliffe,0.9288888888888888,0,9.809142136,101.94571412416936,0.01945714124169351
355,2023-01-11,Kanji Uganda,RaceType.GREYHOUND_RACE,AUS,3.4,3.04375,2.9,1.0,1.0,Ballarat,0.8952205882352942,1,2.829588991,120.15879376171914,0.20158793761719151
356,2023-01-11,Lalaguna,RaceType.HORSE_RACE,AUS,5.5,5.103956834532374,1.8,1.0,1.0,Warwick Farm,0.927992151733159,0,5.536563489372204,99.33959956492163,-0.0066040043507836765
357,2023-01-11,Lara Tiara,RaceType.TROT_RACE,AUS,6.5,5.941304347826087,1.5,1.0,1.0,Bathurst,0.9140468227424748,0,5.931935286,109.57638083713917,0.09576380837139165
358,2023-01-11,Major Ando,RaceType.GREYHOUND_RACE,AUS,2.6,2.4433333333333334,3.8,1.0,1.0,Richmond,0.9397435897435897,0,3.150775662,82.51936281460334,-0.17480637185396664
359,2023-01-11,Major Tralee,RaceType.TROT_RACE,AUS,4.8,4.476923076923077,2.1,1.0,1.0,Redcliffe,0.9326923076923077,0,5.101008826274192,94.09903341621835,-0.059009665837816416
360,2023-01-11,Moody Girl,RaceType.GREYHOUND_RACE,AUS,7.5,6.7,1.3,1.0,1.0,Traralgon,0.8933333333333333,0,7.247763222171125,103.48020168563559,0.034802016856355755
361,2023-01-11,Pie Party,RaceType.HORSE_RACE,AUS,7.5,7.043356643356644,1.0,1.0,1.0,Doomben,0.9391142191142191,1,8.630590534566437,86.90019495145435,-0.13099805048545654
362,2023-01-11,Red Cadillac,RaceType.HORSE_RACE,AUS,10.0,9.3,1.0,1.0,1.0,Belmont,0.93,0,5.965425305307436,167.6326412318499,0.6763264123184989
363,2023-01-11,Reformist,RaceType.HORSE_RACE,AUS,4.4,4.029787234042553,2.3,1.0,1.0,Warwick Farm,0.9158607350096711,0,3.9,112.82051282051285,0.12820512820512842
364,2023-01-11,Rising Light,RaceType.HORSE_RACE,AUS,10.0,9.25,1.0,1.0,1.0,Devonport,0.925,0,12.0,83.33333333333334,-0.16666666666666663
365,2023-01-11,Russian Sub,RaceType.GREYHOUND_RACE,AUS,10.0,9.21818181818182,1.0,1.0,1.0,Ballarat,0.9218181818181821,0,8.1232416832936,123.10356369879003,0.2310356369879003
366,2023-01-11,Shian Ned,RaceType.GREYHOUND_RACE,AUS,4.8,4.416666666666667,2.1,1.0,1.0,Rockhampton,0.920138888888889,0,5.769254607,83.19965622900443,-0.16800343770995574
367,2023-01-11,Sketchy Deliver,RaceType.GREYHOUND_RACE,AUS,4.6,4.28,1.0,1.0,1.0,Taree,0.9304347826086958,0,4.292394790672988,107.16628419164547,0.07166284191645456
368,2023-01-11,Sooky Lala,RaceType.GREYHOUND_RACE,AUS,7.5,6.975,1.3,1.0,1.0,Richmond,0.9299999999999999,0,5.6,133.92857142857144,0.3392857142857144
369,2023-01-11,Spicey Major,RaceType.TROT_RACE,AUS,2.6,2.1650666666666667,3.8,1.0,1.0,Geelong,0.8327179487179487,0,2.98,87.24832214765101,-0.12751677852348997
370,2023-01-11,Stranger Within,RaceType.GREYHOUND_RACE,AUS,6.5,5.987500000000001,1.5,1.0,1.0,Cannington,0.9211538461538462,0,5.5,118.18181818181819,0.18181818181818188
371,2023-01-11,Suprina,RaceType.HORSE_RACE,AUS,9.0,8.425,1.1,1.0,1.0,Warwick Farm,0.9361111111111112,0,13.995227284665452,64.30763728904414,-0.3569236271095586
372,2023-01-11,War Hammer,RaceType.GREYHOUND_RACE,AUS,8.0,7.24070796460177,1.0,1.0,1.0,Taree,0.9050884955752212,0,8.0,100.0,0.0
373,2023-01-11,Way Too Soft,RaceType.GREYHOUND_RACE,AUS,5.0,4.6923076923076925,1.0,1.0,1.0,Gawler,0.9384615384615385,0,4.910978673332138,101.81270033102099,0.018127003310209888
374,2023-01-11,Weona Sir Vivor,RaceType.TROT_RACE,AUS,5.5,5.045161290322581,1.8,1.0,1.0,Bathurst,0.9173020527859239,0,4.894782698104973,112.36453871852856,0.12364538718528573
375,2023-01-12,Agera,RaceType.GREYHOUND_RACE,AUS,10.0,9.388235294117646,1.0,1.0,1.0,Angle Park,0.9388235294117646,0,10.0,100.0,0.0
376,2023-01-12,Ammicchi,RaceType.TROT_RACE,AUS,10.0,8.879999999999999,1.0,1.0,1.0,Globe Derby,0.8879999999999999,0,7.4,135.13513513513513,0.3513513513513511
377,2023-01-12,Black Panda,RaceType.HORSE_RACE,USA,6.5,5.0875,1.5,1.0,1.0,Charles Town,0.7826923076923078,0,3.35,194.02985074626866,0.9402985074626864
378,2023-01-12,Bugatti Angel,RaceType.GREYHOUND_RACE,AUS,3.8,3.5666666666666664,2.6,1.0,1.0,Casino,0.9385964912280702,1,3.5586051206687346,106.78341291449335,0.0678341291449337
379,2023-01-12,Bushmans Prayer,RaceType.GREYHOUND_RACE,AUS,3.4,3.125,2.9,1.0,1.0,Shepparton,0.9191176470588236,0,3.033718776654568,112.07367097319904,0.12073670973199047
380,2023-01-12,Cees Get Degrees,RaceType.HORSE_RACE,USA,1.5,1.2635294117647058,6.7,1.0,1.0,Penn National,0.8423529411764705,0,1.325803127386171,113.13896980747504,0.13138969807475043
381,2023-01-12,Chrisken Kiosk,RaceType.TROT_RACE,AUS,7.5,6.95,1.3,1.0,1.0,Bendigo,0.9266666666666666,0,5.1,147.05882352941177,0.47058823529411775
382,2023-01-12,Dannys Winkster,RaceType.HORSE_RACE,USA,3.9,3.52,2.6,1.0,1.0,Charles Town,0.9025641025641026,0,2.8,139.2857142857143,0.392857142857143
383,2023-01-12,Diversify,RaceType.GREYHOUND_RACE,AUS,10.0,9.32258064516129,1.0,1.0,1.0,Shepparton,0.932258064516129,0,11.0,90.9090909090909,-0.09090909090909083
384,2023-01-12,Dona Amalia,RaceType.TROT_RACE,AUS,7.0,6.536842105263158,1.4,1.0,1.0,Bendigo,0.9338345864661655,0,5.113688950355862,136.8874811893451,0.36887481189345106
385,2023-01-12,Elegant Taste,RaceType.HORSE_RACE,USA,4.0,3.0492857142857144,2.5,1.0,1.0,Penn National,0.7623214285714286,0,4.377283457680026,91.38087671662947,-0.08619123283370533
386,2023-01-12,Fancylanski,RaceType.HORSE_RACE,AUS,3.4,3.176315789473684,2.9,1.0,1.0,Pakenham,0.9342105263157894,0,3.85,88.31168831168831,-0.11688311688311703
387,2023-01-12,Fugle,RaceType.TROT_RACE,AUS,4.2,3.944444444444444,2.4,1.0,1.0,Bendigo,0.9391534391534391,0,3.102109696366215,135.3917305026268,0.35391730502626795
388,2023-01-12,Funky Felix,RaceType.GREYHOUND_RACE,AUS,10.0,8.712903225806452,1.0,1.0,1.0,Shepparton,0.8712903225806452,0,11.240354881386756,88.9651626263091,-0.11034837373690909
389,2023-01-12,Grab The Gold,RaceType.HORSE_RACE,USA,6.0,5.525,1.7,1.0,1.0,Penn National,0.9208333333333334,0,6.695990082414353,89.60586748414954,-0.10394132515850463
390,2023-01-12,Hashtag Winning,RaceType.HORSE_RACE,USA,9.0,8.44,1.1,1.0,1.0,Penn National,0.9377777777777777,0,12.719509553442393,70.75744518438803,-0.29242554815611965
391,2023-01-12,Im A Lawyer,RaceType.GREYHOUND_RACE,AUS,3.9,3.6052631578947367,2.6,1.0,1.0,Shepparton,0.9244264507422402,0,3.25,120.0,0.20000000000000007
392,2023-01-12,Judge Jujon,RaceType.TROT_RACE,AUS,8.0,7.453333333333333,1.2,1.0,1.0,Redcliffe,0.9316666666666666,0,9.0,88.88888888888889,-0.11111111111111116
393,2023-01-12,Knobiesmagicsonde,RaceType.HORSE_RACE,USA,8.0,7.52,1.2,1.0,1.0,Charles Town,0.94,0,8.870599353453143,90.18556335638993,-0.0981443664361007
394,2023-01-12,Lektra Sammy,RaceType.GREYHOUND_RACE,AUS,4.8,4.444444444444445,2.1,1.0,1.0,Shepparton,0.925925925925926,1,4.7,102.12765957446808,0.02127659574468077
395,2023-01-12,Live It,RaceType.GREYHOUND_RACE,AUS,2.1,1.968,4.8,1.0,1.0,Angle Park,0.937142857142857,0,1.876461993,111.9127383253107,0.11912738325310712
396,2023-01-12,Manolito,RaceType.HORSE_RACE,USA,4.2,3.706374501992032,2.4,1.0,1.0,Charles Town,0.8824701195219123,0,3.15,133.33333333333334,0.33333333333333326
397,2023-01-12,Mrs Chinn,RaceType.GREYHOUND_RACE,AUS,10.0,9.375,1.0,1.0,1.0,Addington,0.9375,0,10.859015528,92.0893793200219,-0.07910620679978086
398,2023-01-12,My Golden Eagle,RaceType.TROT_RACE,AUS,4.8,4.472727272727273,2.1,1.0,1.0,Globe Derby,0.9318181818181819,0,4.744361822667996,101.17272205222989,0.01172722052229902
399,2023-01-12,No Payer,RaceType.GREYHOUND_RACE,AUS,9.0,8.399999999999999,1.1,1.0,1.0,Warrnambool,0.9333333333333331,0,5.7531230795037125,156.43677139576118,0.5643677139576121
400,2023-01-12,Nordic Dancer,RaceType.HORSE_RACE,USA,8.0,7.457142857142857,1.2,1.0,1.0,Charles Town,0.9321428571428572,0,12.0,66.66666666666666,-0.33333333333333337
401,2023-01-12,Perkeo,RaceType.HORSE_RACE,USA,8.0,7.44,1.2,1.0,1.0,Penn National,0.93,0,8.8,90.9090909090909,-0.09090909090909094
402,2023-01-12,Ready And Rich,RaceType.HORSE_RACE,USA,10.0,9.385294117647058,1.0,1.0,1.0,Penn National,0.9385294117647058,0,18.345933064501725,54.50799348739257,-0.45492006512607436
403,2023-01-12,Rocket Blast,RaceType.HORSE_RACE,USA,10.0,8.511111111111111,1.0,1.0,1.0,Penn National,0.8511111111111112,0,7.0,142.85714285714286,0.4285714285714284
404,2023-01-12,Romeo,RaceType.GREYHOUND_RACE,AUS,5.5,5.166666666666667,1.8,1.0,1.0,Addington,0.9393939393939394,0,5.4,101.85185185185183,0.01851851851851838
405,2023-01-12,Rubikai,RaceType.HORSE_RACE,AUS,5.5,5.149333333333333,1.8,1.0,1.0,Pakenham,0.9362424242424242,0,6.081679831228684,90.43554005849124,-0.0956445994150874
406,2023-01-12,Ruby Wingate,RaceType.TROT_RACE,AUS,10.0,9.4,1.0,1.0,1.0,Bendigo,0.9400000000000001,0,8.451098863397348,118.3278075625303,0.18327807562530296
407,2023-01-12,Santafe Express,RaceType.HORSE_RACE,USA,10.0,8.85,1.0,1.0,1.0,Penn National,0.885,0,8.0,125.0,0.25
408,2023-01-12,Sefton Heights,RaceType.GREYHOUND_RACE,AUS,2.5,2.31,4.0,1.0,1.0,Addington,0.924,1,2.2944866841315523,108.95683192627605,0.08956831926276065
409,2023-01-12,Shaime,RaceType.HORSE_RACE,AUS,2.8,2.6271604938271604,3.6,1.0,1.0,Pakenham,0.9382716049382717,1,2.52,111.1111111111111,0.11111111111111094
410,2023-01-12,Sir Lucas,RaceType.TROT_RACE,AUS,4.4,4.06,2.3,1.0,1.0,Globe Derby,0.9227272727272726,1,3.6,122.22222222222223,0.22222222222222232
411,2023-01-12,Smoking Yogi,RaceType.GREYHOUND_RACE,AUS,4.4,4.02,2.3,1.0,1.0,Hobart,0.9136363636363635,0,5.26651830277231,83.54665733685627,-0.16453342663143733
412,2023-01-12,Spring Harbour,RaceType.GREYHOUND_RACE,AUS,10.0,9.25,1.0,1.0,1.0,Angle Park,0.925,0,16.6431332627781,60.084840048506486,-0.3991515995149352
413,2023-01-12,Sweet Creation,RaceType.TROT_RACE,AUS,9.0,8.3,1.1,1.0,1.0,Bendigo,0.9222222222222223,0,22.915625997546016,39.274510768170984,-0.6072548923182901
414,2023-01-12,Sweet T,RaceType.HORSE_RACE,USA,8.5,7.963636363636364,1.2,1.0,1.0,Charles Town,0.9368983957219251,0,7.330271803,115.95750101000723,0.15957501010007258
415,2023-01-12,Turnaway,RaceType.HORSE_RACE,AUS,8.0,7.29179104477612,1.2,1.0,1.0,Gunnedah,0.911473880597015,0,7.831424402308187,102.15255346961057,0.02152553469610563
416,2023-01-12,Uri Bale,RaceType.GREYHOUND_RACE,AUS,4.0,3.717391304347826,2.5,1.0,1.0,Addington,0.9293478260869565,0,3.799176883,105.28596385966165,0.052859638596616465
417,2023-01-12,Victa Kurt,RaceType.GREYHOUND_RACE,AUS,9.0,8.421052631578947,1.1,1.0,1.0,Angle Park,0.935672514619883,1,10.0,90.0,-0.09999999999999998
418,2023-01-12,Wesright,RaceType.HORSE_RACE,USA,3.7,3.316,2.7,1.0,1.0,Charles Town,0.8962162162162162,0,3.485334305,106.15911347993345,0.06159113479933476
419,2023-01-12,Whata Terror,RaceType.TROT_RACE,AUS,3.0,2.620754716981132,3.3,1.0,1.0,Redcliffe,0.8735849056603774,0,3.661491812603753,81.93381696698772,-0.18066183033012284
420,2023-01-12,Will Patrick,RaceType.TROT_RACE,AUS,4.6,4.236363636363636,2.2,1.0,1.0,Bendigo,0.9209486166007905,0,2.433540508,189.0250022499317,0.8902500224993171
421,2023-01-12,Win For Laila,RaceType.HORSE_RACE,USA,9.0,8.125,1.1,1.0,1.0,Penn National,0.9027777777777778,0,11.5,78.26086956521739,-0.21739130434782616
422,2023-01-13,All Ford,RaceType.GREYHOUND_RACE,AUS,8.0,7.18,1.2,1.0,1.0,Townsville,0.8975,1,7.013947774,114.0584483627779,0.14058448362777898
423,2023-01-13,Always Mia,RaceType.HORSE_RACE,USA,4.4,3.0526315789473686,2.3,1.0,1.0,Penn National,0.69377990430622,0,2.963372982,148.47945320168273,0.4847945320168272
424,2023-01-13,Aunty Frances,RaceType.TROT_RACE,AUS,7.0,6.533333333333333,1.4,1.0,1.0,Albion Park,0.9333333333333333,0,6.804098139,102.87917453566877,0.028791745356687604
425,2023-01-13,Axone,RaceType.HORSE_RACE,AUS,2.6,2.4075,3.8,1.0,1.0,Townsville,0.9259615384615385,0,3.15,82.53968253968254,-0.17460317460317465
426,2023-01-13,Big Ram,RaceType.GREYHOUND_RACE,AUS,7.0,6.368421052631579,1.4,1.0,1.0,Townsville,0.9097744360902256,0,7.8,89.74358974358975,-0.10256410256410242
427,2023-01-13,Ce Pe Three,RaceType.TROT_RACE,AUS,5.0,4.659701492537313,2.0,1.0,1.0,Charlton,0.9319402985074626,0,5.4,92.59259259259258,-0.07407407407407418
428,2023-01-13,Chinchilla Mist,RaceType.GREYHOUND_RACE,AUS,3.5,3.283333333333333,2.9,1.0,1.0,Geelong,0.9380952380952381,0,3.05,114.75409836065576,0.14754098360655743
429,2023-01-13,Dana Dennis,RaceType.GREYHOUND_RACE,AUS,2.7,2.5365,3.7,1.0,1.0,Wagga,0.9394444444444444,0,2.352588626,114.76719602231044,0.14767196022310447
430,2023-01-13,Decisive Cause,RaceType.HORSE_RACE,USA,5.5,4.84,1.8,1.0,1.0,Charles Town,0.88,0,3.8,144.73684210526315,0.4473684210526314
431,2023-01-13,Defender Danger,RaceType.GREYHOUND_RACE,AUS,4.4,4.070588235294117,2.3,1.0,1.0,Hobart,0.9251336898395721,0,4.16025933278106,105.76263756756428,0.05762637567564277
432,2023-01-13,Derby Day Dreams,RaceType.HORSE_RACE,USA,8.5,6.266666666666667,1.2,1.0,1.0,Charles Town,0.7372549019607844,0,7.708754835226574,110.26424087529267,0.10264240875292674
433,2023-01-13,Diego Delgado,RaceType.TROT_RACE,AUS,10.0,9.4,1.0,1.0,1.0,Albion Park,0.9400000000000001,0,7.339071154641047,136.25702475545899,0.3625702475545899
434,2023-01-13,Dollarbill,RaceType.TROT_RACE,AUS,10.0,9.06,1.0,1.0,1.0,Albion Park,0.906,0,7.343022781530105,136.1836984239377,0.36183698423937716
435,2023-01-13,Inconsequential,RaceType.GREYHOUND_RACE,AUS,5.5,5.066666666666666,1.8,1.0,1.0,Townsville,0.9212121212121211,0,4.7,117.02127659574468,0.17021276595744683
436,2023-01-13,Isolating,RaceType.GREYHOUND_RACE,AUS,2.7,2.536666666666666,3.7,1.0,1.0,Warragul,0.9395061728395059,0,2.703024974204564,99.88808929871416,-0.0011191070128583336
437,2023-01-13,Jack The Ripper,RaceType.HORSE_RACE,USA,4.8,4.0375,2.1,1.0,1.0,Charles Town,0.8411458333333333,0,5.139639993610802,93.39175518065436,-0.06608244819345643
438,2023-01-13,Jackjack,RaceType.HORSE_RACE,AUS,9.0,8.351724137931035,1.1,1.0,1.0,Launceston,0.9279693486590038,0,8.590184958,104.77073595043306,0.047707359504330804
439,2023-01-13,Lets Party,RaceType.GREYHOUND_RACE,AUS,5.5,5.111538461538461,1.8,1.0,1.0,Addington,0.9293706293706293,0,5.237977896809243,105.00235221210785,0.05002352212107841
440,2023-01-13,Littleblabbamouth,RaceType.TROT_RACE,AUS,7.0,6.488888888888889,1.4,1.0,1.0,Charlton,0.926984126984127,0,5.7,122.80701754385966,0.22807017543859642
441,2023-01-13,Londiani,RaceType.HORSE_RACE,AUS,5.0,4.67,2.0,1.0,1.0,Launceston,0.9339999999999999,0,4.425215184745904,112.98885571113986,0.12988855711139857
442,2023-01-13,Long Haul,RaceType.GREYHOUND_RACE,AUS,2.7,2.525074626865672,3.7,1.0,1.0,Bendigo,0.9352128247650636,1,3.0437514687738085,88.70632269748717,-0.11293677302512839
443,2023-01-13,Major Mischief,RaceType.TROT_RACE,AUS,8.0,7.466666666666667,1.2,1.0,1.0,Albion Park,0.9333333333333333,0,6.6,121.21212121212122,0.21212121212121204
444,2023-01-13,Maximum Brooke,RaceType.GREYHOUND_RACE,AUS,2.35,2.206666666666667,4.3,1.0,1.0,Geelong,0.9390070921985817,0,2.08,112.98076923076923,0.1298076923076923
445,2023-01-13,Mio Graceland,RaceType.HORSE_RACE,USA,7.0,6.143750000000001,1.4,1.0,1.0,Charles Town,0.8776785714285715,0,11.145622841293225,62.80492440553274,-0.37195075594467264
446,2023-01-13,Mister Jimaringle,RaceType.TROT_RACE,AUS,9.0,7.36,1.1,1.0,1.0,Charlton,0.8177777777777778,0,7.454501236414073,120.73242346565598,0.2073242346565599
447,2023-01-13,Mobeer,RaceType.HORSE_RACE,USA,4.2,3.811678832116788,2.4,1.0,1.0,Penn National,0.9075425790754257,0,3.714869219740794,113.05916175140767,0.13059161751407666
448,2023-01-13,Owens Edge,RaceType.GREYHOUND_RACE,AUS,6.0,5.6,1.7,1.0,1.0,Geelong,0.9333333333333332,0,5.1431253188250405,116.66058336238858,0.16660583362388592
449,2023-01-13,Portelli Punk,RaceType.GREYHOUND_RACE,AUS,6.0,5.141176470588235,1.7,1.0,1.0,Manawatu,0.8568627450980392,0,4.3174548207756,138.97076516303053,0.3897076516303054
450,2023-01-13,Queen Cadence,RaceType.HORSE_RACE,USA,4.6,3.92,2.2,1.0,1.0,Penn National,0.8521739130434783,0,2.64,174.24242424242422,0.7424242424242423
451,2023-01-13,Replica Rosco,RaceType.GREYHOUND_RACE,AUS,7.0,6.315789473684211,1.4,1.0,1.0,Addington,0.9022556390977444,1,5.481229361372243,127.70857664397258,0.2770857664397258
452,2023-01-13,Rocknroll Opal,RaceType.TROT_RACE,AUS,7.0,6.48,1.4,1.0,1.0,Charlton,0.9257142857142858,0,9.218039318185768,75.93805752368706,-0.24061942476312925
453,2023-01-13,Scuderia,RaceType.HORSE_RACE,AUS,4.6,4.27875,2.2,1.0,1.0,Geelong,0.9301630434782608,1,4.296016317,107.07594339893656,0.0707594339893658
454,2023-01-13,Slingin A Gun,RaceType.TROT_RACE,AUS,10.0,8.849765258215964,1.0,1.0,1.0,Albion Park,0.8849765258215964,0,11.185958034861834,89.39779649480437,-0.10602203505195629
455,2023-01-13,Style Seeker,RaceType.HORSE_RACE,AUS,5.5,5.15,1.8,1.0,1.0,Townsville,0.9363636363636364,0,5.628337314663909,97.71980058249986,-0.022801994175001283
456,2023-01-13,Surin Beach,RaceType.HORSE_RACE,AUS,9.0,8.45217391304348,1.1,1.0,1.0,Geelong,0.9391304347826088,0,6.087506455845707,147.84378571553688,0.4784378571553686
457,2023-01-13,Terroroan,RaceType.TROT_RACE,AUS,5.5,5.070588235294117,1.8,1.0,1.0,Charlton,0.9219251336898395,0,4.9,112.24489795918366,0.12244897959183665
458,2023-01-13,Thor Danger,RaceType.GREYHOUND_RACE,AUS,6.5,5.946153846153846,1.5,1.0,1.0,Hobart,0.914792899408284,0,4.44879650861345,146.10692998466334,0.46106929984663336
459,2023-01-13,Tintookie,RaceType.HORSE_RACE,AUS,3.0,2.564164305949008,3.3,1.0,1.0,Gosford,0.8547214353163359,0,3.448195296636113,87.00203271336314,-0.1299796728663688
460,2023-01-13,Watch Me Ney Ney,RaceType.HORSE_RACE,AUS,10.0,9.3,1.0,1.0,1.0,Esperance,0.93,0,10.548879315854286,94.79679974128288,-0.05203200258717122
461,2023-01-13,Weekend In Court,RaceType.HORSE_RACE,USA,3.8,3.485276073619632,2.6,1.0,1.0,Penn National,0.9171779141104295,0,3.723953822646872,102.04208164157838,0.02042081641578386
462,2023-01-14,Betterthan Popsy,RaceType.TROT_RACE,AUS,10.0,9.4,1.0,1.0,1.0,Albion Park,0.9400000000000001,0,8.929041847667104,111.99409937374978,0.11994099373749778
463,2023-01-14,Brazenpine,RaceType.HORSE_RACE,AUS,8.0,7.394230769230769,1.2,1.0,1.0,Darwin,0.9242788461538461,1,5.7087774240856115,140.1350833235783,0.40135083323578313
464,2023-01-14,Camanchi Warrior,RaceType.TROT_RACE,AUS,4.4,4.125,2.2,1.0,1.0,Temora,0.9374999999999999,0,5.3,83.01886792452832,-0.16981132075471694
465,2023-01-14,Chase Lil Me,RaceType.HORSE_RACE,USA,2.6,2.418181818181818,3.8,1.0,1.0,Charles Town,0.93006993006993,0,3.15,82.53968253968254,-0.17460317460317465
466,2023-01-14,Dr Violet,RaceType.GREYHOUND_RACE,AUS,4.6,4.235,2.2,1.0,1.0,Traralgon,0.9206521739130437,0,4.1,112.19512195121952,0.12195121951219512
467,2023-01-14,Fight The Fight,RaceType.GREYHOUND_RACE,AUS,6.0,5.117647058823529,1.7,1.0,1.0,Traralgon,0.8529411764705882,0,6.61811074519297,90.66031426503505,-0.09339685734964942
468,2023-01-14,Fred Rose,RaceType.GREYHOUND_RACE,AUS,8.0,7.410526315789474,1.2,1.0,1.0,Traralgon,0.9263157894736842,0,9.4,85.1063829787234,-0.14893617021276595
469,2023-01-14,Jimartee,RaceType.TROT_RACE,AUS,4.4,3.92,2.2,1.0,1.0,Menangle,0.8909090909090909,0,4.608236568360591,95.48120923760057,-0.04518790762399427
470,2023-01-14,Justrollingaround,RaceType.TROT_RACE,AUS,4.6,4.3,2.1,1.0,1.0,Temora,0.9347826086956522,1,4.226760591353813,108.83038914978242,0.08830389149782436
471,2023-01-14,Khitaamy,RaceType.HORSE_RACE,AUS,10.0,9.209230769230768,1.0,1.0,1.0,Tuncurry,0.9209230769230767,0,9.100202835891103,109.88766053169834,0.09887660531698317
472,2023-01-14,Love Candy,RaceType.HORSE_RACE,USA,7.0,6.333333333333333,1.4,1.0,1.0,Golden Gate Fields,0.9047619047619048,0,4.8,145.83333333333334,0.45833333333333337
473,2023-01-14,Lyrical Genius,RaceType.TROT_RACE,AUS,2.8,2.610079365079365,3.6,1.0,1.0,Albion Park,0.9321712018140591,1,2.6269112088233677,106.58906135065604,0.06589061350656056
474,2023-01-14,Manderboss,RaceType.HORSE_RACE,AUS,10.0,9.321612903225803,1.0,1.0,1.0,Rosehill,0.9321612903225803,0,10.609832383359898,94.25219587524928,-0.05747804124750722
475,2023-01-14,Mosquito,RaceType.HORSE_RACE,AUS,10.0,9.018181818181818,1.0,1.0,1.0,Ascot,0.9018181818181817,0,10.323761643630569,96.86391787405981,-0.03136082125940198
476,2023-01-14,Orbie,RaceType.TROT_RACE,AUS,5.5,4.9944444444444445,1.8,1.0,1.0,Shepparton,0.908080808080808,1,6.6,83.33333333333334,-0.16666666666666663
477,2023-01-14,Robotnik,RaceType.GREYHOUND_RACE,AUS,4.8,4.5,2.1,1.0,1.0,Cannington,0.9375,0,4.528753745,105.9894238078074,0.059894238078074036
478,2023-01-14,Rocks Arnt Pets,RaceType.TROT_RACE,AUS,10.0,9.302857142857142,1.0,1.0,1.0,Launceston,0.9302857142857143,0,8.0,125.0,0.25
479,2023-01-14,Rocky Chana,RaceType.GREYHOUND_RACE,AUS,7.0,6.553846153846154,1.4,1.0,1.0,Traralgon,0.9362637362637363,0,6.052938465,115.64631030822812,0.15646310308228106
480,2023-01-14,Rowdy Remi,RaceType.GREYHOUND_RACE,AUS,4.4,4.1,2.3,1.0,1.0,Ipswich,0.9318181818181817,1,4.2,104.76190476190477,0.04761904761904767
481,2023-01-14,Royal Merchant,RaceType.HORSE_RACE,AUS,3.9,3.4509202453987733,2.6,1.0,1.0,Rosehill,0.8848513449740445,0,3.743975324328912,104.16735320495347,0.04167353204953472
482,2023-01-14,Sapphires Son,RaceType.HORSE_RACE,AUS,4.6,4.315555555555556,2.2,1.0,1.0,Tuncurry,0.9381642512077296,0,4.350796212603128,105.72777430197702,0.05727774301977018
483,2023-01-14,Sizzling Hot,RaceType.HORSE_RACE,USA,8.0,6.533333333333334,1.2,1.0,1.0,Charles Town,0.8166666666666668,1,4.2,190.47619047619045,0.9047619047619047
484,2023-01-14,Spring Release,RaceType.GREYHOUND_RACE,AUS,10.0,9.025806451612905,1.0,1.0,1.0,Ipswich,0.9025806451612904,0,21.0,47.61904761904761,-0.5238095238095237
485,2023-01-14,Strathmore Rose,RaceType.HORSE_RACE,AUS,7.5,6.890909090909091,1.3,1.0,1.0,Ascot,0.9187878787878787,0,7.442071433,100.77839305254624,0.007783930525462446
486,2023-01-14,Super Bright,RaceType.HORSE_RACE,AUS,6.0,4.181132075471698,1.7,1.0,1.0,Rosehill,0.6968553459119496,0,5.642819274,106.32982749679323,0.06329827496793228
487,2023-01-14,Sweet Creation,RaceType.TROT_RACE,AUS,10.0,9.28888888888889,1.0,1.0,1.0,Shepparton,0.928888888888889,0,7.8,128.2051282051282,0.28205128205128216
488,2023-01-14,Swing With Junior,RaceType.HORSE_RACE,AUS,7.0,6.575,1.4,1.0,1.0,Darwin,0.9392857142857143,0,6.180610759,113.25741537447303,0.13257415374473025
489,2023-01-14,True Valentine,RaceType.HORSE_RACE,AUS,10.0,7.220000000000001,1.0,1.0,1.0,Kembla Grange,0.7220000000000001,0,11.0,90.9090909090909,-0.09090909090909083
490,2023-01-14,Udita Bale,RaceType.GREYHOUND_RACE,AUS,8.0,7.399999999999999,1.2,1.0,1.0,The Meadows,0.9249999999999998,0,7.595366538372472,105.32737241294785,0.053273724129478506
491,2022-12-14,Ashlee Nitro,RaceType.TROT_RACE,AUS,7.5,7.168627450980392,1.0,1.0,1.0,Redcliffe,0.9558169934640522,0,5.977184474259011,125.47713781127312,0.2547713781127311
492,2022-12-14,Baby Thor,RaceType.GREYHOUND_RACE,AUS,6.5,6.32,1.0,1.0,1.0,Rockhampton,0.9723076923076923,0,7.6,85.52631578947368,-0.14473684210526327
493,2022-12-14,Call Me Kiah,RaceType.GREYHOUND_RACE,AUS,2.8,2.73,1.0,1.0,1.0,Ballarat,0.9750000000000001,0,2.24,124.99999999999997,0.24999999999999978
494,2022-12-14,Coulter Bale,RaceType.GREYHOUND_RACE,AUS,5.0,4.712646370023419,1.0,1.0,1.0,Traralgon,0.9425292740046839,0,4.8,104.16666666666667,0.04166666666666674
495,2022-12-14,Heres Caza,RaceType.GREYHOUND_RACE,AUS,7.5,7.27,1.0,1.0,1.0,Capalaba,0.9693333333333333,0,5.9538033916955495,125.96989699829706,0.2596989699829704
496,2022-12-14,I Am Pearl,RaceType.HORSE_RACE,AUS,9.0,8.780000000000001,1.0,1.0,1.0,Doomben,0.9755555555555557,0,9.0,100.0,0.0
497,2022-12-14,Kezzamac,RaceType.TROT_RACE,AUS,4.4,99995.0,1.0,1.0,1.0,Bathurst,22726.13636363636,0,5.0279974364043305,87.50998893003754,-0.1249001106996247
498,2022-12-14,Lady Joker,RaceType.HORSE_RACE,AUS,7.5,7.394495412844037,1.0,1.0,1.0,Launceston,0.9859327217125383,0,5.8,129.31034482758622,0.2931034482758622
499,2022-12-14,Lazio Lass,RaceType.TROT_RACE,AUS,3.9,3.655,1.0,1.0,1.0,Swan Hill,0.9371794871794872,0,4.345507663116443,89.74785692134895,-0.10252143078651044
500,2022-12-14,Louie,RaceType.GREYHOUND_RACE,AUS,1.85,1.8411111111111111,1.0,1.0,1.0,The Meadows,0.9951951951951952,1,1.9278755605361584,95.9605504561456,-0.040394495438544065
501,2022-12-14,My Buddy B,RaceType.HORSE_RACE,USA,2.2,2.113913043478261,1.0,1.0,1.0,Mountaineer Park,0.9608695652173913,0,2.1836253866392505,100.7498819834638,0.007498819834638182
502,2022-12-14,Perfect Tyrant,RaceType.GREYHOUND_RACE,AUS,1.6,1.599955947136564,1.0,1.0,1.0,Capalaba,0.9999724669603525,1,1.55,103.2258064516129,0.03225806451612906
503,2022-12-14,Rothwell Random,RaceType.GREYHOUND_RACE,AUS,2.25,2.155,1.0,1.0,1.0,Geelong,0.9577777777777777,0,2.19177242564765,102.65664325689035,0.026566432568903342
504,2022-12-14,Scenic Eclipse,RaceType.HORSE_RACE,AUS,4.4,4.386111111111111,1.0,1.0,1.0,Belmont,0.9968434343434343,0,5.027605803815096,87.51680564655945,-0.12483194353440552
505,2022-12-14,Shuffle Dancer,RaceType.HORSE_RACE,AUS,8.0,7.754773869346733,1.0,1.0,1.0,Sandown,0.9693467336683417,1,7.84866251,101.92819464217222,0.019281946421722207
506,2022-12-14,Triumph,RaceType.GREYHOUND_RACE,AUS,1.28,1.26098,1.0,1.0,1.0,Ballarat,0.985140625,0,1.2712650522703917,100.68710672994654,0.006871067299465516
507,2022-12-14,Whats Up Honey,RaceType.HORSE_RACE,AUS,10.0,9.795744680851064,1.0,1.0,1.0,Doomben,0.9795744680851064,0,8.161310736721376,122.5293377815593,0.225293377815593
508,2022-12-14,Yering Rose,RaceType.TROT_RACE,AUS,3.9,3.930357142857143,1.0,1.0,1.0,Swan Hill,1.0077838827838828,0,3.334038466124693,116.97525507356099,0.1697525507356099
509,2023-01-15,Asmileandawinx,RaceType.TROT_RACE,AUS,10.0,9.314285714285711,1.0,1.0,1.0,Hamilton,0.9314285714285712,0,15.532442880645393,64.38137308369414,-0.3561862691630585
510,2023-01-15,Aston Sergio,RaceType.GREYHOUND_RACE,AUS,5.0,4.642857142857143,2.0,1.0,1.0,Healesville,0.9285714285714286,0,4.593010270296798,108.86106726856725,0.08861067268567258
511,2023-01-15,Audacity,RaceType.GREYHOUND_RACE,AUS,4.2,3.9727272727272727,2.4,1.0,1.0,Gawler,0.9458874458874458,0,3.6,116.66666666666667,0.16666666666666674
512,2023-01-15,Avgas Gundi,RaceType.GREYHOUND_RACE,AUS,2.8,2.65,3.55,1.0,1.0,Cannington,0.9464285714285715,0,2.6802817713320106,104.46662846975573,0.0446662846975574
513,2023-01-15,Boom Tux,RaceType.GREYHOUND_RACE,AUS,8.0,7.530612244897959,1.25,1.0,1.0,Cannington,0.9413265306122449,0,10.352152836552122,77.27861176617319,-0.2272138823382681
514,2023-01-15,Brave Star,RaceType.HORSE_RACE,AUS,8.5,7.947058823529412,1.2,1.0,1.0,Moe,0.9349480968858132,0,7.986627316372031,106.42790333506098,0.0642790333506097
515,2023-01-15,Chap Daddy,RaceType.TROT_RACE,AUS,7.0,6.628571428571429,1.45,1.0,1.0,Tamworth,0.9469387755102041,1,15.751269967369732,44.44086105121157,-0.5555913894878843
516,2023-01-15,Eagle Commander,RaceType.TROT_RACE,AUS,6.5,6.081818181818182,1.55,1.0,1.0,Tamworth,0.9356643356643357,0,5.10725912682712,127.2698298360694,0.27269829836069404
517,2023-01-15,Eagle Uno,RaceType.TROT_RACE,AUS,10.0,9.272727272727272,1.0,1.0,1.0,Tamworth,0.9272727272727271,0,5.4,185.18518518518516,0.8518518518518516
518,2023-01-15,Funnily Enough,RaceType.TROT_RACE,AUS,4.2,3.970967741935484,2.4,1.0,1.0,Tamworth,0.945468509984639,0,7.24596003,57.96333381099261,-0.420366661890074
519,2023-01-15,Gauntlet,RaceType.HORSE_RACE,AUS,7.5,7.095238095238095,1.35,1.0,1.0,Sunshine Coast,0.946031746031746,0,6.6,113.63636363636364,0.13636363636363635
520,2023-01-15,Gin And Vodka,RaceType.GREYHOUND_RACE,AUS,1.5,1.4246153846153846,6.65,1.0,1.0,Darwin,0.9497435897435897,1,1.3541601254595206,110.76976583481883,0.10769765834818845
521,2023-01-15,Gobsmacked,RaceType.TROT_RACE,AUS,10.0,9.44,1.0,1.0,1.0,Hobart,0.944,0,8.374669513652334,119.4076970284984,0.19407697028498394
522,2023-01-15,Graces Shout,RaceType.GREYHOUND_RACE,AUS,7.5,7.088,1.35,1.0,1.0,Geelong,0.9450666666666667,0,6.2,120.96774193548387,0.20967741935483863
523,2023-01-15,Graphite Stride,RaceType.TROT_RACE,AUS,8.5,7.858536585365853,1.2,1.0,1.0,Hobart,0.9245337159253945,0,7.2,118.05555555555556,0.18055555555555558
524,2023-01-15,Honeys Honey,RaceType.GREYHOUND_RACE,AUS,7.0,6.096,1.45,1.0,1.0,Darwin,0.8708571428571429,0,5.5,127.27272727272727,0.2727272727272727
525,2023-01-15,Hows It Kev,RaceType.HORSE_RACE,AUS,4.2,3.8020761245674737,2.4,1.0,1.0,Orange,0.9052562201351128,1,4.620641568496394,90.89646833105743,-0.09103531668942566
526,2023-01-15,Iden Black Prince,RaceType.TROT_RACE,AUS,2.9,2.683943661971831,3.45,1.0,1.0,Hobart,0.9254978144730451,0,3.5,82.85714285714285,-0.17142857142857149
527,2023-01-15,Irish Crickets,RaceType.HORSE_RACE,AUS,3.9,3.6621739130434783,2.55,1.0,1.0,Moe,0.9390189520624304,0,3.6990121883471145,105.43355364672902,0.05433553646729028
528,2023-01-15,Jacks A Cracker,RaceType.HORSE_RACE,AUS,6.5,5.934026465028356,1.55,1.0,1.0,Strathalbyn,0.9129271484659008,0,7.198967632540663,90.29072405630497,-0.0970927594369504
529,2023-01-15,Jacopo,RaceType.GREYHOUND_RACE,AUS,2.9,2.7227272727272727,3.45,1.0,1.0,Cannington,0.9388714733542319,0,2.16,134.25925925925927,0.34259259259259245
530,2023-01-15,Mach Angelo,RaceType.TROT_RACE,AUS,5.5,5.168749999999999,1.8,1.0,1.0,Hobart,0.9397727272727271,0,4.5788699197054665,120.11697419772484,0.20116974197724868
531,2023-01-15,Mr Dazzling,RaceType.GREYHOUND_RACE,AUS,8.5,7.975,1.2,1.0,1.0,Healesville,0.9382352941176471,1,11.0,77.27272727272727,-0.22727272727272718
532,2023-01-15,Orson Beach,RaceType.GREYHOUND_RACE,AUS,9.0,8.428571428571429,1.1,1.0,1.0,Albion Park,0.9365079365079365,0,8.2,109.75609756097562,0.09756097560975618
533,2023-01-15,Red On Red,RaceType.HORSE_RACE,AUS,10.0,9.412,1.0,1.0,1.0,Moe,0.9412,0,9.90791279378012,100.92943093198892,0.009294309319889171
534,2023-01-15,Ricky Bobby Riot,RaceType.GREYHOUND_RACE,AUS,4.8,4.5285714285714285,2.1,1.0,1.0,Geelong,0.9434523809523809,0,4.5,106.66666666666667,0.06666666666666654
535,2023-01-15,Ring A Daisy,RaceType.GREYHOUND_RACE,AUS,4.4,4.035714285714286,2.25,1.0,1.0,Healesville,0.9172077922077921,1,3.763121433,116.92420981728124,0.16924209817281233
536,2023-01-15,Sea Ripple,RaceType.HORSE_RACE,AUS,10.0,9.272972972972973,1.0,1.0,1.0,Sunshine Coast,0.9272972972972973,0,8.42004491174215,118.76421212497962,0.1876421212497963
537,2023-01-15,Sistine Chapel,RaceType.HORSE_RACE,AUS,10.0,9.209836065573771,1.0,1.0,1.0,Sunshine Coast,0.9209836065573771,0,10.585288030117518,94.47074063122098,-0.05529259368779027
538,2023-01-15,Springvale Dave,RaceType.GREYHOUND_RACE,AUS,6.5,6.1454545454545455,1.55,1.0,1.0,Gawler,0.9454545454545454,1,5.625000407,115.55554719446974,0.15555547194469754
539,2023-01-15,Tarex,RaceType.HORSE_RACE,AUS,2.15,1.9223529411764704,4.65,1.0,1.0,Sunshine Coast,0.8941176470588235,0,2.324408788456603,92.49663874432304,-0.07503361255676971
540,2023-01-15,The Stylist,RaceType.TROT_RACE,AUS,6.5,6.0,1.55,1.0,1.0,Hamilton,0.9230769230769231,0,4.81655316568997,134.95127690693468,0.3495127690693469
541,2023-01-15,True Stepper,RaceType.TROT_RACE,AUS,10.0,9.488888888888887,1.0,1.0,1.0,Hobart,0.9488888888888887,0,8.070374225487758,123.90999129158251,0.23909991291582522
542,2023-01-15,Uptotrix,RaceType.TROT_RACE,AUS,6.0,5.485714285714286,1.65,1.0,1.0,Tamworth,0.9142857142857143,1,4.260553990864427,140.826756634591,0.4082675663459099
543,2023-01-15,Urana Blazer,RaceType.GREYHOUND_RACE,AUS,6.0,5.54,1.65,1.0,1.0,Richmond,0.9233333333333333,0,6.52851147,91.90456396640137,-0.08095436033598646
544,2023-01-15,Val Ali,RaceType.GREYHOUND_RACE,AUS,2.9,2.6882352941176477,3.45,1.0,1.0,Gawler,0.9269776876267751,0,3.0778977344436864,94.22015447580033,-0.05779845524199667
545,2023-01-15,Velocity Lara,RaceType.GREYHOUND_RACE,AUS,5.0,4.699999999999999,2.0,1.0,1.0,Darwin,0.9399999999999998,1,5.992851257823494,83.43273985772038,-0.16567260142279616
546,2023-01-15,Waikarie Tori,RaceType.GREYHOUND_RACE,AUS,3.7,3.509090909090909,2.7,1.0,1.0,Grafton,0.9484029484029483,0,3.892313764107967,95.05914025016838,-0.049408597498316165
547,2023-01-15,Whizz Kid,RaceType.GREYHOUND_RACE,AUS,2.6,2.4285714285714284,3.85,1.0,1.0,Cannington,0.934065934065934,1,2.6,100.0,0.0
548,2022-12-15,All That Magic,RaceType.HORSE_RACE,USA,2.25,2.231555555555556,1.0,1.0,1.0,Penn National,0.9918024691358026,0,2.228769235,100.9525779819013,0.009525779819012814
549,2022-12-15,Almighty Mack,RaceType.GREYHOUND_RACE,AUS,2.7,2.6100000000000003,1.0,1.0,1.0,Warragul,0.9666666666666667,0,2.16,125.0,0.2499999999999999
550,2022-12-15,Apollo One,RaceType.GREYHOUND_RACE,AUS,3.7,3.5928571428571425,1.0,1.0,1.0,Shepparton,0.9710424710424709,0,3.639823354,101.65328479289713,0.01653284792897125
551,2022-12-15,Attahua Ace,RaceType.TROT_RACE,AUS,4.6,4.125742574257425,1.0,1.0,1.0,Tamworth,0.8969005596211795,0,4.930164742,93.30317019252254,-0.06696829807477456
552,2022-12-15,Ballon Bleu,RaceType.HORSE_RACE,AUS,8.0,8.049056603773584,1.0,1.0,1.0,Hawkesbury,1.006132075471698,0,8.4,95.23809523809523,-0.04761904761904767
553,2022-12-15,Bears Estate,RaceType.HORSE_RACE,USA,7.5,7.256,1.0,1.0,1.0,Mountaineer Park,0.9674666666666667,0,7.77735027,96.43387194389535,-0.03566128056104656
554,2022-12-15,Bubbas Bay,RaceType.HORSE_RACE,AUS,3.2,3.1348484848484848,1.0,1.0,1.0,Hawkesbury,0.9796401515151515,1,2.9090225436000217,110.00258513087641,0.10002585130876407
555,2022-12-15,Cash Em In Shannon,RaceType.TROT_RACE,AUS,2.15,2.0696,1.0,1.0,1.0,Tamworth,0.9626046511627907,0,2.2602612692839457,95.12174672979835,-0.04878253270201671
556,2022-12-15,Centrestone,RaceType.HORSE_RACE,AUS,1.7,1.6852,1.0,1.0,1.0,Ipswich,0.9912941176470589,1,1.6927210542530695,100.43001448635862,0.004300144863586153
557,2022-12-15,Emjay,RaceType.HORSE_RACE,USA,7.5,6.955555555555556,1.0,1.0,1.0,Mountaineer Park,0.9274074074074075,0,8.541839844284695,87.80309788901293,-0.12196902110987062
558,2022-12-15,Ginger Rock,RaceType.HORSE_RACE,AUS,4.6,4.552564102564102,1.0,1.0,1.0,Ipswich,0.9896878483835005,0,4.563764923623674,100.79397333085144,0.007939733308514496
559,2022-12-15,I Came To Dance,RaceType.HORSE_RACE,USA,5.5,4.54,1.0,1.0,1.0,Penn National,0.8254545454545454,0,4.380347980749793,125.56080074392979,0.2556080074392979
560,2022-12-15,Jackies Irishdream,RaceType.HORSE_RACE,USA,5.5,4.733333333333333,1.0,1.0,1.0,Delta Downs,0.8606060606060606,0,3.7,148.64864864864865,0.4864864864864862
561,2022-12-15,Juliard Honor,RaceType.HORSE_RACE,USA,4.0,3.857692307692308,1.0,1.0,1.0,Remington Park,0.964423076923077,0,3.35,119.40298507462686,0.19402985074626855
562,2022-12-15,Kickstarter,RaceType.HORSE_RACE,USA,6.5,5.826086956521739,1.0,1.0,1.0,Mountaineer Park,0.8963210702341138,0,5.606585782667023,115.9350851296167,0.1593508512961671
563,2022-12-15,Mac Stubborn,RaceType.TROT_RACE,AUS,10.0,9.484615384615385,1.0,1.0,1.0,Tamworth,0.9484615384615385,0,8.893035780116069,112.44754038164326,0.12447540381643252
564,2022-12-15,Mission Belle,RaceType.HORSE_RACE,USA,6.5,6.5,1.0,1.0,1.0,Delta Downs,1.0,1,7.193559030354954,90.3586107039879,-0.09641389296012093
565,2022-12-15,Reliant,RaceType.HORSE_RACE,USA,6.5,4.95,1.0,1.0,1.0,Remington Park,0.7615384615384616,0,3.55,183.09859154929578,0.830985915492958
566,2022-12-15,Samaronti,RaceType.HORSE_RACE,USA,4.2,4.822033898305085,1.0,1.0,1.0,Penn National,1.1481033091202582,0,4.3,97.67441860465117,-0.023255813953488413
567,2022-12-15,Scatamaran,RaceType.HORSE_RACE,USA,5.0,99995.0,1.0,1.0,1.0,Delta Downs,19999.0,0,6.726197056,74.3362104673967,-0.2566378953260331
568,2022-12-15,Spirit Of Windsor,RaceType.HORSE_RACE,USA,2.25,2.236923076923077,1.0,1.0,1.0,Mountaineer Park,0.9941880341880341,0,2.939879697733557,76.5337439397467,-0.23466256060253304
569,2022-12-15,Stay Humble,RaceType.GREYHOUND_RACE,AUS,4.4,4.292105263157895,1.0,1.0,1.0,Gunnedah,0.9754784688995215,0,4.4,100.0,1.1102230246251565e-16
570,2022-12-15,Stella G,RaceType.HORSE_RACE,USA,3.8,99995.0,1.0,1.0,1.0,Remington Park,26314.473684210527,0,2.36,161.01694915254237,0.6101694915254237
571,2022-12-15,Sweet Laura,RaceType.HORSE_RACE,USA,6.0,5.726315789473684,1.0,1.0,1.0,Delta Downs,0.9543859649122807,0,5.038591525559896,119.08089730161784,0.1908089730161786
572,2022-12-15,Tat Yap,RaceType.GREYHOUND_RACE,AUS,2.25,2.3514285714285714,1.0,1.0,1.0,Shepparton,1.045079365079365,1,2.4549064243844256,91.6531879851263,-0.08346812014873706
573,2022-12-15,Voodoo Fella,RaceType.TROT_RACE,AUS,8.5,8.17222222222222,1.0,1.0,1.0,Redcliffe,0.9614379084967318,0,10.252900256,82.90337160966526,-0.17096628390334745
574,2022-12-15,War Knee,RaceType.GREYHOUND_RACE,AUS,1.85,1.7655555555555555,1.0,1.0,1.0,Warragul,0.9543543543543543,1,2.076990089,89.07120018520223,-0.10928799814797774
575,2022-12-16,Amuri Andy,RaceType.GREYHOUND_RACE,AUS,1.9,1.8903305785123967,1.0,1.0,1.0,Addington,0.9949108307959983,0,1.95,97.43589743589743,-0.02564102564102555
576,2022-12-16,Art By Concorde,RaceType.HORSE_RACE,AUS,6.0,5.81766704416761,1.0,1.0,1.0,Rockhampton,0.9696111740279351,1,7.2,83.33333333333333,-0.16666666666666674
577,2022-12-16,Bangkok Deejay,RaceType.TROT_RACE,AUS,5.0,4.506845238095238,1.0,1.0,1.0,Albion Park,0.9013690476190476,0,5.364193704,93.21065337874683,-0.0678934662125319
578,2022-12-16,Bernardo Bowl,RaceType.GREYHOUND_RACE,AUS,4.2,4.10625,1.0,1.0,1.0,Murray Bridge,0.9776785714285714,0,3.8693937561909113,108.54413545481457,0.08544135454814572
579,2022-12-16,Canya Razor,RaceType.GREYHOUND_RACE,AUS,1.75,1.758,1.0,1.0,1.0,Murray Bridge,1.0045714285714287,0,1.7417655641191234,100.47276373184246,0.004727637318424738
580,2022-12-16,Cousin Winnie,RaceType.HORSE_RACE,USA,3.0,2.85,1.0,1.0,1.0,Charles Town,0.9500000000000001,1,3.475404398366809,86.32088977644688,-0.13679110223553126
581,2022-12-16,Dried Pepper,RaceType.HORSE_RACE,USA,3.0,2.9754545454545456,1.0,1.0,1.0,Delta Downs,0.9918181818181818,0,3.0572637011483312,98.12696231840182,-0.018730376815981775
582,2022-12-16,Festival Dancer,RaceType.GREYHOUND_RACE,AUS,6.0,5.863636363636364,1.0,1.0,1.0,Murray Bridge,0.9772727272727274,0,5.97388822678302,100.43709845624349,0.004370984562435121
583,2022-12-16,Fort Knox,RaceType.HORSE_RACE,USA,9.0,99995.0,1.0,1.0,1.0,Remington Park,11110.555555555555,0,12.0,75.0,-0.25
584,2022-12-16,French Wish,RaceType.GREYHOUND_RACE,AUS,1.95,1.9361818181818184,1.0,1.0,1.0,Murray Bridge,0.9929137529137531,1,2.24,87.05357142857142,-0.1294642857142858
585,2022-12-16,Goldies A Delight,RaceType.TROT_RACE,AUS,4.6,4.400531914893618,1.0,1.0,1.0,Albion Park,0.9566373728029605,1,3.6874154274007376,124.74862381433773,0.24748623814337722
586,2022-12-16,Grab The Pizzas,RaceType.GREYHOUND_RACE,AUS,4.4,4.057142857142857,1.0,1.0,1.0,Murray Bridge,0.9220779220779219,0,4.4,100.0,1.1102230246251565e-16
587,2022-12-16,Las Vegas Blvd,RaceType.HORSE_RACE,USA,10.0,7.514285714285714,1.0,1.0,1.0,Charles Town,0.7514285714285714,0,10.925062528,91.53265690123838,-0.08467343098761626
588,2022-12-16,Laughintothebank,RaceType.HORSE_RACE,USA,1.65,1.6328571428571428,1.0,1.0,1.0,Charles Town,0.9896103896103896,0,1.496258493,110.27506328079369,0.10275063280793689
589,2022-12-16,Little Nosey,RaceType.GREYHOUND_RACE,AUS,5.5,5.235460992907802,1.0,1.0,1.0,Addington,0.9519019987105094,0,5.330229784,103.18504497704033,0.0318504497704033
590,2022-12-16,Mister Wayside,RaceType.HORSE_RACE,USA,2.35,2.3401785714285714,1.0,1.0,1.0,Remington Park,0.9958206686930091,0,3.034275669135703,77.44846731969429,-0.22551532680305714
591,2022-12-16,Old Malt,RaceType.GREYHOUND_RACE,AUS,2.05,2.0966666666666667,1.0,1.0,1.0,Addington,1.0227642276422766,0,2.0972791808421967,97.74568968814104,-0.022543103118589647
592,2022-12-16,Orrong Road,RaceType.HORSE_RACE,AUS,4.6,4.442465753424658,1.0,1.0,1.0,Geelong,0.9657534246575344,0,4.4,104.54545454545452,0.045454545454545414
593,2022-12-16,Piazza Minerva,RaceType.GREYHOUND_RACE,AUS,2.7,2.659148936170213,1.0,1.0,1.0,Townsville,0.984869976359338,0,3.1,87.09677419354838,-0.12903225806451613
594,2022-12-16,Rons Brother,RaceType.GREYHOUND_RACE,AUS,5.0,4.825,1.0,1.0,1.0,Ipswich,0.9650000000000001,0,5.1,98.03921568627452,-0.019607843137254832
595,2022-12-16,Rowdy River,RaceType.HORSE_RACE,USA,4.4,4.216666666666667,1.0,1.0,1.0,Remington Park,0.9583333333333333,1,4.3,102.32558139534885,0.023255813953488413
596,2022-12-16,Ryan Express,RaceType.HORSE_RACE,USA,6.5,6.2,1.0,1.0,1.0,Remington Park,0.9538461538461539,0,7.613874173,85.37046781059276,-0.14629532189407257
597,2022-12-16,Side Kick,RaceType.GREYHOUND_RACE,AUS,2.5,2.465,1.0,1.0,1.0,Ipswich,0.986,1,2.34,106.83760683760684,0.06837606837606847
598,2022-12-16,Stopped Short,RaceType.GREYHOUND_RACE,AUS,10.0,9.488888888888887,1.0,1.0,1.0,Ballarat,0.9488888888888887,0,10.0,100.0,0.0
599,2022-12-16,Sweet Dynasty,RaceType.HORSE_RACE,USA,4.2,3.928571428571429,1.0,1.0,1.0,Remington Park,0.935374149659864,0,4.128401902106127,101.73428119625048,0.017342811962504756
600,2022-12-16,Tashkent,RaceType.HORSE_RACE,USA,3.0,99995.0,1.0,1.0,1.0,Remington Park,33331.666666666664,1,1.730919563,173.31827914640076,0.7331827914640074
601,2022-12-16,Whiskey Reef,RaceType.GREYHOUND_RACE,AUS,3.0,2.9753846153846157,1.0,1.0,1.0,Ballarat,0.9917948717948719,0,2.814156162733562,106.60389212679358,0.06603892126793587
602,2022-12-16,Whisky Nip,RaceType.GREYHOUND_RACE,AUS,4.2,4.233333333333333,1.0,1.0,1.0,Ballarat,1.007936507936508,1,3.6,116.66666666666667,0.16666666666666674
603,2022-12-16,Yankee Indian,RaceType.HORSE_RACE,USA,2.45,2.340506329113924,1.0,1.0,1.0,Remington Park,0.9553087057607853,0,2.58,94.96124031007753,-0.050387596899224785
