,Jimmyjoe,Rock Fisherman,True Confessions,Boom Nz,Whats Your Secret Nz,Cassius Deck,Yesnomaybeso,Glenavril King,Louis Litt Nz,Lochiel Nz
07-01-2023 18:46:43.964119,"(9.0, 9.2, 9.042424242424243)","(6.0, 7.4, 6.9714285714285715)","(31.0, 100.0, 57.77777777777778)","(2.5, 99999, 99990)","(4.0, 99999, 99990)","(5.0, 4.9, 4.633333333333334)","(91.0, 890.0, 450.0)","(31.0, 100.0, 70.0)","(41.0, 99999, 99990)","(26.0, 99999, 99990)"
07-01-2023 18:46:45.271303,"(9.0, 9.6, 9.042424242424243)","(6.0, 7.4, 6.9714285714285715)","(31.0, 60.0, 57.77777777777778)","(2.5, 99999, 99990)","(4.0, 99999, 99990)","(5.0, 4.8, 4.633333333333334)","(91.0, 890.0, 450.0)","(31.0, 95.0, 70.0)","(41.0, 99999, 99990)","(26.0, 99999, 99990)"
07-01-2023 18:46:46.623536,"(9.0, 9.4, 9.08)","(6.0, 7.4, 7.04)","(31.0, 60.0, 114.28571428571428)","(2.5, 99999, 99990)","(4.0, 99999, 99990)","(5.0, 4.8, 4.633333333333334)","(91.0, 880.0, 555.0)","(31.0, 95.0, 78.33333333333334)","(41.0, 99999, 99990)","(26.0, 99999, 99990)"
07-01-2023 18:46:47.920525,"(9.0, 9.4, 8.96923076923077)","(6.0, 7.4, 7.057142857142857)","(31.0, 200.0, 72.5)","(2.5, 99999, 99990)","(4.0, 99999, 99990)","(5.0, 4.8, 4.633333333333334)","(91.0, 880.0, 545.0)","(31.0, 95.0, 78.33333333333334)","(41.0, 99999, 99990)","(26.0, 99999, 99990)"
07-01-2023 18:46:49.151360,"(9.0, 9.4, 8.96923076923077)","(6.0, 7.4, 7.057142857142857)","(31.0, 80.0, 72.5)","(2.5, 99999, 99990)","(4.0, 99999, 99990)","(5.0, 4.8, 4.75)","(91.0, 860.0, 545.0)","(31.0, 95.0, 78.33333333333334)","(41.0, 99999, 99990)","(26.0, 99999, 99990)"
07-01-2023 18:46:50.377692,"(9.0, 9.4, 8.96923076923077)","(6.0, 7.2, 7.0)","(31.0, 80.0, 72.5)","(2.5, 99999, 99990)","(4.0, 99999, 99990)","(5.0, 4.8, 4.315789473684211)","(91.0, 860.0, 540.0)","(31.0, 95.0, 78.33333333333334)","(41.0, 99999, 99990)","(26.0, 99999, 99990)"
07-01-2023 18:46:51.647645,"(9.0, 9.4, 8.96923076923077)","(6.0, 7.2, 7.0)","(31.0, 80.0, 72.5)","(2.5, 99999, 99990)","(4.0, 99999, 99990)","(5.0, 4.4, 4.775)","(91.0, 850.0, 540.0)","(31.0, 95.0, 78.33333333333334)","(41.0, 99999, 99990)","(26.0, 99999, 99990)"
07-01-2023 18:46:52.930744,"(9.0, 9.4, 8.777777777777777)","(6.0, 7.2, 7.0)","(31.0, 80.0, 72.5)","(2.5, 99999, 99990)","(4.0, 99999, 99990)","(5.0, 4.9, 4.677777777777778)","(91.0, 850.0, 540.0)","(31.0, 95.0, 78.33333333333334)","(41.0, 99999, 99990)","(26.0, 99999, 99990)"
07-01-2023 18:46:54.268465,"(9.0, 9.4, 8.777777777777777)","(6.0, 7.2, 7.0)","(31.0, 80.0, 72.5)","(2.5, 99999, 99990)","(4.0, 99999, 99990)","(5.0, 4.9, 4.847368421052632)","(91.0, 850.0, 540.0)","(31.0, 95.0, 78.33333333333334)","(41.0, 99999, 99990)","(26.0, 99999, 99990)"
07-01-2023 18:46:55.621951,"(9.0, 9.4, 9.100000000000001)","(6.0, 7.2, 7.0)","(31.0, 80.0, 72.5)","(2.5, 99999, 99990)","(4.0, 99999, 99990)","(5.0, 4.9, 4.677777777777778)","(91.0, 850.0, 540.0)","(31.0, 95.0, 78.33333333333334)","(41.0, 99999, 99990)","(26.0, 99999, 99990)"
07-01-2023 18:46:57.004209,"(9.0, 10.5, 10.415384615384616)","(6.0, 7.6, 6.987096774193548)","(31.0, 80.0, 75.83333333333334)","(2.5, 99999, 99990)","(4.0, 99999, 99990)","(5.0, 4.9, 4.561764705882354)","(91.0, 850.0, 540.0)","(31.0, 95.0, 78.33333333333334)","(41.0, 99999, 99990)","(26.0, 99999, 99990)"
07-01-2023 18:46:58.339887,"(9.0, 10.5, 10.05)","(6.0, 7.6, 6.9714285714285715)","(31.0, 80.0, 75.83333333333334)","(2.5, 99999, 99990)","(4.0, 99999, 99990)","(5.0, 4.9, 4.6571428571428575)","(91.0, 850.0, 535.0)","(31.0, 95.0, 78.33333333333334)","(41.0, 99999, 99990)","(26.0, 99999, 99990)"
07-01-2023 18:46:59.602447,"(9.0, 10.5, 10.05)","(6.0, 7.4, 6.9714285714285715)","(31.0, 80.0, 75.83333333333334)","(2.5, 99999, 99990)","(4.0, 99999, 99990)","(5.0, 4.8, 4.341666666666667)","(91.0, 840.0, 530.0)","(31.0, 95.0, 78.33333333333334)","(41.0, 99999, 99990)","(26.0, 99999, 99990)"
07-01-2023 18:47:00.838512,"(9.0, 10.5, 10.05)","(6.0, 7.4, 6.9714285714285715)","(31.0, 80.0, 72.5)","(2.5, 99999, 99990)","(4.0, 99999, 99990)","(5.0, 4.4, 4.341666666666667)","(91.0, 830.0, 680.0)","(31.0, 95.0, 78.33333333333334)","(41.0, 99999, 99990)","(26.0, 99999, 99990)"
07-01-2023 18:47:02.015046,"(9.0, 10.5, 10.05)","(6.0, 7.4, 7.057142857142857)","(31.0, 80.0, 72.5)","(2.5, 99999, 99990)","(4.0, 99999, 99990)","(5.0, 4.4, 4.341666666666667)","(91.0, 830.0, 680.0)","(31.0, 95.0, 70.0)","(41.0, 99999, 99990)","(26.0, 99999, 99990)"
07-01-2023 18:47:03.227439,"(9.0, 10.5, 10.415384615384616)","(6.0, 7.2, 6.771428571428571)","(31.0, 75.0, 57.0)","(2.5, 99999, 99990)","(4.0, 99999, 99990)","(5.0, 5.0, 4.685714285714286)","(91.0, 830.0, 425.0)","(31.0, 95.0, 70.5)","(41.0, 99999, 99990)","(26.0, 99999, 99990)"
07-01-2023 18:47:04.545366,"(9.0, 9.4, 9.36)","(6.0, 7.2, 6.771428571428571)","(31.0, 75.0, 53.4)","(2.5, 99999, 99990)","(4.0, 99999, 99990)","(5.0, 4.8, 4.59047619047619)","(91.0, 980.0, 425.0)","(31.0, 95.0, 68.27272727272727)","(41.0, 99999, 99990)","(26.0, 99999, 99990)"
07-01-2023 18:47:05.900081,"(9.0, 10.5, 10.378571428571428)","(6.0, 7.2, 6.771428571428571)","(31.0, 75.0, 62.666666666666664)","(2.5, 99999, 99990)","(4.0, 99999, 99990)","(5.0, 4.8, 4.59047619047619)","(91.0, 980.0, 425.0)","(31.0, 95.0, 68.27272727272727)","(41.0, 99999, 99990)","(26.0, 99999, 99990)"
07-01-2023 18:47:07.246298,"(9.0, 10.0, 9.666666666666666)","(6.0, 7.2, 6.771428571428571)","(31.0, 70.0, 62.666666666666664)","(2.5, 99999, 99990)","(4.0, 99999, 99990)","(5.0, 4.8, 4.707692307692308)","(91.0, 980.0, 425.0)","(31.0, 95.0, 58.25)","(41.0, 99999, 99990)","(26.0, 99999, 99990)"
07-01-2023 18:47:08.701550,"(9.0, 10.0, 9.4)","(6.0, 7.2, 7.122580645161291)","(31.0, 70.0, 62.666666666666664)","(2.5, 99999, 99990)","(4.0, 99999, 99990)","(5.0, 4.8, 4.6909090909090905)","(91.0, 980.0, 425.0)","(31.0, 95.0, 58.25)","(41.0, 99999, 99990)","(26.0, 99999, 99990)"
07-01-2023 18:47:09.981021,"(8.0, 10.0, 9.4)","(6.0, 7.2, 7.02)","(31.0, 70.0, 62.666666666666664)","(2.8, 99999, 99990)","(4.2, 99999, 99990)","(4.2, 4.8, 4.991093117408907)","(101.0, 980.0, 432.5)","(31.0, 95.0, 63.2)","(41.0, 99999, 99990)","(26.0, 99999, 99990)"
07-01-2023 18:47:11.170187,"(8.0, 10.0, 9.4)","(6.0, 7.2, 7.02)","(31.0, 70.0, 62.666666666666664)","(2.8, 99999, 99990)","(4.2, 99999, 99990)","(4.2, 5.0, 4.991093117408907)","(101.0, 980.0, 432.5)","(31.0, 95.0, 63.2)","(41.0, 99999, 99990)","(26.0, 99999, 99990)"
07-01-2023 18:47:12.331961,"(8.0, 9.8, 9.32)","(6.0, 7.2, 7.02)","(31.0, 70.0, 62.666666666666664)","(2.8, 99999, 99990)","(4.2, 99999, 99990)","(4.2, 5.0, 4.989558232931727)","(101.0, 980.0, 432.5)","(31.0, 65.0, 59.25)","(41.0, 99999, 99990)","(26.0, 99999, 99990)"
07-01-2023 18:47:13.551586,"(8.0, 9.8, 9.371428571428572)","(6.0, 7.2, 6.812121212121212)","(31.0, 70.0, 62.666666666666664)","(2.8, 99999, 99990)","(4.2, 99999, 99990)","(4.2, 5.0, 4.991093117408907)","(101.0, 980.0, 432.5)","(31.0, 65.0, 59.25)","(41.0, 99999, 99990)","(26.0, 99999, 99990)"
07-01-2023 18:47:14.757918,"(8.0, 9.8, 9.371428571428572)","(6.0, 7.4, 7.323076923076924)","(31.0, 70.0, 62.666666666666664)","(2.8, 99999, 99990)","(4.2, 99999, 99990)","(4.2, 5.0, 4.991093117408907)","(101.0, 980.0, 432.5)","(31.0, 65.0, 61.55555555555556)","(41.0, 99999, 99990)","(26.0, 99999, 99990)"
07-01-2023 18:47:16.031910,"(8.0, 9.8, 9.371428571428572)","(6.0, 7.4, 7.252941176470588)","(31.0, 70.0, 62.666666666666664)","(2.8, 99999, 99990)","(4.2, 99999, 99990)","(4.2, 5.0, 4.979342723004695)","(101.0, 970.0, 430.0)","(31.0, 65.0, 48.0)","(41.0, 99999, 99990)","(26.0, 99999, 99990)"
07-01-2023 18:47:17.391858,"(8.0, 9.8, 9.371428571428572)","(6.0, 7.4, 6.955555555555556)","(31.0, 70.0, 62.666666666666664)","(2.8, 99999, 99990)","(4.2, 99999, 99990)","(4.2, 5.0, 5.188732394366197)","(101.0, 970.0, 430.0)","(31.0, 60.0, 40.0)","(41.0, 99999, 99990)","(26.0, 99999, 99990)"
07-01-2023 18:47:18.702044,"(8.0, 9.8, 9.371428571428572)","(6.0, 7.4, 6.955555555555556)","(31.0, 70.0, 62.666666666666664)","(2.8, 99999, 99990)","(4.2, 99999, 99990)","(4.2, 5.2, 5.1937500000000005)","(101.0, 970.0, 430.0)","(31.0, 60.0, 40.0)","(41.0, 99999, 99990)","(26.0, 99999, 99990)"
07-01-2023 18:47:20.064823,"(8.0, 9.6, 9.257142857142858)","(6.0, 7.2, 6.8)","(31.0, 70.0, 64.0)","(2.8, 99999, 99990)","(4.2, 99999, 99990)","(4.2, 5.2, 5.1117117117117115)","(101.0, 970.0, 486.66666666666663)","(31.0, 60.0, 47.77777777777778)","(41.0, 99999, 99990)","(26.0, 99999, 99990)"
07-01-2023 18:47:21.365761,"(8.0, 9.8, 9.56923076923077)","(6.0, 7.2, 6.8)","(31.0, 70.0, 64.0)","(2.8, 99999, 99990)","(4.2, 99999, 99990)","(4.2, 5.2, 5.290909090909091)","(101.0, 960.0, 486.66666666666663)","(31.0, 60.0, 48.0)","(41.0, 99999, 99990)","(26.0, 99999, 99990)"
07-01-2023 18:47:22.594955,"(8.0, 9.8, 9.523076923076923)","(6.0, 7.2, 6.8)","(31.0, 70.0, 64.0)","(2.8, 99999, 99990)","(4.2, 99999, 99990)","(4.2, 5.4, 5.254545454545455)","(101.0, 960.0, 483.33333333333337)","(31.0, 60.0, 48.0)","(41.0, 99999, 99990)","(26.0, 99999, 99990)"
07-01-2023 18:47:23.871634,"(8.0, 9.8, 9.588235294117649)","(6.0, 7.2, 7.1000000000000005)","(31.0, 70.0, 64.0)","(2.8, 99999, 99990)","(4.2, 99999, 99990)","(4.2, 5.4, 5.377981651376147)","(101.0, 950.0, 483.33333333333337)","(31.0, 60.0, 50.769230769230774)","(41.0, 99999, 99990)","(26.0, 99999, 99990)"
07-01-2023 18:47:25.092668,"(8.0, 9.8, 9.440000000000001)","(6.0, 7.2, 7.1000000000000005)","(31.0, 70.0, 64.0)","(2.8, 99999, 99990)","(4.2, 99999, 99990)","(4.2, 5.4, 5.3847619047619055)","(101.0, 950.0, 480.0)","(31.0, 60.0, 50.769230769230774)","(41.0, 99999, 99990)","(26.0, 99999, 99990)"
07-01-2023 18:47:26.362723,"(8.0, 9.8, 9.588235294117649)","(6.0, 7.0, 6.96)","(31.0, 70.0, 64.0)","(2.8, 99999, 99990)","(4.2, 99999, 99990)","(4.2, 5.4, 5.3847619047619055)","(101.0, 940.0, 480.0)","(31.0, 60.0, 50.769230769230774)","(41.0, 99999, 99990)","(26.0, 99999, 99990)"
07-01-2023 18:47:27.626597,"(8.0, 9.8, 9.588235294117649)","(6.0, 7.0, 6.96)","(31.0, 70.0, 64.0)","(2.8, 99999, 99990)","(4.2, 99999, 99990)","(4.2, 5.4, 5.3847619047619055)","(101.0, 940.0, 480.0)","(31.0, 60.0, 50.769230769230774)","(41.0, 99999, 99990)","(26.0, 99999, 99990)"
07-01-2023 18:47:28.954099,"(8.0, 9.8, 9.588235294117649)","(6.0, 7.0, 6.96)","(31.0, 70.0, 64.0)","(2.8, 99999, 99990)","(4.2, 99999, 99990)","(4.2, 5.4, 5.3847619047619055)","(101.0, 920.0, 473.33333333333337)","(31.0, 60.0, 50.769230769230774)","(41.0, 99999, 99990)","(26.0, 99999, 99990)"
07-01-2023 18:47:30.241002,"(8.0, 9.8, 9.588235294117649)","(6.0, 7.0, 6.96)","(31.0, 70.0, 64.0)","(2.8, 99999, 99990)","(4.2, 99999, 99990)","(4.2, 5.4, 5.984313725490196)","(101.0, 920.0, 718.5714285714286)","(31.0, 60.0, 50.769230769230774)","(41.0, 99999, 99990)","(26.0, 99999, 99990)"
07-01-2023 18:47:31.569960,"(8.0, 9.6, 9.36923076923077)","(6.0, 7.0, 6.96)","(31.0, 70.0, 64.0)","(2.8, 99999, 99990)","(4.2, 99999, 99990)","(4.2, 6.0, 5.45)","(101.0, 910.0, 470.0)","(31.0, 60.0, 48.25)","(41.0, 99999, 99990)","(26.0, 99999, 99990)"
07-01-2023 18:47:32.862775,"(8.0, 9.6, 9.36923076923077)","(6.0, 7.6, 7.052631578947368)","(31.0, 70.0, 68.6)","(2.8, 99999, 99990)","(4.2, 99999, 99990)","(4.2, 5.9, 5.793069306930693)","(101.0, 910.0, 470.0)","(31.0, 50.0, 43.0)","(41.0, 99999, 99990)","(26.0, 99999, 99990)"
07-01-2023 18:47:34.113518,"(8.0, 9.6, 9.483870967741936)","(6.0, 7.6, 7.261111111111111)","(31.0, 70.0, 68.6)","(2.8, 99999, 99990)","(4.2, 99999, 99990)","(4.2, 5.8, 5.660747663551402)","(101.0, 910.0, 470.0)","(31.0, 48.0, 43.0)","(41.0, 99999, 99990)","(26.0, 99999, 99990)"
07-01-2023 18:47:35.320753,"(8.0, 9.6, 9.483870967741936)","(6.0, 7.4, 7.275)","(31.0, 70.0, 68.6)","(2.8, 99999, 99990)","(4.2, 99999, 99990)","(4.2, 5.7, 5.589247311827957)","(101.0, 910.0, 470.0)","(31.0, 48.0, 43.0)","(41.0, 99999, 99990)","(26.0, 99999, 99990)"
07-01-2023 18:47:36.519622,"(8.0, 9.6, 9.483870967741936)","(6.0, 7.2, 7.1000000000000005)","(31.0, 70.0, 68.6)","(2.8, 99999, 99990)","(4.2, 99999, 99990)","(4.2, 5.6, 5.340845070422535)","(101.0, 910.0, 718.5714285714286)","(31.0, 48.0, 43.0)","(41.0, 99999, 99990)","(26.0, 99999, 99990)"
07-01-2023 18:47:37.781701,"(8.0, 10.5, 10.296774193548387)","(6.0, 7.2, 7.1000000000000005)","(31.0, 70.0, 65.66666666666666)","(2.8, 99999, 99990)","(4.2, 99999, 99990)","(4.2, 5.4, 5.29375)","(101.0, 910.0, 711.4285714285714)","(31.0, 48.0, 43.0)","(41.0, 99999, 99990)","(26.0, 99999, 99990)"
07-01-2023 18:47:39.143674,"(8.0, 9.8, 9.5)","(6.0, 7.0, 6.96)","(31.0, 70.0, 65.66666666666666)","(2.8, 99999, 99990)","(4.2, 99999, 99990)","(4.2, 5.4, 5.286486486486487)","(101.0, 900.0, 704.2857142857143)","(31.0, 48.0, 44.4)","(41.0, 99999, 99990)","(26.0, 99999, 99990)"
07-01-2023 18:47:40.474598,"(8.0, 9.8, 9.575000000000001)","(6.0, 7.0, 6.96)","(31.0, 70.0, 65.66666666666666)","(2.8, 99999, 99990)","(4.2, 99999, 99990)","(4.2, 5.3, 5.078333333333333)","(101.0, 890.0, 704.2857142857143)","(31.0, 48.0, 44.4)","(41.0, 99999, 99990)","(26.0, 99999, 99990)"
07-01-2023 18:47:41.802436,"(8.0, 9.8, 9.620000000000001)","(6.0, 7.2, 6.814814814814815)","(31.0, 70.0, 65.66666666666666)","(2.8, 99999, 99990)","(4.2, 99999, 99990)","(4.2, 5.1, 5.07258064516129)","(101.0, 890.0, 704.2857142857143)","(31.0, 48.0, 44.4)","(41.0, 99999, 99990)","(26.0, 99999, 99990)"
07-01-2023 18:47:43.146909,"(8.0, 9.8, 9.620000000000001)","(6.0, 7.6, 7.323076923076924)","(31.0, 70.0, 65.66666666666666)","(2.8, 99999, 99990)","(4.2, 99999, 99990)","(4.2, 5.1, 5.064948453608247)","(101.0, 890.0, 697.1428571428571)","(31.0, 48.0, 44.4)","(41.0, 99999, 99990)","(26.0, 99999, 99990)"
07-01-2023 18:47:44.377008,"(8.0, 9.8, 9.620000000000001)","(6.0, 7.4, 7.227586206896552)","(31.0, 70.0, 65.66666666666666)","(2.8, 99999, 99990)","(4.2, 99999, 99990)","(4.2, 5.1, 5.0227272727272725)","(101.0, 880.0, 456.66666666666663)","(31.0, 48.0, 45.5)","(41.0, 99999, 99990)","(26.0, 99999, 99990)"
07-01-2023 18:47:45.589120,"(8.0, 9.8, 9.620000000000001)","(6.0, 7.4, 7.333333333333334)","(31.0, 70.0, 65.66666666666666)","(2.8, 99999, 99990)","(4.2, 99999, 99990)","(4.2, 5.1, 4.9904761904761905)","(101.0, 870.0, 456.66666666666663)","(31.0, 46.0, 41.714285714285715)","(41.0, 99999, 99990)","(26.0, 99999, 99990)"
07-01-2023 18:47:46.816106,"(8.0, 9.8, 9.620000000000001)","(6.0, 7.2, 7.1466666666666665)","(31.0, 70.0, 65.66666666666666)","(2.8, 99999, 99990)","(4.2, 99999, 99990)","(4.2, 5.0, 4.974509803921569)","(101.0, 870.0, 453.33333333333337)","(31.0, 46.0, 43.27272727272727)","(41.0, 99999, 99990)","(26.0, 99999, 99990)"
07-01-2023 18:47:48.037261,"(8.0, 9.8, 9.620000000000001)","(6.0, 7.0, 6.953846153846154)","(31.0, 70.0, 65.66666666666666)","(2.8, 99999, 99990)","(4.2, 99999, 99990)","(4.2, 5.0, 4.969047619047619)","(101.0, 860.0, 453.33333333333337)","(31.0, 46.0, 43.27272727272727)","(41.0, 99999, 99990)","(26.0, 99999, 99990)"
07-01-2023 18:47:49.358224,"(8.0, 9.8, 9.620000000000001)","(6.0, 7.0, 6.953846153846154)","(31.0, 70.0, 65.66666666666666)","(2.8, 99999, 99990)","(4.2, 99999, 99990)","(4.2, 5.0, 4.91304347826087)","(101.0, 860.0, 450.0)","(31.0, 46.0, 43.27272727272727)","(41.0, 99999, 99990)","(26.0, 99999, 99990)"
07-01-2023 18:47:50.668355,"(8.0, 9.8, 9.620000000000001)","(6.0, 7.0, 6.953846153846154)","(31.0, 70.0, 65.66666666666666)","(2.8, 99999, 99990)","(4.2, 99999, 99990)","(4.2, 5.0, 4.800000000000001)","(101.0, 850.0, 450.0)","(31.0, 46.0, 43.27272727272727)","(41.0, 99999, 99990)","(26.0, 99999, 99990)"
07-01-2023 18:47:51.956737,"(8.0, 9.8, 9.610526315789475)","(6.0, 7.0, 6.858064516129032)","(31.0, 70.0, 65.66666666666666)","(2.8, 99999, 99990)","(4.2, 99999, 99990)","(4.2, 4.9, 4.430434782608695)","(101.0, 850.0, 446.66666666666663)","(31.0, 46.0, 43.27272727272727)","(41.0, 99999, 99990)","(26.0, 99999, 99990)"
07-01-2023 18:47:53.274224,"(8.0, 9.8, 9.200000000000001)","(6.0, 7.6, 7.327272727272727)","(31.0, 70.0, 62.666666666666664)","(2.8, 99999, 99990)","(4.2, 99999, 99990)","(4.2, 4.9, 4.56)","(101.0, 840.0, 446.66666666666663)","(31.0, 46.0, 42.0)","(41.0, 99999, 99990)","(26.0, 99999, 99990)"
07-01-2023 18:47:54.544533,"(8.0, 9.8, 9.200000000000001)","(6.0, 7.4, 7.342857142857143)","(31.0, 70.0, 62.666666666666664)","(2.8, 99999, 99990)","(4.2, 99999, 99990)","(4.2, 4.6, 4.5777777777777775)","(101.0, 840.0, 443.33333333333337)","(31.0, 46.0, 42.0)","(41.0, 99999, 99990)","(26.0, 99999, 99990)"
07-01-2023 18:47:55.875992,"(8.0, 9.8, 9.523076923076923)","(6.0, 7.4, 7.2823529411764705)","(31.0, 70.0, 62.666666666666664)","(2.8, 99999, 99990)","(4.2, 99999, 99990)","(4.2, 4.6, 4.55)","(101.0, 830.0, 440.0)","(31.0, 46.0, 40.0)","(41.0, 99999, 99990)","(26.0, 99999, 99990)"
07-01-2023 18:47:57.157637,"(8.0, 9.8, 9.523076923076923)","(6.0, 9.2, 8.4)","(31.0, 70.0, 64.5)","(2.8, 99999, 99990)","(4.2, 99999, 99990)","(4.2, 4.6, 4.55)","(101.0, 820.0, 440.0)","(31.0, 46.0, 40.0)","(41.0, 99999, 99990)","(26.0, 99999, 99990)"
07-01-2023 18:47:58.437545,"(8.0, 9.8, 9.523076923076923)","(6.0, 9.0, 8.466666666666667)","(31.0, 70.0, 59.0)","(2.8, 99999, 99990)","(4.2, 99999, 99990)","(4.2, 4.6, 4.55)","(101.0, 820.0, 436.66666666666663)","(31.0, 46.0, 43.333333333333336)","(41.0, 99999, 99990)","(26.0, 99999, 99990)"
07-01-2023 18:47:59.849309,"(8.0, 9.6, 9.299999999999999)","(6.0, 8.8, 7.969230769230769)","(31.0, 70.0, 68.25)","(2.8, 99999, 99990)","(4.2, 99999, 99990)","(4.2, 4.6, 4.55)","(101.0, 810.0, 436.66666666666663)","(31.0, 46.0, 43.333333333333336)","(51.0, 99999, 99990)","(26.0, 99999, 99990)"
07-01-2023 18:48:01.204139,"(8.0, 9.6, 8.95)","(6.0, 9.0, 7.973333333333334)","(31.0, 70.0, 63.5)","(2.8, 99999, 99990)","(4.2, 99999, 99990)","(4.2, 4.6, 4.41764705882353)","(101.0, 810.0, 436.66666666666663)","(31.0, 46.0, 43.333333333333336)","(51.0, 99999, 99990)","(26.0, 99999, 99990)"
07-01-2023 18:48:02.588169,"(8.0, 9.0, 9.36923076923077)","(6.0, 8.0, 8.657142857142858)","(31.0, 70.0, 50.3)","(2.8, 99999, 99990)","(4.2, 99999, 99990)","(4.2, 4.5, 4.277777777777778)","(101.0, 810.0, 436.66666666666663)","(31.0, 46.0, 43.333333333333336)","(51.0, 99999, 99990)","(26.0, 99999, 99990)"
07-01-2023 18:48:03.896851,"(8.0, 9.6, 9.36923076923077)","(6.0, 8.8, 8.657142857142858)","(31.0, 65.0, 50.3)","(2.8, 99999, 99990)","(4.2, 99999, 99990)","(4.2, 4.3, 4.192982456140351)","(101.0, 810.0, 436.66666666666663)","(31.0, 46.0, 43.333333333333336)","(51.0, 99999, 99990)","(26.0, 99999, 99990)"
07-01-2023 18:48:05.257513,"(8.0, 10.5, 9.870000000000001)","(6.0, 9.0, 8.2)","(31.0, 60.0, 56.0)","(2.8, 99999, 99990)","(4.2, 99999, 99990)","(4.2, 4.2, 4.192982456140351)","(101.0, 810.0, 436.66666666666663)","(31.0, 46.0, 43.333333333333336)","(51.0, 99999, 99990)","(26.0, 99999, 99990)"
07-01-2023 18:48:06.510034,"(8.0, 10.0, 9.71764705882353)","(6.0, 9.0, 8.84)","(31.0, 60.0, 56.5)","(2.8, 99999, 99990)","(4.2, 99999, 99990)","(4.2, 4.2, 4.122222222222222)","(101.0, 810.0, 436.66666666666663)","(31.0, 46.0, 41.0)","(51.0, 99999, 99990)","(26.0, 99999, 99990)"
07-01-2023 18:48:07.797545,"(8.0, 10.0, 9.610810810810811)","(6.0, 9.0, 8.84)","(31.0, 65.0, 51.7)","(2.8, 99999, 99990)","(4.2, 99999, 99990)","(4.2, 4.2, 4.120689655172414)","(101.0, 810.0, 496.66666666666663)","(31.0, 46.0, 41.63636363636364)","(51.0, 99999, 99990)","(26.0, 99999, 99990)"
07-01-2023 18:48:09.032132,"(7.5, 9.8, 9.66451612903226)","(6.0, 9.0, 8.84)","(31.0, 65.0, 53.125)","(2.9, 99999, 99990)","(4.2, 99999, 99990)","(4.0, 4.2, 4.152173913043478)","(101.0, 990.0, 496.66666666666663)","(31.0, 46.0, 38.4)","(51.0, 99999, 99990)","(26.0, 99999, 99990)"
07-01-2023 18:48:10.355885,"(7.5, 9.6, 9.36)","(6.0, 9.0, 8.75)","(31.0, 65.0, 56.36363636363636)","(2.9, 99999, 99990)","(4.2, 99999, 99990)","(4.0, 4.3, 4.195652173913043)","(101.0, 990.0, 496.66666666666663)","(31.0, 44.0, 41.6)","(51.0, 99999, 99990)","(26.0, 99999, 99990)"
07-01-2023 18:48:11.781891,"(7.5, 9.4, 9.200000000000001)","(6.0, 9.0, 8.866666666666667)","(31.0, 65.0, 56.36363636363636)","(2.9, 99999, 99990)","(4.2, 99999, 99990)","(4.0, 4.3, 4.205263157894737)","(101.0, 990.0, 435.0)","(31.0, 44.0, 42.434782608695656)","(51.0, 99999, 99990)","(26.0, 99999, 99990)"
07-01-2023 18:48:13.107330,"(7.5, 9.2, 9.058823529411764)","(6.0, 9.0, 8.866666666666667)","(31.0, 65.0, 56.36363636363636)","(2.9, 99999, 99990)","(4.2, 99999, 99990)","(4.0, 4.3, 4.1499999999999995)","(101.0, 990.0, 610.0)","(31.0, 44.0, 39.0)","(51.0, 99999, 99990)","(26.0, 99999, 99990)"
07-01-2023 18:48:14.372246,"(7.5, 9.2, 9.058823529411764)","(6.0, 9.0, 9.3)","(31.0, 65.0, 56.36363636363636)","(2.9, 99999, 99990)","(4.2, 99999, 99990)","(4.0, 4.2, 4.165116279069768)","(101.0, 970.0, 483.33333333333337)","(31.0, 44.0, 39.0)","(51.0, 99999, 99990)","(26.0, 99999, 99990)"
07-01-2023 18:48:15.682756,"(7.5, 9.2, 9.058823529411764)","(6.0, 9.4, 9.3)","(31.0, 65.0, 56.36363636363636)","(2.9, 99999, 99990)","(4.2, 99999, 99990)","(3.9, 4.3, 4.192592592592592)","(101.0, 950.0, 480.0)","(31.0, 44.0, 39.0)","(51.0, 99999, 99990)","(26.0, 99999, 99990)"
07-01-2023 18:48:17.135874,"(7.5, 9.2, 9.122580645161289)","(6.0, 9.4, 9.3)","(31.0, 65.0, 56.5)","(2.9, 99999, 99990)","(4.2, 99999, 99990)","(3.9, 4.3, 4.16875)","(101.0, 940.0, 585.0)","(31.0, 44.0, 39.0)","(51.0, 99999, 99990)","(26.0, 99999, 99990)"
07-01-2023 18:48:18.452860,"(7.5, 9.2, 9.122580645161289)","(6.0, 9.4, 8.65)","(31.0, 60.0, 53.63636363636364)","(2.9, 99999, 99990)","(4.2, 99999, 99990)","(3.9, 4.3, 4.105555555555555)","(101.0, 920.0, 585.0)","(31.0, 44.0, 41.0)","(51.0, 99999, 99990)","(26.0, 99999, 99990)"
07-01-2023 18:48:19.792512,"(7.5, 9.2, 8.899999999999999)","(6.0, 9.2, 8.65)","(31.0, 60.0, 53.63636363636364)","(2.9, 99999, 99990)","(4.2, 99999, 99990)","(3.9, 4.3, 4.105555555555555)","(101.0, 920.0, 466.66666666666663)","(31.0, 44.0, 41.27272727272727)","(51.0, 99999, 99990)","(26.0, 99999, 99990)"
07-01-2023 18:48:21.340942,"(7.5, 9.2, 8.899999999999999)","(6.0, 9.2, 8.65)","(31.0, 60.0, 53.63636363636364)","(2.9, 99999, 99990)","(4.2, 99999, 99990)","(3.9, 4.3, 4.105555555555555)","(101.0, 900.0, 466.66666666666663)","(31.0, 44.0, 41.27272727272727)","(51.0, 99999, 99990)","(26.0, 99999, 99990)"
07-01-2023 18:48:22.803884,"(7.5, 9.2, 8.899999999999999)","(6.0, 9.2, 8.65)","(31.0, 60.0, 53.63636363636364)","(2.9, 99999, 99990)","(4.2, 99999, 99990)","(3.9, 4.3, 4.105555555555555)","(101.0, 900.0, 466.66666666666663)","(31.0, 44.0, 41.27272727272727)","(51.0, 99999, 99990)","(26.0, 99999, 99990)"
07-01-2023 18:48:24.310609,"(7.5, 9.2, 8.899999999999999)","(6.0, 9.0, 8.866666666666667)","(31.0, 60.0, 55.333333333333336)","(2.9, 99999, 99990)","(4.2, 99999, 99990)","(3.9, 4.3, 4.146153846153846)","(101.0, 890.0, 460.0)","(31.0, 44.0, 41.27272727272727)","(51.0, 99999, 99990)","(26.0, 99999, 99990)"
07-01-2023 18:48:25.555543,"(7.5, 9.2, 8.899999999999999)","(6.0, 9.0, 8.84)","(31.0, 60.0, 55.333333333333336)","(2.9, 99999, 99990)","(4.2, 99999, 99990)","(3.8, 4.3, 4.146153846153846)","(101.0, 880.0, 460.0)","(31.0, 44.0, 41.27272727272727)","(51.0, 99999, 99990)","(26.0, 99999, 99990)"
07-01-2023 18:48:26.778455,"(7.5, 9.2, 8.899999999999999)","(6.0, 9.0, 8.9)","(31.0, 60.0, 55.333333333333336)","(2.9, 99999, 99990)","(4.2, 99999, 99990)","(3.8, 4.3, 4.106451612903226)","(101.0, 880.0, 456.66666666666663)","(31.0, 44.0, 40.375)","(51.0, 99999, 99990)","(26.0, 99999, 99990)"
07-01-2023 18:48:27.970103,"(7.5, 9.2, 9.0)","(6.0, 9.0, 8.9)","(31.0, 60.0, 55.333333333333336)","(2.9, 99999, 99990)","(4.2, 99999, 99990)","(3.8, 4.3, 4.106451612903226)","(101.0, 870.0, 453.33333333333337)","(31.0, 42.0, 36.583333333333336)","(51.0, 99999, 99990)","(26.0, 99999, 99990)"
07-01-2023 18:48:29.253436,"(7.5, 9.2, 9.0)","(6.0, 9.0, 8.9)","(31.0, 60.0, 55.333333333333336)","(2.9, 99999, 99990)","(4.2, 99999, 99990)","(3.8, 4.3, 4.115384615384615)","(101.0, 860.0, 550.0)","(31.0, 42.0, 35.0)","(51.0, 99999, 99990)","(26.0, 99999, 99990)"
07-01-2023 18:48:30.559974,"(7.5, 9.2, 9.0)","(6.0, 9.0, 8.9)","(31.0, 60.0, 55.333333333333336)","(2.9, 99999, 99990)","(4.2, 99999, 99990)","(3.8, 4.3, 4.102702702702702)","(101.0, 850.0, 550.0)","(31.0, 40.0, 35.5)","(51.0, 99999, 99990)","(31.0, 99999, 99990)"
07-01-2023 18:48:31.893862,"(7.5, 9.2, 9.0)","(6.0, 9.0, 8.9)","(41.0, 60.0, 55.333333333333336)","(3.0, 99999, 99990)","(4.4, 99999, 99990)","(3.8, 4.2, 4.09074074074074)","(101.0, 850.0, 550.0)","(31.0, 40.0, 35.5)","(51.0, 99999, 99990)","(31.0, 99999, 99990)"
07-01-2023 18:48:33.148254,"(7.5, 9.2, 8.899999999999999)","(6.0, 9.0, 8.9)","(41.0, 60.0, 55.333333333333336)","(3.0, 99999, 99990)","(4.4, 99999, 99990)","(3.8, 4.1, 4.075384615384615)","(101.0, 850.0, 550.0)","(31.0, 40.0, 35.5)","(51.0, 99999, 99990)","(31.0, 99999, 99990)"
07-01-2023 18:48:34.444348,"(7.5, 9.2, 8.899999999999999)","(6.0, 9.0, 9.36)","(41.0, 60.0, 55.333333333333336)","(3.0, 99999, 99990)","(4.4, 99999, 99990)","(3.8, 4.1, 4.075384615384615)","(101.0, 850.0, 550.0)","(31.0, 40.0, 35.5)","(51.0, 99999, 99990)","(31.0, 99999, 99990)"
07-01-2023 18:48:35.748319,"(7.5, 9.2, 8.899999999999999)","(6.0, 9.6, 9.085714285714285)","(41.0, 60.0, 55.333333333333336)","(3.0, 99999, 99990)","(4.4, 99999, 99990)","(3.8, 4.1, 4.09074074074074)","(101.0, 850.0, 550.0)","(31.0, 40.0, 35.5)","(51.0, 99999, 99990)","(31.0, 99999, 99990)"
07-01-2023 18:48:36.993521,"(7.5, 9.2, 8.664285714285715)","(6.0, 9.6, 9.15)","(41.0, 60.0, 55.333333333333336)","(3.0, 99999, 99990)","(4.4, 99999, 99990)","(3.8, 4.1, 4.09074074074074)","(101.0, 850.0, 550.0)","(31.0, 40.0, 35.5)","(51.0, 99999, 99990)","(31.0, 99999, 99990)"
07-01-2023 18:48:38.223718,"(7.5, 10.5, 9.049999999999999)","(6.0, 9.4, 9.054545454545455)","(41.0, 60.0, 55.333333333333336)","(3.0, 99999, 99990)","(4.4, 99999, 99990)","(3.8, 4.1, 4.09074074074074)","(101.0, 850.0, 550.0)","(31.0, 40.0, 35.5)","(51.0, 99999, 99990)","(31.0, 99999, 99990)"
07-01-2023 18:48:39.425465,"(7.5, 9.2, 9.114285714285714)","(6.0, 9.2, 9.054545454545455)","(41.0, 60.0, 55.333333333333336)","(3.0, 99999, 99990)","(4.4, 99999, 99990)","(3.8, 4.1, 4.09074074074074)","(101.0, 850.0, 550.0)","(31.0, 40.0, 35.5)","(51.0, 99999, 99990)","(31.0, 99999, 99990)"
07-01-2023 18:48:40.607998,"(7.5, 9.2, 9.114285714285714)","(6.0, 9.2, 9.054545454545455)","(41.0, 60.0, 55.333333333333336)","(3.0, 99999, 99990)","(4.4, 99999, 99990)","(3.8, 4.1, 4.09074074074074)","(101.0, 850.0, 550.0)","(31.0, 40.0, 35.5)","(51.0, 99999, 99990)","(31.0, 99999, 99990)"
07-01-2023 18:48:41.802404,"(7.5, 9.2, 9.049999999999999)","(6.0, 9.0, 8.94)","(41.0, 60.0, 54.75)","(3.0, 99999, 99990)","(4.4, 99999, 99990)","(3.8, 4.1, 4.094230769230769)","(101.0, 850.0, 550.0)","(31.0, 40.0, 35.5)","(51.0, 99999, 99990)","(31.0, 99999, 99990)"
07-01-2023 18:48:43.028397,"(7.5, 9.2, 9.049999999999999)","(6.0, 9.0, 8.94)","(41.0, 60.0, 54.75)","(3.0, 99999, 99990)","(4.4, 99999, 99990)","(3.8, 4.1, 4.0928571428571425)","(101.0, 850.0, 550.0)","(31.0, 40.0, 35.5)","(51.0, 99999, 99990)","(31.0, 99999, 99990)"
07-01-2023 18:48:44.283295,"(7.5, 9.2, 9.114285714285714)","(6.0, 9.0, 8.94)","(41.0, 60.0, 54.75)","(3.0, 99999, 99990)","(4.4, 99999, 99990)","(3.8, 4.1, 4.073584905660377)","(101.0, 850.0, 666.6666666666667)","(31.0, 40.0, 35.5)","(51.0, 99999, 99990)","(31.0, 99999, 99990)"
07-01-2023 18:48:45.480619,"(7.5, 9.2, 9.114285714285714)","(6.0, 9.0, 8.94)","(41.0, 60.0, 53.0)","(3.0, 99999, 99990)","(4.4, 99999, 99990)","(3.8, 4.1, 4.073584905660377)","(101.0, 850.0, 666.6666666666667)","(31.0, 40.0, 35.5)","(51.0, 99999, 99990)","(31.0, 99999, 99990)"
07-01-2023 18:48:46.678990,"(7.5, 10.5, 9.504761904761905)","(6.0, 9.0, 8.94)","(41.0, 60.0, 53.0)","(3.0, 99999, 99990)","(4.4, 99999, 99990)","(3.8, 4.1, 4.073584905660377)","(101.0, 850.0, 666.6666666666667)","(31.0, 40.0, 35.5)","(51.0, 99999, 99990)","(31.0, 99999, 99990)"
07-01-2023 18:48:47.929825,"(7.5, 10.0, 9.2)","(6.0, 9.0, 8.94)","(41.0, 60.0, 52.46153846153846)","(3.0, 99999, 99990)","(4.4, 99999, 99990)","(3.8, 4.1, 4.046987951807229)","(101.0, 850.0, 712.5)","(31.0, 40.0, 35.5)","(51.0, 99999, 99990)","(31.0, 99999, 99990)"
07-01-2023 18:48:49.265928,"(7.5, 9.8, 9.56)","(6.0, 9.0, 8.94)","(41.0, 60.0, 53.0)","(3.0, 99999, 99990)","(4.4, 99999, 99990)","(3.8, 4.1, 4.046987951807229)","(101.0, 850.0, 712.5)","(31.0, 40.0, 35.5)","(51.0, 99999, 99990)","(31.0, 99999, 99990)"
07-01-2023 18:48:50.643187,"(7.5, 9.6, 9.466666666666667)","(6.0, 9.0, 8.92)","(41.0, 60.0, 54.0)","(3.0, 99999, 99990)","(4.4, 99999, 99990)","(3.8, 4.1, 4.046987951807229)","(101.0, 850.0, 712.5)","(31.0, 40.0, 35.5)","(51.0, 99999, 99990)","(31.0, 99999, 99990)"
07-01-2023 18:48:51.947617,"(7.5, 9.6, 9.333333333333334)","(6.0, 9.0, 8.92)","(41.0, 60.0, 54.0)","(3.0, 99999, 99990)","(4.4, 99999, 99990)","(3.8, 4.1, 4.046987951807229)","(101.0, 850.0, 712.5)","(31.0, 40.0, 35.5)","(51.0, 99999, 99990)","(31.0, 99999, 99990)"
07-01-2023 18:48:53.240799,"(7.5, 9.6, 9.466666666666667)","(6.5, 9.0, 8.85)","(41.0, 60.0, 53.14285714285714)","(3.0, 99999, 99990)","(4.4, 99999, 99990)","(3.6, 4.1, 4.046987951807229)","(101.0, 850.0, 712.5)","(31.0, 40.0, 35.5)","(51.0, 99999, 99990)","(31.0, 99999, 99990)"
07-01-2023 18:48:54.470762,"(7.5, 9.6, 9.466666666666667)","(6.5, 9.0, 8.85)","(41.0, 60.0, 53.14285714285714)","(3.0, 99999, 99990)","(4.4, 99999, 99990)","(3.6, 4.1, 4.046987951807229)","(101.0, 850.0, 712.5)","(31.0, 40.0, 35.5)","(51.0, 99999, 99990)","(31.0, 99999, 99990)"
07-01-2023 18:48:55.687066,"(7.5, 9.6, 9.5)","(6.5, 9.0, 8.333333333333334)","(41.0, 60.0, 53.14285714285714)","(3.0, 99999, 99990)","(4.4, 99999, 99990)","(3.6, 4.1, 4.046987951807229)","(101.0, 850.0, 712.5)","(31.0, 40.0, 35.5)","(51.0, 99999, 99990)","(31.0, 99999, 99990)"
07-01-2023 18:48:56.888445,"(7.5, 9.8, 9.57777777777778)","(6.5, 9.0, 8.2)","(41.0, 60.0, 53.14285714285714)","(3.0, 99999, 99990)","(4.4, 99999, 99990)","(3.6, 4.1, 4.030708661417322)","(101.0, 850.0, 712.5)","(31.0, 40.0, 35.5)","(51.0, 99999, 99990)","(31.0, 99999, 99990)"
07-01-2023 18:48:58.067831,"(7.5, 9.8, 9.657142857142858)","(6.5, 9.0, 8.446153846153846)","(41.0, 60.0, 53.14285714285714)","(3.0, 99999, 99990)","(4.4, 99999, 99990)","(3.6, 4.1, 4.034814814814815)","(101.0, 850.0, 712.5)","(31.0, 40.0, 35.5)","(51.0, 99999, 99990)","(31.0, 99999, 99990)"
07-01-2023 18:48:59.314303,"(7.5, 9.8, 9.657142857142858)","(6.5, 9.0, 8.4)","(41.0, 60.0, 53.14285714285714)","(3.0, 99999, 99990)","(4.4, 99999, 99990)","(3.6, 4.1, 4.030708661417322)","(101.0, 850.0, 712.5)","(31.0, 40.0, 35.5)","(51.0, 99999, 99990)","(31.0, 99999, 99990)"
07-01-2023 18:49:00.670125,"(7.5, 9.8, 9.657142857142858)","(6.5, 9.0, 8.4)","(41.0, 60.0, 53.14285714285714)","(3.0, 99999, 99990)","(4.4, 99999, 99990)","(3.6, 4.1, 4.030708661417322)","(101.0, 850.0, 636.0)","(31.0, 40.0, 35.5)","(51.0, 99999, 99990)","(31.0, 99999, 99990)"
07-01-2023 18:49:02.014531,"(7.5, 9.8, 9.657142857142858)","(6.5, 9.0, 8.4)","(41.0, 60.0, 53.14285714285714)","(3.0, 99999, 99990)","(4.4, 99999, 99990)","(3.6, 4.1, 4.03125)","(101.0, 860.0, 712.5)","(31.0, 40.0, 35.5)","(51.0, 99999, 99990)","(31.0, 99999, 99990)"
07-01-2023 18:49:03.269941,"(8.0, 9.6, 9.781818181818181)","(7.0, 9.0, 8.781818181818181)","(41.0, 60.0, 53.14285714285714)","(3.0, 99999, 99990)","(4.6, 99999, 99990)","(3.6, 4.1, 4.035294117647059)","(101.0, 850.0, 712.5)","(26.0, 40.0, 35.5)","(51.0, 99999, 99990)","(31.0, 99999, 99990)"
07-01-2023 18:49:04.546092,"(8.0, 10.0, 9.781818181818181)","(7.0, 9.0, 8.781818181818181)","(41.0, 60.0, 53.14285714285714)","(3.0, 99999, 99990)","(4.6, 99999, 99990)","(3.6, 4.1, 4.035294117647059)","(101.0, 850.0, 712.5)","(26.0, 40.0, 35.5)","(51.0, 99999, 99990)","(31.0, 99999, 99990)"
07-01-2023 18:49:05.897600,"(8.0, 10.0, 9.781818181818181)","(7.0, 9.0, 8.815384615384616)","(41.0, 60.0, 53.14285714285714)","(3.0, 99999, 99990)","(4.6, 99999, 99990)","(3.6, 4.1, 4.035294117647059)","(101.0, 850.0, 781.25)","(26.0, 40.0, 49.5)","(51.0, 99999, 99990)","(31.0, 99999, 99990)"
07-01-2023 18:49:07.201522,"(8.0, 10.0, 9.781818181818181)","(7.0, 9.0, 8.7)","(41.0, 60.0, 53.14285714285714)","(3.0, 99999, 99990)","(4.6, 99999, 99990)","(3.6, 4.1, 4.035294117647059)","(101.0, 850.0, 712.5)","(26.0, 65.0, 49.5)","(51.0, 99999, 99990)","(31.0, 99999, 99990)"
07-01-2023 18:49:08.503656,"(8.0, 9.8, 9.700000000000001)","(7.0, 9.0, 8.7)","(41.0, 60.0, 53.14285714285714)","(3.0, 99999, 99990)","(4.6, 99999, 99990)","(3.6, 4.1, 4.034285714285714)","(101.0, 850.0, 712.5)","(26.0, 65.0, 49.5)","(51.0, 99999, 99990)","(31.0, 99999, 99990)"
07-01-2023 18:49:09.768935,"(8.0, 9.8, 9.582608695652175)","(7.0, 9.0, 8.644444444444444)","(41.0, 60.0, 53.14285714285714)","(3.0, 99999, 99990)","(4.6, 99999, 99990)","(3.6, 4.1, 4.034285714285714)","(101.0, 850.0, 712.5)","(26.0, 65.0, 49.5)","(51.0, 99999, 99990)","(31.0, 99999, 99990)"
07-01-2023 18:49:11.095754,"(8.0, 9.8, 9.582608695652175)","(7.0, 9.0, 8.644444444444444)","(41.0, 60.0, 53.14285714285714)","(3.0, 99999, 99990)","(4.6, 99999, 99990)","(3.6, 4.1, 4.034285714285714)","(101.0, 850.0, 712.5)","(26.0, 65.0, 49.5)","(51.0, 99999, 99990)","(31.0, 99999, 99990)"
07-01-2023 18:49:12.360672,"(8.0, 9.8, 9.536842105263158)","(7.0, 9.0, 8.644444444444444)","(41.0, 60.0, 53.14285714285714)","(3.0, 99999, 99990)","(4.6, 99999, 99990)","(3.6, 4.1, 4.03030303030303)","(101.0, 850.0, 712.5)","(26.0, 65.0, 49.5)","(51.0, 99999, 99990)","(31.0, 99999, 99990)"
07-01-2023 18:49:13.663182,"(8.0, 9.8, 9.582608695652175)","(7.0, 9.0, 8.644444444444444)","(41.0, 60.0, 53.14285714285714)","(3.0, 99999, 99990)","(4.6, 99999, 99990)","(3.6, 4.1, 4.034285714285714)","(101.0, 850.0, 712.5)","(26.0, 65.0, 49.5)","(51.0, 99999, 99990)","(31.0, 99999, 99990)"
07-01-2023 18:49:14.914754,"(8.0, 9.6, 9.533333333333333)","(7.0, 9.0, 8.777777777777777)","(41.0, 60.0, 50.333333333333336)","(3.0, 99999, 99990)","(4.6, 99999, 99990)","(3.6, 4.1, 4.03030303030303)","(101.0, 850.0, 712.5)","(26.0, 65.0, 49.5)","(51.0, 99999, 99990)","(31.0, 99999, 99990)"
07-01-2023 18:49:16.309141,"(8.0, 9.6, 9.533333333333333)","(7.0, 9.0, 8.666666666666666)","(41.0, 55.0, 50.333333333333336)","(3.0, 99999, 99990)","(4.6, 99999, 99990)","(3.6, 4.1, 4.03030303030303)","(101.0, 850.0, 712.5)","(26.0, 65.0, 49.5)","(51.0, 99999, 99990)","(31.0, 99999, 99990)"
07-01-2023 18:49:17.539151,"(8.0, 9.6, 9.533333333333333)","(7.0, 9.0, 8.666666666666666)","(41.0, 55.0, 50.333333333333336)","(3.0, 99999, 99990)","(4.6, 99999, 99990)","(3.6, 4.1, 4.03030303030303)","(101.0, 850.0, 712.5)","(26.0, 65.0, 49.5)","(51.0, 99999, 99990)","(31.0, 99999, 99990)"
07-01-2023 18:49:18.808747,"(8.0, 9.6, 9.566666666666666)","(7.0, 9.0, 8.8)","(41.0, 55.0, 50.333333333333336)","(3.0, 99999, 99990)","(4.6, 99999, 99990)","(3.6, 4.1, 4.03030303030303)","(101.0, 850.0, 712.5)","(26.0, 65.0, 49.5)","(51.0, 99999, 99990)","(31.0, 99999, 99990)"
07-01-2023 18:49:20.041860,"(8.0, 10.0, 9.933333333333334)","(7.0, 9.0, 8.8)","(41.0, 55.0, 50.333333333333336)","(3.0, 99999, 99990)","(4.6, 99999, 99990)","(3.6, 4.1, 4.03030303030303)","(101.0, 850.0, 712.5)","(26.0, 65.0, 49.5)","(51.0, 99999, 99990)","(31.0, 99999, 99990)"
07-01-2023 18:49:21.259139,"(8.0, 10.0, 9.933333333333334)","(7.0, 9.0, 8.8)","(41.0, 55.0, 50.333333333333336)","(3.0, 99999, 99990)","(4.6, 99999, 99990)","(3.6, 4.1, 4.03030303030303)","(101.0, 850.0, 712.5)","(26.0, 65.0, 49.5)","(51.0, 99999, 99990)","(31.0, 99999, 99990)"
07-01-2023 18:49:22.639274,"(8.0, 10.0, 9.933333333333334)","(7.0, 9.0, 8.8)","(41.0, 55.0, 50.333333333333336)","(3.0, 99999, 99990)","(4.6, 99999, 99990)","(3.6, 4.1, 4.03030303030303)","(101.0, 850.0, 712.5)","(26.0, 65.0, 49.5)","(51.0, 99999, 99990)","(31.0, 99999, 99990)"
07-01-2023 18:49:23.959069,"(8.0, 10.0, 9.933333333333334)","(7.0, 9.0, 8.8)","(41.0, 55.0, 50.333333333333336)","(3.0, 99999, 99990)","(4.6, 99999, 99990)","(3.6, 4.1, 4.031746031746032)","(101.0, 840.0, 624.0)","(26.0, 55.0, 37.5)","(51.0, 99999, 99990)","(31.0, 99999, 99990)"
07-01-2023 18:49:25.209677,"(8.0, 10.0, 9.946666666666667)","(7.0, 9.0, 8.8)","(41.0, 55.0, 50.333333333333336)","(3.0, 99999, 99990)","(4.6, 99999, 99990)","(3.6, 4.1, 4.031746031746032)","(101.0, 840.0, 624.0)","(26.0, 55.0, 42.0)","(51.0, 99999, 99990)","(31.0, 99999, 99990)"
07-01-2023 18:49:26.522298,"(8.0, 10.0, 9.955555555555556)","(7.0, 9.0, 8.8)","(41.0, 55.0, 50.333333333333336)","(3.0, 99999, 99990)","(4.6, 99999, 99990)","(3.6, 4.1, 4.031746031746032)","(101.0, 840.0, 697.5)","(26.0, 50.0, 42.0)","(51.0, 99999, 99990)","(31.0, 99999, 99990)"
07-01-2023 18:49:27.788764,"(8.0, 10.0, 9.955555555555556)","(7.0, 9.0, 8.8)","(41.0, 55.0, 50.333333333333336)","(3.0, 99999, 99990)","(4.6, 99999, 99990)","(3.6, 4.1, 3.651315789473684)","(91.0, 830.0, 624.0)","(26.0, 50.0, 42.0)","(61.0, 99999, 99990)","(31.0, 99999, 99990)"
07-01-2023 18:49:29.029823,"(8.0, 10.0, 9.88)","(7.0, 9.0, 8.8)","(41.0, 55.0, 50.333333333333336)","(3.0, 99999, 99990)","(4.6, 99999, 99990)","(3.6, 3.7, 3.651315789473684)","(91.0, 840.0, 697.5)","(26.0, 50.0, 42.0)","(61.0, 99999, 99990)","(31.0, 99999, 99990)"
07-01-2023 18:49:30.228855,"(8.0, 10.0, 9.7375)","(7.0, 9.0, 8.857142857142858)","(41.0, 70.0, 67.97297297297297)","(3.0, 99999, 99990)","(4.6, 99999, 99990)","(3.6, 3.7, 3.66)","(91.0, 830.0, 624.0)","(26.0, 50.0, 42.0)","(61.0, 99999, 99990)","(31.0, 99999, 99990)"
07-01-2023 18:49:31.380887,"(8.0, 10.0, 9.7375)","(7.0, 9.0, 8.857142857142858)","(41.0, 70.0, 62.30769230769231)","(3.0, 99999, 99990)","(4.6, 99999, 99990)","(3.6, 3.7, 3.66)","(91.0, 840.0, 624.0)","(26.0, 50.0, 44.2)","(61.0, 99999, 99990)","(31.0, 99999, 99990)"
07-01-2023 18:49:32.607744,"(8.0, 10.5, 9.73)","(7.0, 9.0, 8.857142857142858)","(41.0, 70.0, 66.5909090909091)","(3.0, 99999, 99990)","(4.6, 99999, 99990)","(3.6, 3.7, 3.6594594594594594)","(91.0, 840.0, 697.5)","(26.0, 48.0, 41.214285714285715)","(61.0, 99999, 99990)","(31.0, 99999, 99990)"
07-01-2023 18:49:33.876419,"(8.0, 10.5, 10.431451612903226)","(7.0, 9.0, 8.879999999999999)","(41.0, 70.0, 66.80851063829788)","(3.0, 99999, 99990)","(4.6, 99999, 99990)","(3.6, 3.7, 3.7249999999999996)","(91.0, 830.0, 624.0)","(26.0, 48.0, 39.36363636363636)","(61.0, 99999, 99990)","(31.0, 99999, 99990)"
07-01-2023 18:49:35.259641,"(8.0, 10.5, 10.442148760330578)","(7.0, 9.0, 8.879999999999999)","(41.0, 70.0, 66.80851063829788)","(3.0, 99999, 99990)","(4.6, 99999, 99990)","(3.6, 3.8, 3.6976190476190474)","(91.0, 840.0, 565.0)","(26.0, 48.0, 43.57142857142857)","(61.0, 99999, 99990)","(31.0, 99999, 99990)"
07-01-2023 18:49:36.552144,"(8.0, 10.5, 10.44308943089431)","(7.0, 9.0, 8.7)","(41.0, 70.0, 66.80851063829788)","(3.0, 99999, 99990)","(4.6, 99999, 99990)","(3.6, 3.75, 3.687037037037037)","(91.0, 830.0, 565.0)","(26.0, 46.0, 43.57142857142857)","(61.0, 99999, 99990)","(31.0, 99999, 99990)"
07-01-2023 18:49:37.779334,"(8.0, 10.5, 10.44308943089431)","(7.0, 9.0, 8.836363636363636)","(41.0, 70.0, 66.80851063829788)","(3.0, 99999, 99990)","(4.6, 99999, 99990)","(3.6, 3.75, 3.7852272727272727)","(91.0, 830.0, 427.5)","(26.0, 46.0, 43.57142857142857)","(61.0, 99999, 99990)","(31.0, 99999, 99990)"
07-01-2023 18:49:39.094750,"(8.0, 10.5, 10.44308943089431)","(7.0, 9.0, 8.836363636363636)","(41.0, 70.0, 66.80851063829788)","(3.0, 99999, 99990)","(4.6, 99999, 99990)","(3.6, 3.85, 3.7695121951219512)","(91.0, 470.0, 427.5)","(26.0, 46.0, 43.57142857142857)","(61.0, 99999, 99990)","(31.0, 99999, 99990)"
07-01-2023 18:49:40.329084,"(8.0, 11.0, 10.789855072463768)","(7.0, 9.0, 8.871428571428572)","(41.0, 70.0, 66.80851063829788)","(3.0, 99999, 99990)","(4.6, 99999, 99990)","(3.6, 3.85, 3.79)","(91.0, 470.0, 427.5)","(26.0, 46.0, 41.42857142857143)","(61.0, 99999, 99990)","(31.0, 99999, 99990)"
07-01-2023 18:49:41.471755,"(8.0, 11.0, 10.817610062893081)","(7.0, 9.0, 8.875862068965517)","(41.0, 70.0, 64.11764705882354)","(3.0, 99999, 99990)","(4.6, 99999, 99990)","(3.6, 3.85, 3.793137254901961)","(91.0, 470.0, 385.0)","(26.0, 46.0, 36.15384615384615)","(61.0, 99999, 99990)","(31.0, 99999, 99990)"
07-01-2023 18:49:42.723258,"(8.0, 11.0, 10.93006993006993)","(7.0, 9.0, 8.930769230769231)","(41.0, 70.0, 64.11764705882354)","(3.0, 99999, 99990)","(4.6, 99999, 99990)","(3.6, 3.85, 3.8360759493670886)","(91.0, 470.0, 385.0)","(26.0, 46.0, 40.57142857142857)","(61.0, 99999, 99990)","(31.0, 99999, 99990)"
07-01-2023 18:49:43.942140,"(8.0, 11.0, 10.93006993006993)","(7.0, 9.0, 8.952)","(41.0, 70.0, 67.91666666666667)","(3.0, 99999, 99990)","(4.6, 99999, 99990)","(3.6, 3.85, 3.93359375)","(91.0, 470.0, 385.0)","(26.0, 44.0, 38.0)","(61.0, 99999, 99990)","(31.0, 99999, 99990)"
07-01-2023 18:49:45.242512,"(8.0, 11.0, 10.810344827586206)","(7.0, 9.0, 8.952)","(41.0, 70.0, 67.91666666666667)","(3.0, 99999, 99990)","(4.6, 99999, 99990)","(3.6, 3.95, 3.923809523809524)","(91.0, 470.0, 385.0)","(26.0, 44.0, 38.0)","(61.0, 99999, 99990)","(31.0, 99999, 99990)"
07-01-2023 18:49:46.587433,"(8.0, 11.0, 10.979166666666666)","(7.0, 9.0, 8.953846153846154)","(41.0, 70.0, 68.36734693877551)","(3.0, 99999, 99990)","(4.6, 99999, 99990)","(3.6, 3.95, 3.9482800982800983)","(91.0, 470.0, 385.0)","(26.0, 44.0, 38.0)","(61.0, 99999, 99990)","(31.0, 99999, 99990)"
07-01-2023 18:49:47.926251,"(8.0, 12.0, 11.583333333333334)","(7.0, 9.0, 8.953846153846154)","(41.0, 70.0, 68.36734693877551)","(3.0, 99999, 99990)","(4.6, 99999, 99990)","(3.6, 3.95, 3.9482630272952854)","(91.0, 470.0, 385.0)","(26.0, 44.0, 38.44444444444444)","(61.0, 99999, 99990)","(31.0, 99999, 99990)"
07-01-2023 18:49:49.243535,"(8.0, 12.0, 11.666666666666666)","(7.0, 9.0, 8.952)","(41.0, 70.0, 68.22222222222223)","(3.0, 99999, 99990)","(4.6, 99999, 99990)","(3.6, 3.95, 3.948214285714286)","(91.0, 470.0, 385.0)","(26.0, 44.0, 38.44444444444444)","(61.0, 99999, 99990)","(31.0, 99999, 99990)"
07-01-2023 18:49:50.477503,"(8.0, 12.0, 11.5)","(7.0, 9.0, 8.810526315789474)","(41.0, 70.0, 68.0)","(3.0, 99999, 99990)","(4.6, 99999, 99990)","(3.6, 3.95, 3.9482323232323235)","(91.0, 470.0, 385.0)","(26.0, 44.0, 38.44444444444444)","(61.0, 99999, 99990)","(31.0, 99999, 99990)"
07-01-2023 18:49:51.737013,"(8.0, 12.0, 11.727272727272727)","(7.0, 9.0, 8.666666666666666)","(41.0, 70.0, 74.57142857142857)","(3.0, 99999, 99990)","(4.6, 99999, 99990)","(3.6, 3.95, 3.645)","(91.0, 470.0, 690.0)","(26.0, 44.0, 39.2)","(61.0, 99999, 99990)","(31.0, 99999, 99990)"
07-01-2023 18:49:52.995045,"(8.0, 12.0, 11.875)","(7.0, 9.0, 8.777777777777777)","(41.0, 75.0, 68.57142857142857)","(3.0, 99999, 99990)","(4.6, 99999, 99990)","(3.6, 4.1, 3.8318181818181816)","(91.0, 820.0, 690.0)","(26.0, 44.0, 36.8)","(61.0, 99999, 99990)","(31.0, 99999, 99990)"
07-01-2023 18:49:54.239345,"(8.0, 12.0, 11.944444444444445)","(7.0, 9.0, 8.916666666666666)","(41.0, 75.0, 65.0)","(3.0, 99999, 99990)","(4.6, 99999, 99990)","(3.6, 3.9, 3.865625)","(91.0, 820.0, 690.0)","(26.0, 44.0, 32.666666666666664)","(61.0, 99999, 99990)","(31.0, 99999, 99990)"
07-01-2023 18:49:55.451386,"(8.5, 12.0, 11.882352941176471)","(7.0, 9.2, 8.76551724137931)","(41.0, 65.0, 64.86842105263158)","(3.0, 99999, 99990)","(4.6, 99999, 99990)","(3.6, 4.1, 3.9833333333333334)","(91.0, 820.0, 612.0)","(26.0, 34.0, 36.54545454545455)","(61.0, 99999, 99990)","(31.0, 99999, 99990)"
07-01-2023 18:49:56.701562,"(8.5, 12.0, 11.6)","(7.0, 9.2, 8.872727272727273)","(41.0, 65.0, 64.86842105263158)","(3.0, 99999, 99990)","(4.6, 99999, 99990)","(3.6, 4.0, 3.9454545454545453)","(91.0, 820.0, 427.5)","(26.0, 42.0, 37.714285714285715)","(61.0, 99999, 99990)","(31.0, 99999, 99990)"
07-01-2023 18:49:57.952112,"(8.5, 12.0, 11.76923076923077)","(7.0, 8.8, 9.088888888888889)","(41.0, 65.0, 64.86842105263158)","(3.0, 99999, 99990)","(4.6, 99999, 99990)","(3.6, 4.0, 3.95)","(91.0, 470.0, 427.5)","(26.0, 42.0, 37.714285714285715)","(61.0, 99999, 99990)","(31.0, 99999, 99990)"
07-01-2023 18:49:59.214631,"(8.5, 12.0, 11.7)","(7.0, 9.4, 9.145454545454546)","(41.0, 65.0, 64.86842105263158)","(3.0, 99999, 99990)","(4.6, 99999, 99990)","(3.6, 4.0, 3.95)","(101.0, 470.0, 427.5)","(26.0, 42.0, 38.15384615384615)","(61.0, 99999, 99990)","(31.0, 99999, 99990)"
07-01-2023 18:50:00.508581,"(8.5, 12.0, 11.7)","(7.0, 9.4, 9.01818181818182)","(41.0, 65.0, 64.8780487804878)","(3.0, 99999, 99990)","(4.6, 99999, 99990)","(3.6, 4.0, 3.9934131736526943)","(101.0, 470.0, 427.5)","(26.0, 42.0, 37.55555555555556)","(61.0, 99999, 99990)","(31.0, 99999, 99990)"
07-01-2023 18:50:01.778798,"(8.5, 12.0, 11.68421052631579)","(7.0, 9.4, 9.01818181818182)","(41.0, 65.0, 64.86842105263158)","(3.0, 99999, 99990)","(4.6, 99999, 99990)","(3.4, 4.1, 3.9793103448275864)","(101.0, 470.0, 427.5)","(26.0, 42.0, 39.333333333333336)","(61.0, 99999, 99990)","(31.0, 99999, 99990)"
07-01-2023 18:50:03.043174,"(8.5, 12.0, 11.833333333333334)","(7.0, 9.4, 9.261538461538462)","(41.0, 65.0, 64.86842105263158)","(3.0, 99999, 99990)","(4.6, 99999, 99990)","(3.4, 4.1, 3.9806818181818184)","(101.0, 470.0, 427.5)","(26.0, 42.0, 40.36363636363636)","(61.0, 99999, 99990)","(31.0, 99999, 99990)"
07-01-2023 18:50:04.326112,"(8.5, 12.0, 11.857142857142858)","(7.0, 9.4, 9.261538461538462)","(41.0, 65.0, 64.86842105263158)","(3.0, 99999, 99990)","(4.6, 99999, 99990)","(3.4, 4.1, 3.9806818181818184)","(101.0, 470.0, 427.5)","(26.0, 48.0, 40.36363636363636)","(61.0, 99999, 99990)","(31.0, 99999, 99990)"
07-01-2023 18:50:05.585195,"(9.0, 12.5, 12.285714285714285)","(7.0, 9.6, 9.527272727272727)","(41.0, 65.0, 64.86842105263158)","(3.0, 99999, 99990)","(4.6, 99999, 99990)","(3.4, 4.1, 3.9793103448275864)","(101.0, 300.0, 297.5)","(26.0, 46.0, 44.666666666666664)","(61.0, 99999, 99990)","(31.0, 99999, 99990)"
07-01-2023 18:50:06.805331,"(9.0, 12.5, 12.285714285714285)","(7.0, 9.6, 9.415384615384616)","(41.0, 65.0, 64.86842105263158)","(3.0, 99999, 99990)","(4.6, 99999, 99990)","(3.4, 4.1, 3.9882978723404254)","(101.0, 470.0, 426.0)","(26.0, 46.0, 44.666666666666664)","(61.0, 99999, 99990)","(31.0, 99999, 99990)"
07-01-2023 18:50:08.006323,"(9.0, 12.5, 12.125)","(7.0, 9.6, 9.415384615384616)","(41.0, 65.0, 64.86842105263158)","(3.0, 99999, 99990)","(4.6, 99999, 99990)","(3.4, 4.1, 3.9882978723404254)","(101.0, 470.0, 426.0)","(26.0, 46.0, 44.666666666666664)","(61.0, 99999, 99990)","(31.0, 99999, 99990)"
07-01-2023 18:50:09.269685,"(9.0, 12.5, 12.318181818181818)","(7.0, 9.6, 9.2)","(41.0, 65.0, 64.86842105263158)","(3.0, 99999, 99990)","(4.6, 99999, 99990)","(3.4, 4.1, 4.292947103274559)","(101.0, 470.0, 426.0)","(26.0, 46.0, 44.666666666666664)","(61.0, 99999, 99990)","(31.0, 99999, 99990)"
07-01-2023 18:50:10.505665,"(9.0, 12.5, 12.1)","(7.0, 9.8, 9.700000000000001)","(41.0, 65.0, 64.8529411764706)","(3.0, 99999, 99990)","(4.4, 99999, 99990)","(3.5, 4.3, 4.389498806682578)","(101.0, 470.0, 360.0)","(31.0, 46.0, 44.666666666666664)","(71.0, 99999, 99990)","(31.0, 99999, 99990)"
07-01-2023 18:50:11.804832,"(9.0, 12.5, 11.75)","(7.0, 9.8, 9.700000000000001)","(41.0, 65.0, 71.66666666666667)","(3.0, 99999, 99990)","(4.4, 99999, 99990)","(3.5, 4.4, 4.389671361502348)","(101.0, 470.0, 390.0)","(31.0, 46.0, 44.5)","(71.0, 99999, 99990)","(31.0, 99999, 99990)"
07-01-2023 18:50:13.067602,"(9.0, 12.5, 11.75)","(7.0, 9.8, 9.71304347826087)","(41.0, 75.0, 71.66666666666667)","(3.0, 99999, 99990)","(4.4, 99999, 99990)","(3.5, 4.4, 4.389838337182448)","(101.0, 470.0, 390.0)","(31.0, 46.0, 45.0)","(71.0, 99999, 99990)","(31.0, 99999, 99990)"
07-01-2023 18:50:14.376442,"(9.0, 12.5, 12.0)","(7.0, 9.8, 9.71304347826087)","(41.0, 75.0, 71.66666666666667)","(3.0, 99999, 99990)","(4.4, 99999, 99990)","(3.5, 4.4, 4.330158730158731)","(101.0, 470.0, 390.0)","(31.0, 46.0, 45.0)","(61.0, 99999, 99990)","(31.0, 99999, 99990)"
07-01-2023 18:50:15.700908,"(9.0, 12.5, 12.0)","(7.0, 9.8, 9.71304347826087)","(41.0, 75.0, 71.66666666666667)","(3.0, 99999, 99990)","(4.4, 99999, 99990)","(3.5, 4.4, 4.315384615384615)","(101.0, 470.0, 390.0)","(31.0, 46.0, 42.666666666666664)","(61.0, 99999, 99990)","(31.0, 99999, 99990)"
07-01-2023 18:50:16.998609,"(9.0, 12.5, 11.75)","(7.0, 9.8, 9.4)","(41.0, 75.0, 70.0)","(3.0, 99999, 99990)","(4.2, 99999, 99990)","(3.6, 4.4, 4.315384615384615)","(91.0, 470.0, 390.0)","(31.0, 46.0, 44.4)","(71.0, 99999, 99990)","(31.0, 99999, 99990)"
07-01-2023 18:50:18.237361,"(10.0, 12.5, 12.166666666666666)","(7.0, 9.8, 9.666666666666666)","(41.0, 75.0, 70.0)","(3.1, 99999, 99990)","(4.2, 99999, 99990)","(3.6, 4.4, 4.335294117647059)","(91.0, 470.0, 390.0)","(31.0, 48.0, 42.0)","(71.0, 99999, 99990)","(31.0, 99999, 99990)"
07-01-2023 18:50:19.462021,"(10.0, 12.5, 12.26923076923077)","(7.0, 10.0, 9.666666666666666)","(41.0, 75.0, 71.66666666666667)","(3.1, 99999, 99990)","(4.2, 99999, 99990)","(3.6, 4.4, 4.335294117647059)","(91.0, 470.0, 390.0)","(31.0, 48.0, 42.0)","(71.0, 99999, 99990)","(31.0, 99999, 99990)"
07-01-2023 18:50:20.632588,"(10.0, 12.5, 12.26923076923077)","(7.0, 9.8, 9.4)","(41.0, 75.0, 70.0)","(3.1, 99999, 99990)","(4.2, 99999, 99990)","(3.6, 4.4, 4.413333333333334)","(91.0, 470.0, 530.0)","(31.0, 48.0, 46.0)","(71.0, 99999, 99990)","(31.0, 99999, 99990)"
07-01-2023 18:50:21.850343,"(10.0, 12.5, 12.461538461538462)","(7.0, 10.0, 9.8)","(41.0, 75.0, 72.5)","(3.1, 99999, 99990)","(4.2, 99999, 99990)","(3.6, 4.5, 4.515789473684211)","(91.0, 730.0, 590.0)","(31.0, 48.0, 46.0)","(71.0, 99999, 99990)","(31.0, 99999, 99990)"
07-01-2023 18:50:23.096686,"(10.0, 13.0, 11.67142857142857)","(7.0, 10.0, 9.915)","(41.0, 75.0, 72.5)","(3.1, 99999, 99990)","(4.2, 99999, 99990)","(3.6, 4.6, 4.542857142857143)","(91.0, 710.0, 480.0)","(31.0, 48.0, 42.666666666666664)","(71.0, 99999, 99990)","(31.0, 99999, 99990)"
07-01-2023 18:50:24.410996,"(10.0, 13.0, 11.693548387096774)","(7.0, 10.5, 9.95)","(41.0, 75.0, 72.5)","(3.1, 99999, 99990)","(4.2, 99999, 99990)","(3.6, 4.6, 4.588571428571428)","(91.0, 710.0, 470.0)","(31.0, 48.0, 46.0)","(71.0, 99999, 99990)","(31.0, 99999, 99990)"
07-01-2023 18:50:25.716374,"(10.0, 13.0, 11.657894736842104)","(7.0, 10.0, 10.25)","(41.0, 75.0, 72.14285714285714)","(3.1, 99999, 99990)","(4.2, 99999, 99990)","(3.6, 4.6, 4.051592356687898)","(91.0, 710.0, 470.0)","(31.0, 48.0, 45.333333333333336)","(71.0, 99999, 99990)","(31.0, 99999, 99990)"
07-01-2023 18:50:27.017470,"(10.0, 13.0, 12.514285714285714)","(7.0, 10.5, 10.25)","(41.0, 75.0, 72.14285714285714)","(3.1, 99999, 99990)","(4.2, 99999, 99990)","(3.6, 4.1, 4.215)","(91.0, 700.0, 506.0)","(31.0, 48.0, 46.888888888888886)","(71.0, 99999, 99990)","(31.0, 99999, 99990)"
07-01-2023 18:50:28.304754,"(10.0, 11.5, 11.409090909090908)","(7.0, 10.5, 9.940000000000001)","(41.0, 75.0, 71.66666666666667)","(3.1, 99999, 99990)","(4.2, 99999, 99990)","(3.6, 4.3, 4.334090909090909)","(91.0, 690.0, 500.0)","(31.0, 48.0, 42.5)","(71.0, 99999, 99990)","(31.0, 99999, 99990)"
07-01-2023 18:50:29.520287,"(10.0, 12.0, 11.113821138211382)","(7.0, 11.0, 10.564102564102564)","(41.0, 80.0, 75.0)","(3.1, 99999, 99990)","(4.2, 99999, 99990)","(3.6, 4.4, 4.35)","(91.0, 680.0, 560.0)","(31.0, 50.0, 46.72727272727273)","(71.0, 99999, 99990)","(31.0, 99999, 99990)"
07-01-2023 18:50:30.690339,"(10.0, 11.5, 11.409090909090908)","(7.0, 11.0, 10.028571428571428)","(41.0, 80.0, 70.0)","(3.1, 99999, 99990)","(4.2, 99999, 99990)","(3.6, 4.4, 4.347413793103448)","(91.0, 670.0, 494.0)","(31.0, 50.0, 46.72727272727273)","(71.0, 99999, 99990)","(31.0, 99999, 99990)"
07-01-2023 18:50:31.847200,"(10.0, 12.0, 11.053097345132743)","(7.0, 11.0, 9.926315789473685)","(41.0, 80.0, 70.0)","(3.1, 99999, 99990)","(4.2, 99999, 99990)","(3.6, 4.5, 4.321212121212121)","(91.0, 670.0, 488.0)","(31.0, 50.0, 46.72727272727273)","(71.0, 99999, 99990)","(31.0, 99999, 99990)"
07-01-2023 18:50:33.106523,"(10.0, 12.0, 11.032786885245901)","(7.0, 11.0, 10.409090909090908)","(41.0, 80.0, 72.5)","(3.1, 99999, 99990)","(4.2, 99999, 99990)","(3.6, 4.5, 4.344736842105263)","(91.0, 660.0, 488.0)","(31.0, 50.0, 46.57142857142857)","(71.0, 99999, 99990)","(31.0, 99999, 99990)"
07-01-2023 18:50:34.365725,"(10.0, 12.0, 10.863636363636363)","(7.0, 10.5, 10.409090909090908)","(41.0, 80.0, 68.75)","(3.0, 99999, 99990)","(4.0, 99999, 99990)","(3.6, 4.5, 4.344360902255639)","(91.0, 660.0, 545.0)","(31.0, 50.0, 43.0)","(71.0, 99999, 99990)","(31.0, 99999, 99990)"
07-01-2023 18:50:35.649008,"(10.0, 12.0, 10.863636363636363)","(7.0, 10.5, 10.409090909090908)","(41.0, 80.0, 68.75)","(3.0, 99999, 99990)","(4.0, 99999, 99990)","(3.6, 4.5, 4.387654320987655)","(91.0, 650.0, 545.0)","(31.0, 50.0, 45.0)","(71.0, 99999, 99990)","(31.0, 99999, 99990)"
07-01-2023 18:50:36.983559,"(10.0, 12.0, 10.863636363636363)","(7.0, 10.5, 10.409090909090908)","(41.0, 80.0, 68.75)","(3.0, 99999, 99990)","(3.8, 99999, 99990)","(3.6, 4.4, 4.387654320987655)","(91.0, 650.0, 482.0)","(31.0, 48.0, 45.0)","(81.0, 99999, 99990)","(31.0, 99999, 99990)"
07-01-2023 18:50:38.286909,"(10.0, 12.0, 10.706896551724139)","(7.0, 10.5, 9.952941176470588)","(41.0, 80.0, 73.0)","(3.0, 99999, 99990)","(3.8, 99999, 99990)","(3.6, 4.4, 4.69016393442623)","(91.0, 650.0, 476.0)","(31.0, 48.0, 46.5)","(81.0, 99999, 99990)","(31.0, 99999, 99990)"
07-01-2023 18:50:39.669832,"(10.0, 12.0, 10.61111111111111)","(7.0, 10.0, 9.882352941176471)","(41.0, 80.0, 73.0)","(3.0, 99999, 99990)","(3.8, 99999, 99990)","(3.6, 4.7, 4.670967741935484)","(91.0, 640.0, 456.6666666666667)","(31.0, 48.0, 46.5)","(81.0, 99999, 99990)","(31.0, 99999, 99990)"
07-01-2023 18:50:40.887640,"(10.0, 12.0, 10.61111111111111)","(7.0, 11.5, 11.357142857142858)","(41.0, 80.0, 59.5)","(3.0, 99999, 99990)","(3.8, 99999, 99990)","(3.6, 4.7, 5.0769230769230775)","(91.0, 640.0, 545.0)","(31.0, 48.0, 41.66666666666667)","(81.0, 99999, 99990)","(31.0, 99999, 99990)"
07-01-2023 18:50:42.074155,"(10.0, 14.0, 13.626666666666667)","(7.0, 12.0, 8.64)","(41.0, 85.0, 59.5)","(3.0, 99999, 99990)","(3.8, 99999, 99990)","(3.6, 5.4, 5.0769230769230775)","(91.0, 1000.0, 395.0)","(31.0, 50.0, 41.66666666666667)","(81.0, 99999, 99990)","(31.0, 99999, 99990)"
07-01-2023 18:50:43.261645,"(10.0, 14.0, 13.626666666666667)","(7.0, 12.0, 8.64)","(41.0, 85.0, 46.75)","(3.0, 99999, 99990)","(3.8, 99999, 99990)","(3.6, 5.4, 5.0)","(91.0, 700.0, 395.0)","(31.0, 50.0, 41.66666666666667)","(81.0, 99999, 99990)","(31.0, 99999, 99990)"
07-01-2023 18:50:44.546250,"(10.0, 14.0, 13.626666666666667)","(7.0, 8.8, 6.938461538461539)","(41.0, 85.0, 51.0)","(3.0, 99999, 99990)","(3.8, 99999, 99990)","(3.6, 5.4, 5.0)","(91.0, 700.0, 395.0)","(31.0, 50.0, 37.5)","(81.0, 99999, 99990)","(31.0, 99999, 99990)"
07-01-2023 18:50:45.765309,"(10.0, 14.0, 13.626666666666667)","(7.0, 8.8, 7.0)","(41.0, 85.0, 46.75)","(3.0, 99999, 99990)","(3.8, 99999, 99990)","(3.6, 5.4, 6.909090909090909)","(91.0, 700.0, 395.0)","(31.0, 50.0, 41.66666666666667)","(81.0, 99999, 99990)","(31.0, 99999, 99990)"
07-01-2023 18:50:47.025781,"(10.0, 8.4, 7.2375)","(7.0, 8.8, 7.0)","(41.0, 85.0, 46.75)","(3.0, 99999, 99990)","(3.8, 99999, 99990)","(3.6, 8.8, 6.909090909090909)","(91.0, 700.0, 395.0)","(31.0, 50.0, 37.5)","(81.0, 99999, 99990)","(31.0, 99999, 99990)"
07-01-2023 18:50:48.307744,"(10.0, 11.0, 9.733333333333334)","(7.0, 8.8, 7.9818181818181815)","(41.0, 80.0, 48.0)","(3.0, 99999, 99990)","(3.8, 99999, 99990)","(3.6, 8.8, 5.8500000000000005)","(91.0, 590.0, 340.0)","(31.0, 50.0, 30.5)","(81.0, 99999, 99990)","(31.0, 99999, 99990)"
07-01-2023 18:50:49.568266,"(10.0, 11.0, 9.72)","(7.0, 8.8, 7.514285714285714)","(41.0, 60.0, 50.0)","(3.0, 99999, 99990)","(3.8, 99999, 99990)","(3.6, 6.2, 7.822222222222223)","(91.0, 590.0, 340.0)","(31.0, 34.0, 39.0)","(81.0, 99999, 99990)","(31.0, 99999, 99990)"
07-01-2023 18:50:50.865641,"(10.0, 10.5, 8.966666666666667)","(7.0, 8.8, 7.514285714285714)","(41.0, 60.0, 48.0)","(3.0, 99999, 99990)","(3.8, 99999, 99990)","(3.6, 8.8, 8.133333333333335)","(91.0, 590.0, 340.0)","(31.0, 50.0, 38.5)","(81.0, 99999, 99990)","(31.0, 99999, 99990)"
