,Byron,Excelladus,New Tycoon,Divine Breath,Lovetheinvasion,Baranof,Bluff N Bluster,Straya Pride,The Carpet Bagger,Weekend Affair
07-01-2023 12:52:19.324918,"(6.5, 7.8, 7.660975609756097)","(3.2, 3.8, 3.755508474576271)","(31.0, 65.0, 55.5)","(6.5, 8.0, 7.443478260869566)","(7.5, 9.0, 8.860000000000001)","(8.5, 11.0, 10.883720930232558)","(5.5, 7.8, 7.729411764705882)","(51.0, 95.0, 86.66666666666666)","(17.0, 25.0, 24.025)","(21.0, 28.0, 26.17391304347826)"
07-01-2023 12:52:20.963454,"(6.5, 7.8, 7.660975609756097)","(3.2, 3.8, 3.755508474576271)","(31.0, 65.0, 55.5)","(6.5, 8.0, 7.443478260869566)","(7.5, 9.0, 8.860000000000001)","(8.5, 11.0, 11.357142857142858)","(5.5, 7.8, 7.729411764705882)","(51.0, 95.0, 86.66666666666666)","(17.0, 25.0, 24.025)","(21.0, 28.0, 26.17391304347826)"
07-01-2023 12:52:22.523739,"(6.5, 7.8, 7.660975609756097)","(3.2, 3.8, 3.7502645502645504)","(31.0, 65.0, 50.666666666666664)","(6.5, 8.0, 7.725)","(7.5, 9.0, 9.287058823529412)","(8.5, 11.5, 11.357142857142858)","(5.5, 7.8, 7.7)","(51.0, 95.0, 86.66666666666666)","(17.0, 25.0, 24.025)","(21.0, 28.0, 26.17391304347826)"
07-01-2023 12:52:23.952659,"(6.5, 7.8, 7.660975609756097)","(3.2, 3.8, 3.7502645502645504)","(31.0, 60.0, 50.666666666666664)","(6.5, 7.8, 7.443478260869566)","(7.5, 9.4, 9.29056603773585)","(8.5, 11.5, 11.357142857142858)","(5.5, 7.8, 7.729411764705882)","(51.0, 95.0, 86.66666666666666)","(17.0, 25.0, 24.025)","(21.0, 28.0, 26.17391304347826)"
07-01-2023 12:52:25.339575,"(6.5, 7.8, 7.660975609756097)","(3.2, 3.8, 3.749655172413793)","(31.0, 60.0, 50.666666666666664)","(6.5, 8.0, 7.443478260869566)","(7.5, 9.4, 9.29056603773585)","(8.5, 11.5, 11.357142857142858)","(5.5, 7.8, 7.729411764705882)","(51.0, 95.0, 86.66666666666666)","(17.0, 25.0, 24.025)","(21.0, 28.0, 26.17391304347826)"
07-01-2023 12:52:26.794545,"(6.5, 7.8, 7.660975609756097)","(3.2, 3.75, 3.749655172413793)","(31.0, 60.0, 50.666666666666664)","(6.5, 8.0, 7.443478260869566)","(7.5, 9.4, 9.29056603773585)","(8.5, 11.5, 11.357142857142858)","(5.5, 7.8, 7.729411764705882)","(51.0, 95.0, 86.66666666666666)","(17.0, 25.0, 24.025)","(21.0, 28.0, 26.17391304347826)"
07-01-2023 12:52:28.314144,"(6.5, 7.8, 7.660975609756097)","(3.2, 3.75, 3.7523305084745764)","(31.0, 60.0, 50.666666666666664)","(6.5, 8.0, 7.443478260869566)","(7.5, 9.4, 9.294736842105264)","(8.5, 11.5, 10.520547945205479)","(5.5, 7.8, 7.376470588235295)","(51.0, 95.0, 86.66666666666666)","(17.0, 25.0, 24.025)","(21.0, 28.0, 26.17391304347826)"
07-01-2023 12:52:29.816096,"(6.5, 7.8, 7.648)","(3.2, 3.8, 3.7523305084745764)","(31.0, 60.0, 50.666666666666664)","(6.5, 8.0, 7.48)","(7.5, 9.4, 9.294736842105264)","(8.5, 11.0, 10.520547945205479)","(5.5, 8.0, 7.3476923076923075)","(51.0, 95.0, 86.66666666666666)","(17.0, 25.0, 24.025)","(21.0, 28.0, 26.17391304347826)"
07-01-2023 12:52:31.225475,"(6.5, 7.8, 7.648)","(3.2, 3.8, 3.7523305084745764)","(31.0, 60.0, 50.666666666666664)","(6.5, 8.0, 7.48)","(7.5, 9.4, 9.294736842105264)","(8.5, 11.0, 10.520547945205479)","(5.5, 8.0, 7.3476923076923075)","(51.0, 95.0, 86.66666666666666)","(17.0, 25.0, 24.025)","(21.0, 28.0, 26.17391304347826)"
07-01-2023 12:52:32.663722,"(6.5, 7.8, 7.648)","(3.2, 3.8, 3.7523305084745764)","(31.0, 60.0, 50.666666666666664)","(6.5, 8.0, 7.48)","(7.5, 9.4, 9.294736842105264)","(8.5, 11.0, 10.520547945205479)","(5.5, 8.0, 7.3476923076923075)","(51.0, 95.0, 86.66666666666666)","(17.0, 25.0, 24.025)","(21.0, 28.0, 26.17391304347826)"
07-01-2023 12:52:34.237792,"(6.5, 7.8, 7.648)","(3.2, 3.8, 3.7523305084745764)","(31.0, 60.0, 48.45161290322581)","(6.5, 8.0, 7.260869565217392)","(7.5, 9.4, 9.156345177664974)","(8.5, 11.0, 10.751592356687897)","(5.5, 8.0, 7.730508474576271)","(51.0, 95.0, 90.38461538461539)","(17.0, 25.0, 24.493506493506494)","(21.0, 28.0, 25.098039215686274)"
07-01-2023 12:52:35.745863,"(6.5, 7.8, 7.740932642487047)","(3.2, 3.8, 3.7535928143712574)","(31.0, 50.0, 48.45161290322581)","(6.5, 7.8, 7.355555555555555)","(7.5, 9.2, 9.156345177664974)","(8.5, 11.0, 10.732919254658386)","(5.5, 8.0, 7.766197183098591)","(51.0, 95.0, 90.38461538461539)","(17.0, 25.0, 24.430379746835442)","(21.0, 26.0, 25.098039215686274)"
07-01-2023 12:52:37.279287,"(6.5, 7.8, 7.740932642487047)","(3.2, 3.8, 3.7535928143712574)","(31.0, 50.0, 48.45161290322581)","(6.5, 7.6, 7.265116279069767)","(7.5, 9.2, 9.156345177664974)","(8.5, 11.0, 10.734104046242775)","(5.5, 7.8, 7.752)","(51.0, 95.0, 90.38461538461539)","(17.0, 25.0, 24.430379746835442)","(21.0, 26.0, 25.098039215686274)"
07-01-2023 12:52:38.812276,"(6.5, 7.8, 7.741666666666666)","(3.2, 3.8, 3.755194805194805)","(31.0, 50.0, 48.45161290322581)","(6.5, 7.6, 7.386666666666667)","(7.5, 9.2, 9.156234096692112)","(8.5, 11.0, 10.759036144578314)","(5.5, 7.8, 7.751020408163265)","(51.0, 95.0, 90.38461538461539)","(17.0, 25.0, 24.423076923076923)","(21.0, 26.0, 25.08)"
07-01-2023 12:52:40.254227,"(6.5, 7.8, 7.7413612565445025)","(3.2, 3.8, 3.755194805194805)","(31.0, 50.0, 48.45161290322581)","(6.5, 7.6, 7.386666666666667)","(7.5, 9.2, 9.156234096692112)","(8.5, 11.0, 10.759036144578314)","(5.5, 7.8, 7.76)","(51.0, 95.0, 90.71428571428572)","(17.0, 25.0, 24.423076923076923)","(21.0, 26.0, 25.08)"
07-01-2023 12:52:41.772133,"(6.5, 7.8, 7.7413612565445025)","(3.2, 3.8, 3.755194805194805)","(31.0, 50.0, 48.45161290322581)","(6.5, 7.6, 7.386666666666667)","(7.5, 9.2, 9.156234096692112)","(8.5, 11.0, 10.759036144578314)","(5.5, 7.8, 7.76)","(51.0, 95.0, 90.71428571428572)","(17.0, 25.0, 24.423076923076923)","(21.0, 26.0, 25.08)"
07-01-2023 12:52:43.284602,"(6.5, 7.8, 7.713178294573643)","(3.2, 3.8, 3.755194805194805)","(31.0, 50.0, 48.45161290322581)","(6.5, 7.6, 7.2875)","(7.5, 9.2, 9.156234096692112)","(8.5, 11.0, 10.736842105263158)","(5.5, 7.8, 7.76)","(51.0, 95.0, 90.71428571428572)","(17.0, 25.0, 24.423076923076923)","(21.0, 26.0, 25.08)"
07-01-2023 12:52:44.760693,"(6.5, 7.8, 7.713178294573643)","(3.2, 3.8, 3.77595818815331)","(31.0, 50.0, 48.45161290322581)","(6.5, 7.6, 7.247457627118644)","(7.5, 9.2, 9.156234096692112)","(8.5, 11.0, 10.736842105263158)","(5.5, 7.8, 7.76)","(51.0, 95.0, 90.71428571428572)","(17.0, 25.0, 24.423076923076923)","(21.0, 26.0, 25.08)"
07-01-2023 12:52:46.207831,"(6.5, 7.8, 7.713178294573643)","(3.2, 3.8, 3.780161943319838)","(31.0, 50.0, 48.45161290322581)","(6.5, 7.6, 7.247457627118644)","(7.5, 9.2, 9.156234096692112)","(8.5, 11.0, 10.736842105263158)","(5.5, 7.8, 7.76)","(51.0, 95.0, 90.71428571428572)","(17.0, 25.0, 24.423076923076923)","(21.0, 26.0, 25.08)"
07-01-2023 12:52:47.614352,"(6.5, 7.8, 7.713178294573643)","(3.2, 3.8, 3.780161943319838)","(31.0, 50.0, 48.45161290322581)","(6.5, 7.6, 7.247457627118644)","(7.5, 9.2, 9.156234096692112)","(8.5, 11.0, 10.736842105263158)","(5.5, 7.8, 7.76)","(51.0, 95.0, 90.71428571428572)","(17.0, 25.0, 24.423076923076923)","(21.0, 26.0, 25.08)"
07-01-2023 12:52:49.062146,"(6.5, 7.8, 7.713178294573643)","(3.2, 3.8, 3.7859903381642512)","(31.0, 50.0, 48.45161290322581)","(6.5, 7.6, 7.247457627118644)","(7.5, 9.2, 9.156234096692112)","(8.5, 11.0, 10.715909090909092)","(5.5, 7.8, 7.76)","(51.0, 95.0, 90.0)","(17.0, 25.0, 24.423076923076923)","(21.0, 26.0, 25.08)"
07-01-2023 12:52:50.583859,"(6.5, 7.8, 7.713178294573643)","(3.2, 3.8, 3.79609375)","(31.0, 50.0, 48.45161290322581)","(6.5, 7.6, 7.247457627118644)","(7.5, 9.2, 9.176436781609194)","(8.5, 11.0, 10.715909090909092)","(5.5, 7.8, 7.76)","(51.0, 95.0, 90.0)","(17.0, 25.0, 24.423076923076923)","(21.0, 26.0, 25.08)"
07-01-2023 12:52:52.056742,"(6.5, 7.8, 7.713178294573643)","(3.2, 3.8, 3.7963350785340313)","(31.0, 50.0, 48.45161290322581)","(6.5, 7.6, 7.247457627118644)","(7.5, 9.2, 9.176436781609194)","(8.5, 11.0, 10.715909090909092)","(5.5, 7.8, 7.76)","(51.0, 95.0, 90.0)","(17.0, 25.0, 24.423076923076923)","(21.0, 26.0, 25.08)"
07-01-2023 12:52:53.509533,"(6.5, 7.8, 7.70735294117647)","(3.2, 3.85, 3.8114864864864866)","(31.0, 50.0, 47.94285714285714)","(6.5, 7.6, 7.258333333333334)","(7.5, 9.2, 9.173446327683616)","(8.5, 11.0, 10.48091603053435)","(5.5, 7.8, 7.577049180327869)","(51.0, 95.0, 88.84615384615384)","(17.0, 25.0, 22.96923076923077)","(21.0, 26.0, 25.076923076923077)"
07-01-2023 12:52:54.984083,"(6.5, 7.8, 7.70735294117647)","(3.2, 3.85, 3.8114864864864866)","(31.0, 48.0, 47.94285714285714)","(6.5, 7.4, 7.222950819672131)","(7.5, 9.2, 9.173446327683616)","(8.5, 10.5, 10.48091603053435)","(5.5, 7.6, 7.577049180327869)","(51.0, 95.0, 88.84615384615384)","(17.0, 23.0, 22.96923076923077)","(21.0, 26.0, 25.076923076923077)"
07-01-2023 12:52:56.493868,"(6.5, 7.8, 7.70735294117647)","(3.2, 3.85, 3.823972602739726)","(31.0, 48.0, 47.94285714285714)","(6.5, 7.4, 7.222950819672131)","(7.5, 9.2, 9.173446327683616)","(8.5, 10.5, 10.48091603053435)","(5.5, 7.6, 7.577049180327869)","(51.0, 95.0, 88.84615384615384)","(17.0, 23.0, 22.96923076923077)","(21.0, 26.0, 25.076923076923077)"
07-01-2023 12:52:57.971910,"(6.5, 7.8, 7.70735294117647)","(3.2, 3.85, 3.8233644859813083)","(31.0, 48.0, 47.94285714285714)","(6.5, 7.4, 7.224137931034483)","(7.5, 9.2, 9.173446327683616)","(8.5, 10.5, 10.48091603053435)","(5.5, 7.6, 7.577049180327869)","(51.0, 95.0, 88.84615384615384)","(17.0, 23.0, 22.96923076923077)","(21.0, 26.0, 25.076923076923077)"
07-01-2023 12:52:59.475524,"(6.5, 7.8, 7.70735294117647)","(3.2, 3.85, 3.8233644859813083)","(31.0, 48.0, 47.94285714285714)","(6.5, 7.4, 7.224137931034483)","(7.5, 9.2, 9.173446327683616)","(8.5, 10.5, 10.48091603053435)","(5.5, 7.6, 7.577049180327869)","(51.0, 95.0, 88.84615384615384)","(17.0, 23.0, 22.96923076923077)","(21.0, 26.0, 25.076923076923077)"
07-01-2023 12:53:00.859139,"(6.5, 7.8, 7.7081967213114755)","(3.2, 3.85, 3.8231182795698926)","(31.0, 48.0, 48.417582417582416)","(6.5, 7.4, 7.190604026845638)","(7.5, 9.2, 9.176023391812866)","(8.5, 10.5, 10.448148148148148)","(5.5, 7.6, 7.63)","(51.0, 95.0, 89.54545454545455)","(17.0, 23.0, 24.152941176470588)","(21.0, 26.0, 26.526315789473685)"
07-01-2023 12:53:02.305351,"(6.5, 7.8, 7.7081967213114755)","(3.2, 3.85, 3.8231182795698926)","(31.0, 50.0, 48.417582417582416)","(6.5, 7.2, 7.362553191489362)","(7.5, 9.2, 9.176023391812866)","(8.5, 10.5, 10.654054054054054)","(5.5, 7.8, 7.63)","(51.0, 95.0, 89.54545454545455)","(17.0, 25.0, 24.152941176470588)","(21.0, 28.0, 26.25)"
07-01-2023 12:53:03.800646,"(6.5, 7.8, 7.7081967213114755)","(3.2, 3.85, 3.8231182795698926)","(31.0, 50.0, 48.417582417582416)","(6.5, 7.4, 7.362553191489362)","(7.5, 9.2, 9.176023391812866)","(8.5, 11.0, 10.654054054054054)","(5.5, 7.8, 7.63)","(51.0, 95.0, 89.54545454545455)","(17.0, 25.0, 24.152941176470588)","(21.0, 28.0, 26.25)"
07-01-2023 12:53:05.357089,"(6.5, 7.8, 7.7081967213114755)","(3.2, 3.85, 3.8231182795698926)","(31.0, 50.0, 48.417582417582416)","(6.5, 7.4, 7.362553191489362)","(7.5, 9.2, 9.176023391812866)","(8.5, 11.0, 10.654054054054054)","(5.5, 7.8, 7.63)","(51.0, 95.0, 89.54545454545455)","(17.0, 25.0, 24.152941176470588)","(21.0, 28.0, 26.25)"
07-01-2023 12:53:06.906689,"(6.5, 7.8, 7.7081967213114755)","(3.2, 3.85, 3.8174242424242424)","(31.0, 50.0, 48.417582417582416)","(6.5, 7.4, 7.379510022271715)","(7.5, 9.2, 9.176162790697674)","(8.5, 11.0, 10.672222222222222)","(5.5, 7.8, 7.670588235294118)","(51.0, 95.0, 89.54545454545455)","(17.0, 25.0, 24.25925925925926)","(21.0, 28.0, 26.25)"
07-01-2023 12:53:08.395658,"(6.5, 7.8, 7.7081967213114755)","(3.2, 3.85, 3.8163120567375888)","(31.0, 50.0, 48.417582417582416)","(6.5, 7.4, 7.379510022271715)","(7.5, 9.2, 9.17609329446064)","(8.5, 11.0, 10.672222222222222)","(5.5, 7.8, 7.672463768115942)","(51.0, 95.0, 89.54545454545455)","(17.0, 25.0, 24.25925925925926)","(21.0, 28.0, 26.25)"
07-01-2023 12:53:09.867865,"(6.5, 7.8, 7.7081967213114755)","(3.2, 3.85, 3.8163120567375888)","(31.0, 50.0, 48.417582417582416)","(6.5, 7.4, 7.379510022271715)","(7.5, 9.2, 9.17609329446064)","(8.5, 11.0, 10.672222222222222)","(5.5, 7.8, 7.672463768115942)","(51.0, 95.0, 89.54545454545455)","(17.0, 25.0, 24.25925925925926)","(21.0, 28.0, 26.25)"
07-01-2023 12:53:11.432628,"(6.5, 7.8, 7.71578947368421)","(3.2, 3.85, 3.812301587301587)","(31.0, 50.0, 48.417582417582416)","(6.5, 7.4, 7.385520361990951)","(7.5, 9.2, 9.17609329446064)","(8.5, 11.0, 10.672222222222222)","(5.5, 7.8, 7.703225806451613)","(51.0, 95.0, 89.54545454545455)","(17.0, 25.0, 24.346153846153847)","(21.0, 28.0, 26.25)"
07-01-2023 12:53:12.909686,"(6.5, 7.8, 7.71578947368421)","(3.2, 3.85, 3.812301587301587)","(31.0, 50.0, 48.417582417582416)","(6.5, 7.4, 7.385520361990951)","(7.5, 9.2, 9.17609329446064)","(8.5, 11.0, 10.672222222222222)","(5.5, 7.8, 7.703225806451613)","(51.0, 95.0, 89.54545454545455)","(17.0, 25.0, 24.346153846153847)","(21.0, 28.0, 26.25)"
07-01-2023 12:53:14.390854,"(6.5, 7.8, 7.71578947368421)","(3.2, 3.85, 3.812301587301587)","(31.0, 50.0, 48.417582417582416)","(6.5, 7.4, 7.385520361990951)","(7.5, 9.2, 9.17609329446064)","(8.5, 11.0, 10.672222222222222)","(5.5, 7.8, 7.703225806451613)","(51.0, 95.0, 89.54545454545455)","(17.0, 25.0, 24.346153846153847)","(21.0, 28.0, 26.25)"
07-01-2023 12:53:15.905381,"(6.5, 7.8, 7.71578947368421)","(3.2, 3.85, 3.82189349112426)","(31.0, 50.0, 48.417582417582416)","(6.5, 7.4, 7.367241379310345)","(7.5, 9.2, 9.17609329446064)","(8.5, 11.0, 10.668508287292818)","(5.5, 7.8, 7.632098765432099)","(51.0, 95.0, 89.54545454545455)","(17.0, 25.0, 24.152941176470588)","(21.0, 28.0, 26.25)"
07-01-2023 12:53:17.365230,"(6.5, 7.8, 7.71578947368421)","(3.2, 3.85, 3.82189349112426)","(31.0, 50.0, 57.2)","(6.5, 7.4, 7.779862700228833)","(7.5, 9.2, 9.288995215311004)","(8.5, 11.0, 10.539473684210526)","(5.5, 7.8, 7.522033898305085)","(51.0, 95.0, 80.0)","(17.0, 25.0, 24.8125)","(21.0, 28.0, 26.25)"
07-01-2023 12:53:18.806531,"(6.5, 7.8, 7.304)","(3.2, 3.85, 3.818848167539267)","(31.0, 60.0, 47.77777777777778)","(6.5, 7.8, 7.955102040816326)","(7.5, 9.4, 9.194193548387096)","(8.5, 11.0, 10.416666666666666)","(5.5, 8.0, 7.296)","(51.0, 95.0, 78.57142857142857)","(17.0, 25.0, 22.833333333333332)","(21.0, 28.0, 25.833333333333332)"
07-01-2023 12:53:20.264417,"(6.5, 7.4, 7.246875)","(3.2, 3.85, 3.821556886227545)","(31.0, 48.0, 51.53846153846154)","(6.5, 8.0, 7.95945945945946)","(7.5, 9.2, 9.292944038929441)","(8.5, 10.5, 10.512820512820513)","(5.5, 7.4, 7.623529411764705)","(51.0, 80.0, 85.625)","(17.0, 23.0, 24.8125)","(21.0, 26.0, 26.25)"
07-01-2023 12:53:21.743409,"(6.5, 7.8, 7.246875)","(3.2, 3.85, 3.821556886227545)","(31.0, 55.0, 51.53846153846154)","(6.5, 8.0, 7.95945945945946)","(7.5, 9.4, 9.292944038929441)","(8.5, 11.0, 10.512820512820513)","(5.5, 7.8, 7.623529411764705)","(51.0, 95.0, 86.66666666666666)","(17.0, 25.0, 24.8125)","(21.0, 28.0, 26.25)"
07-01-2023 12:53:23.226489,"(6.5, 7.8, 7.246875)","(3.2, 3.85, 3.821556886227545)","(31.0, 55.0, 51.53846153846154)","(6.5, 8.0, 7.909090909090909)","(7.5, 9.4, 9.292944038929441)","(8.5, 11.0, 10.512820512820513)","(5.5, 7.8, 7.623529411764705)","(51.0, 95.0, 86.66666666666666)","(17.0, 25.0, 24.8125)","(21.0, 28.0, 26.25)"
07-01-2023 12:53:24.636087,"(6.5, 7.8, 7.246875)","(3.2, 3.85, 3.820679012345679)","(31.0, 55.0, 51.53846153846154)","(6.5, 8.0, 7.909090909090909)","(7.5, 9.4, 9.292944038929441)","(8.5, 11.0, 10.512820512820513)","(5.5, 7.8, 7.623529411764705)","(51.0, 95.0, 86.66666666666666)","(17.0, 25.0, 24.8125)","(21.0, 28.0, 26.25)"
07-01-2023 12:53:26.059439,"(6.5, 7.8, 7.246875)","(3.3, 3.85, 3.81875)","(31.0, 55.0, 51.53846153846154)","(6.0, 8.0, 7.909090909090909)","(7.5, 9.4, 9.292944038929441)","(8.5, 11.0, 10.512820512820513)","(5.5, 7.8, 7.623529411764705)","(51.0, 95.0, 86.66666666666666)","(17.0, 25.0, 24.5)","(21.0, 28.0, 26.25)"
07-01-2023 12:53:27.534080,"(6.5, 7.8, 7.575)","(3.3, 3.85, 3.8276699029126213)","(31.0, 55.0, 51.53846153846154)","(6.0, 8.0, 8.117948717948718)","(7.5, 9.4, 9.292944038929441)","(8.5, 11.0, 10.533333333333333)","(5.5, 7.8, 7.445714285714286)","(51.0, 95.0, 86.66666666666666)","(17.0, 25.0, 24.5)","(21.0, 28.0, 26.25)"
07-01-2023 12:53:28.914221,"(6.5, 7.8, 7.575)","(3.3, 3.85, 3.8276699029126213)","(31.0, 55.0, 51.53846153846154)","(6.0, 8.2, 8.117948717948718)","(7.5, 9.4, 9.292944038929441)","(8.5, 11.0, 10.533333333333333)","(5.5, 7.8, 7.445714285714286)","(51.0, 95.0, 86.66666666666666)","(17.0, 25.0, 24.5)","(21.0, 28.0, 26.25)"
07-01-2023 12:53:30.274592,"(6.5, 7.8, 7.575)","(3.3, 3.85, 3.8276699029126213)","(31.0, 55.0, 51.53846153846154)","(6.0, 8.2, 8.11111111111111)","(7.5, 9.4, 9.290274314214464)","(8.5, 11.0, 10.533333333333333)","(5.5, 7.8, 7.558620689655172)","(51.0, 95.0, 86.66666666666666)","(17.0, 25.0, 24.5)","(21.0, 28.0, 26.25)"
07-01-2023 12:53:31.710986,"(6.5, 7.8, 7.575)","(3.3, 3.85, 3.8276699029126213)","(31.0, 55.0, 51.53846153846154)","(6.0, 8.2, 8.11578947368421)","(7.5, 9.4, 9.290274314214464)","(8.5, 11.0, 10.533333333333333)","(5.5, 7.6, 7.5625)","(51.0, 95.0, 86.66666666666666)","(17.0, 25.0, 24.5)","(21.0, 28.0, 26.25)"
07-01-2023 12:53:33.141824,"(6.5, 7.8, 7.575)","(3.3, 3.85, 3.8276699029126213)","(31.0, 55.0, 51.53846153846154)","(6.0, 8.2, 8.11578947368421)","(7.5, 9.4, 9.290274314214464)","(8.5, 11.0, 10.533333333333333)","(5.5, 7.6, 7.153846153846154)","(51.0, 95.0, 86.66666666666666)","(17.0, 25.0, 24.5)","(21.0, 28.0, 26.25)"
07-01-2023 12:53:34.631527,"(6.5, 7.8, 7.575)","(3.3, 3.85, 3.8276699029126213)","(31.0, 55.0, 51.53846153846154)","(6.0, 8.2, 8.169811320754716)","(7.5, 9.4, 9.290274314214464)","(8.5, 11.0, 10.533333333333333)","(5.5, 7.4, 7.1257142857142854)","(51.0, 95.0, 86.66666666666666)","(17.0, 25.0, 24.5)","(21.0, 28.0, 26.25)"
07-01-2023 12:53:36.171658,"(6.5, 7.8, 7.575)","(3.3, 3.85, 3.836153846153846)","(31.0, 55.0, 51.53846153846154)","(6.0, 8.2, 8.169811320754716)","(7.5, 9.4, 9.290274314214464)","(8.5, 11.0, 10.533333333333333)","(5.5, 7.4, 7.1257142857142854)","(51.0, 95.0, 86.66666666666666)","(17.0, 25.0, 24.5)","(21.0, 28.0, 26.25)"
07-01-2023 12:53:37.636202,"(6.5, 7.8, 7.575)","(3.3, 3.85, 3.836153846153846)","(31.0, 55.0, 51.53846153846154)","(6.0, 8.2, 8.169811320754716)","(7.5, 9.4, 9.290274314214464)","(8.5, 11.0, 10.533333333333333)","(5.5, 7.4, 7.1257142857142854)","(51.0, 95.0, 86.66666666666666)","(17.0, 25.0, 24.5)","(21.0, 28.0, 26.25)"
07-01-2023 12:53:39.076234,"(6.5, 7.8, 7.65)","(3.3, 3.85, 3.853921568627451)","(31.0, 55.0, 51.53846153846154)","(6.0, 8.2, 8.169811320754716)","(7.5, 9.4, 9.29246231155779)","(8.5, 11.0, 10.533333333333333)","(5.5, 7.4, 7.1257142857142854)","(51.0, 95.0, 86.66666666666666)","(17.0, 25.0, 24.5)","(21.0, 28.0, 26.25)"
07-01-2023 12:53:40.465869,"(6.5, 7.8, 7.65)","(3.3, 3.9, 3.798181818181818)","(31.0, 55.0, 51.53846153846154)","(6.0, 8.2, 8.08)","(7.5, 9.4, 9.29246231155779)","(8.5, 11.0, 10.533333333333333)","(5.5, 7.4, 7.1257142857142854)","(51.0, 95.0, 86.66666666666666)","(17.0, 25.0, 24.5)","(21.0, 28.0, 26.25)"
07-01-2023 12:53:41.956698,"(6.5, 7.8, 7.575)","(3.3, 3.8, 3.798181818181818)","(31.0, 55.0, 51.53846153846154)","(6.0, 8.2, 8.08)","(7.5, 9.4, 9.29246231155779)","(8.5, 11.0, 10.533333333333333)","(5.5, 7.4, 7.1257142857142854)","(51.0, 95.0, 86.66666666666666)","(17.0, 25.0, 24.5)","(21.0, 28.0, 26.25)"
07-01-2023 12:53:43.436899,"(6.5, 7.8, 7.65)","(3.3, 3.8, 3.8882608695652174)","(31.0, 55.0, 51.53846153846154)","(6.0, 8.2, 8.0)","(7.5, 9.4, 9.29246231155779)","(8.5, 11.0, 10.533333333333333)","(5.5, 7.4, 7.1257142857142854)","(51.0, 95.0, 86.66666666666666)","(17.0, 25.0, 24.5)","(21.0, 28.0, 26.25)"
07-01-2023 12:53:44.917735,"(6.5, 7.8, 7.65)","(3.3, 3.9, 3.8921052631578945)","(31.0, 55.0, 51.53846153846154)","(6.0, 8.2, 8.027692307692307)","(7.5, 9.4, 9.29246231155779)","(8.5, 11.0, 10.481927710843374)","(5.5, 7.4, 7.1257142857142854)","(51.0, 95.0, 85.0)","(17.0, 25.0, 24.5)","(21.0, 28.0, 26.25)"
07-01-2023 12:53:46.391897,"(6.5, 7.8, 7.575)","(3.3, 3.9, 3.8353932584269663)","(31.0, 55.0, 51.53846153846154)","(6.0, 8.2, 8.027692307692307)","(7.5, 9.4, 9.262379421221866)","(8.5, 11.0, 10.481927710843374)","(5.5, 7.4, 7.1257142857142854)","(51.0, 90.0, 85.0)","(17.0, 25.0, 24.5)","(21.0, 28.0, 26.25)"
07-01-2023 12:53:47.832229,"(6.5, 7.8, 7.575)","(3.3, 3.95, 3.8353932584269663)","(31.0, 55.0, 51.53846153846154)","(6.0, 8.2, 8.027692307692307)","(7.5, 9.4, 9.262379421221866)","(8.5, 11.0, 10.481927710843374)","(5.5, 7.4, 7.1257142857142854)","(51.0, 90.0, 85.0)","(17.0, 25.0, 24.5)","(21.0, 28.0, 26.25)"
07-01-2023 12:53:49.125226,"(6.5, 7.8, 7.575)","(3.3, 3.95, 3.8353932584269663)","(31.0, 55.0, 51.53846153846154)","(6.0, 8.2, 7.926829268292683)","(7.5, 9.4, 9.278409090909092)","(8.5, 11.0, 10.481927710843374)","(5.5, 7.4, 7.1257142857142854)","(51.0, 90.0, 85.0)","(17.0, 25.0, 24.5)","(21.0, 28.0, 26.25)"
07-01-2023 12:53:50.401978,"(6.5, 7.8, 7.4)","(3.3, 3.95, 3.8125336927223716)","(31.0, 55.0, 50.90909090909091)","(6.0, 8.2, 7.968421052631578)","(7.5, 9.4, 9.278409090909092)","(8.5, 11.0, 10.481927710843374)","(5.5, 7.4, 7.016)","(51.0, 90.0, 85.0)","(17.0, 25.0, 24.5)","(21.0, 28.0, 26.25)"
07-01-2023 12:53:51.859470,"(6.5, 7.8, 7.4)","(3.3, 3.95, 3.8106557377049177)","(31.0, 55.0, 50.90909090909091)","(6.0, 8.2, 7.968421052631578)","(7.5, 9.4, 9.278409090909092)","(8.5, 11.0, 10.481927710843374)","(5.5, 7.4, 7.016)","(51.0, 90.0, 85.0)","(17.0, 25.0, 24.5)","(21.0, 28.0, 26.25)"
07-01-2023 12:53:53.306969,"(6.5, 7.8, 7.4)","(3.3, 3.95, 3.8106557377049177)","(31.0, 55.0, 50.90909090909091)","(6.0, 8.2, 7.861538461538461)","(7.5, 9.4, 9.278409090909092)","(8.5, 11.0, 10.481927710843374)","(5.5, 7.4, 7.013333333333334)","(51.0, 90.0, 85.0)","(17.0, 25.0, 24.5)","(21.0, 28.0, 26.25)"
07-01-2023 12:53:54.683568,"(6.5, 7.8, 7.4)","(3.3, 3.95, 3.8106557377049177)","(31.0, 55.0, 50.90909090909091)","(6.0, 8.2, 7.861538461538461)","(7.5, 9.4, 9.272980501392757)","(8.5, 11.0, 10.481927710843374)","(5.5, 7.4, 7.013333333333334)","(51.0, 90.0, 85.0)","(17.0, 25.0, 24.5)","(21.0, 28.0, 26.25)"
07-01-2023 12:53:56.057769,"(6.5, 7.8, 7.4)","(3.3, 3.95, 3.8106557377049177)","(31.0, 55.0, 50.90909090909091)","(6.0, 8.2, 7.861538461538461)","(7.5, 9.4, 9.272980501392757)","(8.5, 11.0, 10.481927710843374)","(5.5, 7.4, 7.013333333333334)","(51.0, 90.0, 85.0)","(17.0, 25.0, 24.307692307692307)","(21.0, 28.0, 26.25)"
07-01-2023 12:53:57.401613,"(6.5, 7.8, 7.56)","(3.3, 3.95, 3.825912408759124)","(31.0, 55.0, 52.666666666666664)","(6.0, 8.2, 7.885714285714285)","(7.5, 9.4, 9.178181818181818)","(8.5, 11.0, 10.522222222222222)","(5.5, 7.4, 7.013333333333334)","(51.0, 90.0, 85.0)","(17.0, 25.0, 24.4375)","(21.0, 28.0, 26.5)"
07-01-2023 12:53:58.756653,"(6.5, 7.8, 7.56)","(3.3, 3.95, 3.8195652173913044)","(31.0, 55.0, 52.666666666666664)","(6.0, 8.2, 7.885714285714285)","(7.5, 9.2, 9.178181818181818)","(8.5, 11.0, 10.522222222222222)","(5.5, 7.4, 7.013333333333334)","(51.0, 90.0, 85.0)","(17.0, 25.0, 24.4375)","(21.0, 28.0, 26.5)"
07-01-2023 12:54:00.199946,"(6.5, 7.8, 7.376470588235295)","(3.3, 3.95, 3.8609947643979057)","(31.0, 55.0, 51.81818181818182)","(6.0, 8.2, 7.933333333333334)","(7.5, 9.2, 9.278409090909092)","(8.5, 11.0, 10.516483516483516)","(5.5, 7.4, 7.013333333333334)","(51.0, 90.0, 85.0)","(17.0, 25.0, 24.4375)","(21.0, 28.0, 26.25)"
07-01-2023 12:54:01.543401,"(6.5, 7.8, 7.376470588235295)","(3.3, 3.95, 3.8848360655737704)","(31.0, 55.0, 51.81818181818182)","(6.0, 8.0, 7.933333333333334)","(7.5, 9.4, 9.278409090909092)","(8.5, 11.0, 10.516483516483516)","(5.5, 7.4, 7.013333333333334)","(51.0, 90.0, 85.0)","(17.0, 25.0, 24.785714285714285)","(21.0, 28.0, 26.25)"
07-01-2023 12:54:02.919533,"(6.5, 7.8, 7.376470588235295)","(3.3, 3.9, 3.8701900237529694)","(31.0, 55.0, 51.81818181818182)","(6.0, 8.0, 7.933333333333334)","(7.5, 9.4, 9.278409090909092)","(8.5, 11.0, 10.516483516483516)","(5.5, 7.4, 7.013333333333334)","(51.0, 90.0, 85.0)","(17.0, 25.0, 24.785714285714285)","(21.0, 28.0, 26.25)"
07-01-2023 12:54:04.297347,"(6.5, 7.8, 7.4)","(3.3, 3.95, 3.8701900237529694)","(31.0, 55.0, 51.81818181818182)","(6.0, 8.0, 7.6909090909090905)","(7.5, 9.4, 9.278409090909092)","(8.5, 11.0, 10.522222222222222)","(5.5, 7.4, 6.9093333333333335)","(51.0, 90.0, 85.0)","(17.0, 25.0, 24.785714285714285)","(21.0, 28.0, 26.25)"
07-01-2023 12:54:05.681493,"(6.5, 7.8, 7.4)","(3.3, 3.95, 3.8767558528428094)","(31.0, 55.0, 51.81818181818182)","(6.5, 8.2, 7.6909090909090905)","(7.5, 9.4, 9.278409090909092)","(8.5, 11.0, 10.522222222222222)","(5.5, 7.0, 6.907586206896552)","(51.0, 90.0, 85.0)","(17.0, 25.0, 24.4375)","(21.0, 28.0, 26.25)"
07-01-2023 12:54:07.004201,"(6.5, 7.8, 7.4)","(3.3, 3.95, 3.857983193277311)","(31.0, 55.0, 48.48421052631579)","(6.5, 8.2, 7.682352941176471)","(7.5, 9.4, 9.134848484848485)","(8.5, 11.0, 10.705479452054794)","(5.5, 7.0, 6.998076923076923)","(51.0, 90.0, 86.66666666666667)","(17.0, 25.0, 24.77777777777778)","(21.0, 28.0, 26.007518796992482)"
07-01-2023 12:54:08.329924,"(6.5, 7.8, 7.757894736842105)","(3.3, 3.95, 3.905882352941177)","(31.0, 50.0, 48.4375)","(6.5, 8.0, 7.488888888888889)","(7.5, 9.2, 9.134848484848485)","(8.5, 11.0, 10.476851851851851)","(5.5, 7.0, 6.982300884955752)","(51.0, 90.0, 86.66666666666667)","(17.0, 25.0, 24.655172413793103)","(21.0, 27.0, 25.956043956043956)"
07-01-2023 12:54:09.683640,"(6.5, 8.0, 7.858333333333333)","(3.3, 3.9, 3.8539915966386555)","(31.0, 50.0, 48.417582417582416)","(6.5, 7.6, 7.682352941176471)","(7.5, 9.2, 9.134848484848485)","(8.5, 10.5, 10.703448275862069)","(5.5, 7.0, 7.238297872340426)","(51.0, 90.0, 86.66666666666667)","(17.0, 25.0, 24.77777777777778)","(21.0, 26.0, 25.984615384615385)"
07-01-2023 12:54:11.046591,"(6.5, 8.0, 7.76)","(3.3, 3.95, 3.857983193277311)","(31.0, 50.0, 48.417582417582416)","(6.5, 8.0, 7.682352941176471)","(7.5, 9.2, 9.134848484848485)","(8.5, 11.0, 10.380952380952381)","(5.5, 7.4, 7.238297872340426)","(51.0, 90.0, 86.66666666666667)","(17.0, 25.0, 24.77777777777778)","(21.0, 27.0, 25.984615384615385)"
07-01-2023 12:54:12.401762,"(6.5, 8.0, 7.766467065868263)","(3.3, 3.95, 3.8539473684210526)","(31.0, 50.0, 48.417582417582416)","(6.5, 8.0, 7.8)","(7.5, 9.2, 9.134848484848485)","(8.5, 10.5, 10.380952380952381)","(5.5, 7.4, 7.251094890510949)","(51.0, 90.0, 87.0)","(17.0, 25.0, 24.77777777777778)","(21.0, 27.0, 25.984615384615385)"
07-01-2023 12:54:13.721357,"(6.5, 8.0, 7.766467065868263)","(3.3, 3.95, 3.8539473684210526)","(31.0, 50.0, 48.417582417582416)","(6.5, 8.0, 7.8)","(7.5, 9.2, 9.134848484848485)","(8.5, 10.5, 10.380952380952381)","(5.5, 7.4, 7.251094890510949)","(51.0, 90.0, 87.0)","(17.0, 25.0, 24.77777777777778)","(21.0, 27.0, 25.984615384615385)"
07-01-2023 12:54:15.048903,"(6.5, 8.0, 7.766467065868263)","(3.3, 3.95, 3.8539473684210526)","(31.0, 50.0, 48.417582417582416)","(6.5, 8.0, 7.8)","(7.5, 9.2, 9.115686274509804)","(8.5, 10.5, 10.380952380952381)","(5.5, 7.4, 7.251094890510949)","(51.0, 90.0, 87.0)","(17.0, 25.0, 24.77777777777778)","(21.0, 27.0, 25.984615384615385)"
07-01-2023 12:54:16.406264,"(6.5, 8.0, 7.766467065868263)","(3.3, 3.95, 3.8629629629629627)","(31.0, 50.0, 48.417582417582416)","(6.5, 8.0, 7.5471264367816095)","(7.5, 9.2, 9.115686274509804)","(8.5, 10.5, 10.380952380952381)","(5.5, 7.4, 7.2748201438848925)","(51.0, 90.0, 87.0)","(17.0, 25.0, 24.77777777777778)","(21.0, 27.0, 25.984615384615385)"
07-01-2023 12:54:17.729438,"(6.5, 8.0, 7.7754601226993865)","(3.3, 3.9, 3.8629629629629627)","(31.0, 50.0, 48.417582417582416)","(6.5, 8.2, 7.5471264367816095)","(7.5, 9.2, 9.115686274509804)","(8.5, 10.5, 10.380952380952381)","(5.5, 7.4, 7.2748201438848925)","(51.0, 90.0, 87.0)","(17.0, 25.0, 24.77777777777778)","(21.0, 27.0, 25.984615384615385)"
07-01-2023 12:54:19.068310,"(6.5, 8.0, 7.784705882352942)","(3.3, 3.9, 3.862085308056872)","(31.0, 50.0, 48.417582417582416)","(6.5, 8.2, 7.552380952380952)","(7.5, 9.2, 9.115686274509804)","(8.5, 10.5, 10.380952380952381)","(5.5, 7.4, 7.2748201438848925)","(51.0, 90.0, 92.77777777777777)","(17.0, 25.0, 24.77777777777778)","(21.0, 27.0, 25.984615384615385)"
07-01-2023 12:54:20.427583,"(6.5, 8.0, 7.784705882352942)","(3.3, 3.9, 3.8803680981595092)","(31.0, 50.0, 46.8)","(6.5, 8.2, 7.650980392156863)","(7.5, 9.2, 9.115686274509804)","(8.5, 10.5, 10.380952380952381)","(5.5, 7.4, 7.2748201438848925)","(51.0, 95.0, 90.0)","(17.0, 25.0, 24.5)","(21.0, 27.0, 25.263157894736842)"
07-01-2023 12:54:21.834904,"(6.5, 8.0, 7.784705882352942)","(3.3, 3.9, 3.8803680981595092)","(31.0, 50.0, 46.8)","(6.5, 8.2, 7.650980392156863)","(7.5, 9.2, 9.115686274509804)","(8.5, 10.5, 10.272727272727273)","(5.5, 7.4, 7.2748201438848925)","(51.0, 95.0, 90.0)","(17.0, 25.0, 24.5)","(21.0, 27.0, 25.263157894736842)"
07-01-2023 12:54:23.297263,"(6.5, 8.0, 7.793220338983051)","(3.3, 3.9, 3.8803680981595092)","(31.0, 50.0, 46.8)","(6.5, 8.2, 7.650980392156863)","(7.5, 9.2, 9.186075949367089)","(8.5, 10.5, 10.272727272727273)","(5.5, 7.4, 7.2748201438848925)","(51.0, 95.0, 90.0)","(17.0, 25.0, 24.5)","(21.0, 27.0, 25.263157894736842)"
07-01-2023 12:54:24.868445,"(6.5, 8.0, 7.793220338983051)","(3.3, 3.9, 3.8803680981595092)","(31.0, 50.0, 46.8)","(6.5, 8.2, 7.650980392156863)","(7.5, 9.2, 9.186075949367089)","(8.5, 10.5, 10.272727272727273)","(5.5, 7.4, 7.2748201438848925)","(51.0, 95.0, 90.0)","(17.0, 25.0, 24.5)","(21.0, 27.0, 25.44705882352941)"
07-01-2023 12:54:26.414797,"(6.5, 8.0, 7.793220338983051)","(3.3, 3.9, 3.8803680981595092)","(31.0, 50.0, 46.8)","(6.5, 8.2, 7.650980392156863)","(7.5, 9.2, 9.186075949367089)","(8.5, 10.5, 10.307692307692308)","(5.5, 7.4, 7.2748201438848925)","(51.0, 95.0, 90.0)","(17.0, 25.0, 24.5)","(21.0, 27.0, 25.44705882352941)"
07-01-2023 12:54:27.757048,"(6.5, 8.0, 7.793220338983051)","(3.3, 3.9, 3.8803680981595092)","(31.0, 50.0, 46.8)","(6.5, 8.2, 7.584615384615385)","(7.5, 9.2, 9.186075949367089)","(8.5, 10.5, 10.307692307692308)","(5.5, 7.4, 7.269662921348315)","(51.0, 95.0, 76.875)","(17.0, 25.0, 24.5)","(21.0, 27.0, 25.44705882352941)"
07-01-2023 12:54:29.200941,"(6.5, 8.0, 7.7625)","(3.3, 3.9, 3.8803680981595092)","(31.0, 50.0, 46.8)","(6.5, 8.0, 7.584615384615385)","(7.5, 9.2, 9.186075949367089)","(8.5, 10.5, 10.307692307692308)","(5.5, 7.4, 7.281632653061225)","(51.0, 80.0, 76.42857142857143)","(17.0, 25.0, 24.5)","(21.0, 27.0, 25.44705882352941)"
07-01-2023 12:54:30.509239,"(6.5, 8.0, 7.7625)","(3.3, 3.9, 3.8803680981595092)","(31.0, 50.0, 46.8)","(6.5, 8.0, 7.584615384615385)","(7.5, 9.2, 9.186075949367089)","(8.5, 10.5, 10.307692307692308)","(5.5, 7.4, 7.253211009174312)","(51.0, 80.0, 76.42857142857143)","(17.0, 25.0, 24.5)","(21.0, 27.0, 25.44705882352941)"
07-01-2023 12:54:31.857453,"(6.5, 8.0, 7.7625)","(3.3, 3.9, 3.8803680981595092)","(31.0, 50.0, 46.8)","(6.5, 8.0, 7.584615384615385)","(7.5, 9.2, 9.186075949367089)","(8.5, 10.5, 10.307692307692308)","(5.5, 7.4, 7.281632653061225)","(51.0, 80.0, 76.42857142857143)","(17.0, 25.0, 24.5)","(21.0, 27.0, 25.44705882352941)"
07-01-2023 12:54:33.258039,"(6.5, 8.0, 7.7625)","(3.3, 3.9, 3.8797468354430378)","(31.0, 50.0, 47.42857142857143)","(6.5, 8.0, 7.584615384615385)","(7.5, 9.2, 9.186075949367089)","(8.5, 10.5, 10.307692307692308)","(5.5, 7.4, 7.186486486486487)","(51.0, 80.0, 76.42857142857143)","(17.0, 25.0, 24.5)","(21.0, 27.0, 25.44705882352941)"
07-01-2023 12:54:34.697922,"(6.5, 8.0, 7.7625)","(3.3, 3.9, 3.8797468354430378)","(31.0, 50.0, 47.42857142857143)","(6.5, 8.0, 7.584615384615385)","(7.5, 9.2, 9.186075949367089)","(8.5, 10.5, 10.25)","(5.5, 7.2, 7.186486486486487)","(51.0, 80.0, 76.42857142857143)","(17.0, 25.0, 24.5)","(21.0, 27.0, 25.51685393258427)"
07-01-2023 12:54:36.295188,"(6.5, 8.0, 7.7625)","(3.3, 3.9, 3.8797468354430378)","(31.0, 50.0, 47.42857142857143)","(6.5, 8.0, 7.584615384615385)","(7.5, 9.2, 9.186075949367089)","(8.5, 10.5, 10.25)","(5.5, 7.2, 7.186486486486487)","(51.0, 80.0, 76.42857142857143)","(17.0, 25.0, 24.5)","(21.0, 27.0, 25.51685393258427)"
07-01-2023 12:54:37.600129,"(6.5, 8.0, 7.7625)","(3.3, 3.9, 3.8797468354430378)","(31.0, 50.0, 47.42857142857143)","(6.5, 8.0, 7.3803921568627455)","(7.5, 9.2, 9.186075949367089)","(8.5, 10.5, 10.2)","(5.5, 7.2, 7.184375)","(51.0, 80.0, 76.42857142857143)","(17.0, 25.0, 24.5)","(21.0, 27.0, 25.51685393258427)"
07-01-2023 12:54:39.024393,"(6.5, 8.0, 7.793220338983051)","(3.3, 3.9, 3.8820224719101124)","(31.0, 50.0, 47.42857142857143)","(6.5, 7.4, 7.3803921568627455)","(7.5, 9.2, 9.186075949367089)","(8.5, 10.5, 10.2)","(5.5, 7.2, 7.184375)","(51.0, 80.0, 76.42857142857143)","(17.0, 25.0, 24.5)","(21.0, 27.0, 25.51685393258427)"
07-01-2023 12:54:40.371051,"(6.5, 8.0, 7.793220338983051)","(3.3, 3.9, 3.8820224719101124)","(31.0, 50.0, 47.42857142857143)","(6.5, 7.4, 7.3803921568627455)","(7.5, 9.2, 9.186075949367089)","(8.5, 10.5, 10.2)","(5.5, 7.2, 7.184375)","(51.0, 80.0, 76.42857142857143)","(17.0, 25.0, 24.5)","(21.0, 27.0, 25.51685393258427)"
07-01-2023 12:54:41.761053,"(6.5, 8.0, 7.726829268292683)","(3.3, 3.9, 3.8846153846153846)","(31.0, 50.0, 47.42857142857143)","(6.5, 7.4, 7.3803921568627455)","(7.5, 9.2, 9.186075949367089)","(8.5, 10.5, 10.2)","(5.5, 7.2, 7.184375)","(51.0, 80.0, 76.42857142857143)","(17.0, 25.0, 23.29032258064516)","(21.0, 27.0, 25.51685393258427)"
07-01-2023 12:54:43.176953,"(6.5, 8.0, 7.726829268292683)","(3.3, 3.9, 3.8946236559139784)","(31.0, 50.0, 47.42857142857143)","(6.5, 7.4, 7.3803921568627455)","(7.5, 9.2, 9.186075949367089)","(8.5, 10.5, 10.2)","(5.5, 7.2, 7.184375)","(51.0, 80.0, 76.42857142857143)","(17.0, 24.0, 23.29032258064516)","(21.0, 27.0, 25.51685393258427)"
07-01-2023 12:54:44.502711,"(6.5, 8.0, 7.766666666666667)","(3.3, 3.9, 3.873684210526316)","(31.0, 50.0, 47.42857142857143)","(6.5, 7.4, 7.3803921568627455)","(7.5, 9.2, 9.186075949367089)","(8.5, 10.5, 10.2)","(5.5, 7.2, 7.184375)","(51.0, 80.0, 76.42857142857143)","(17.0, 24.0, 23.29032258064516)","(21.0, 27.0, 25.51685393258427)"
07-01-2023 12:54:45.970856,"(6.5, 8.0, 7.771428571428571)","(3.3, 3.9, 3.873684210526316)","(31.0, 50.0, 57.83783783783784)","(6.5, 7.4, 7.3803921568627455)","(7.5, 9.2, 9.231496062992127)","(8.5, 10.5, 10.134146341463415)","(5.5, 7.2, 7.184375)","(51.0, 80.0, 75.0)","(17.0, 24.0, 22.742857142857144)","(21.0, 27.0, 27.050847457627118)"
07-01-2023 12:54:47.288664,"(6.5, 8.0, 7.771428571428571)","(3.3, 3.9, 3.8642857142857143)","(31.0, 60.0, 57.83783783783784)","(6.5, 7.4, 7.778181818181818)","(7.5, 9.4, 9.231496062992127)","(8.5, 10.5, 10.134146341463415)","(5.5, 7.2, 7.184375)","(51.0, 80.0, 75.0)","(17.0, 24.0, 22.742857142857144)","(21.0, 28.0, 27.050847457627118)"
07-01-2023 12:54:48.670078,"(6.5, 8.0, 7.771428571428571)","(3.3, 3.9, 3.8642857142857143)","(31.0, 60.0, 57.83783783783784)","(6.5, 7.8, 7.778181818181818)","(7.5, 9.4, 9.231496062992127)","(8.5, 10.5, 10.134146341463415)","(5.5, 7.2, 7.184375)","(51.0, 80.0, 75.0)","(17.0, 24.0, 22.742857142857144)","(21.0, 28.0, 27.050847457627118)"
07-01-2023 12:54:50.052604,"(6.5, 8.0, 7.771428571428571)","(3.3, 3.9, 3.8642857142857143)","(31.0, 60.0, 57.83783783783784)","(6.5, 7.8, 7.788888888888889)","(7.5, 9.4, 9.231496062992127)","(8.5, 10.5, 10.134146341463415)","(5.5, 7.2, 7.184375)","(51.0, 80.0, 75.0)","(17.0, 24.0, 22.742857142857144)","(21.0, 28.0, 27.050847457627118)"
07-01-2023 12:54:51.403498,"(6.5, 8.0, 7.613793103448275)","(3.3, 3.9, 3.848971193415638)","(31.0, 60.0, 57.83783783783784)","(6.5, 7.8, 8.05483870967742)","(7.5, 9.4, 8.90967741935484)","(8.5, 10.5, 10.271186440677965)","(5.5, 7.2, 7.184375)","(51.0, 80.0, 75.0)","(17.0, 24.0, 22.742857142857144)","(21.0, 28.0, 27.050847457627118)"
07-01-2023 12:54:52.600444,"(6.5, 8.0, 7.613793103448275)","(3.3, 3.85, 3.848971193415638)","(31.0, 60.0, 57.83783783783784)","(6.5, 8.2, 7.970909090909091)","(7.5, 9.0, 8.90967741935484)","(8.5, 11.0, 10.271186440677965)","(5.5, 7.2, 7.1649122807017545)","(51.0, 80.0, 75.0)","(17.0, 24.0, 22.742857142857144)","(21.0, 28.0, 26.872340425531913)"
07-01-2023 12:54:53.895879,"(6.5, 8.0, 7.613793103448275)","(3.3, 3.85, 3.848971193415638)","(31.0, 60.0, 57.83783783783784)","(6.5, 8.0, 7.970909090909091)","(7.5, 9.0, 8.90967741935484)","(8.5, 11.0, 10.271186440677965)","(5.5, 7.2, 7.164285714285715)","(51.0, 80.0, 75.0)","(17.0, 24.0, 22.72222222222222)","(21.0, 27.0, 26.872340425531913)"
07-01-2023 12:54:55.143460,"(6.5, 8.0, 7.613793103448275)","(3.3, 3.85, 3.847983870967742)","(31.0, 60.0, 57.83783783783784)","(6.5, 8.0, 7.970909090909091)","(7.5, 9.0, 8.90967741935484)","(8.5, 11.0, 10.271186440677965)","(5.5, 7.2, 7.164285714285715)","(51.0, 80.0, 75.0)","(17.0, 24.0, 22.72222222222222)","(21.0, 27.0, 26.872340425531913)"
07-01-2023 12:54:56.403578,"(6.5, 8.0, 7.613793103448275)","(3.3, 3.9, 3.890740740740741)","(31.0, 60.0, 57.83783783783784)","(6.5, 8.0, 7.9714285714285715)","(7.5, 9.0, 8.90967741935484)","(8.5, 11.0, 10.271186440677965)","(5.5, 7.2, 7.164285714285715)","(51.0, 80.0, 75.0)","(17.0, 24.0, 22.357142857142858)","(21.0, 27.0, 26.7)"
07-01-2023 12:54:57.714767,"(6.5, 8.0, 7.613793103448275)","(3.3, 3.9, 3.895967741935484)","(31.0, 60.0, 52.0)","(6.5, 8.0, 7.9714285714285715)","(7.5, 9.0, 8.90967741935484)","(8.5, 11.0, 10.271186440677965)","(5.5, 7.2, 7.1825)","(51.0, 80.0, 75.0)","(17.0, 24.0, 22.357142857142858)","(21.0, 27.0, 26.7)"
07-01-2023 12:54:58.991482,"(6.5, 8.0, 7.613793103448275)","(3.3, 3.9, 3.8798657718120806)","(31.0, 60.0, 53.33333333333333)","(6.5, 8.0, 7.9714285714285715)","(7.5, 9.0, 8.90967741935484)","(8.5, 11.0, 10.271186440677965)","(5.5, 7.4, 7.142222222222222)","(51.0, 80.0, 75.0)","(17.0, 24.0, 22.357142857142858)","(21.0, 27.0, 26.7)"
07-01-2023 12:55:00.255751,"(6.5, 8.0, 7.613793103448275)","(3.3, 3.9, 3.8798657718120806)","(31.0, 60.0, 53.33333333333333)","(6.5, 8.0, 7.9714285714285715)","(7.5, 9.0, 8.90967741935484)","(8.5, 11.0, 10.271186440677965)","(5.5, 7.4, 7.142222222222222)","(51.0, 80.0, 75.0)","(17.0, 24.0, 22.357142857142858)","(21.0, 27.0, 26.7)"
07-01-2023 12:55:01.853548,"(6.5, 8.0, 7.776)","(3.3, 3.9, 3.8593457943925236)","(31.0, 60.0, 56.19047619047619)","(6.5, 8.0, 7.9714285714285715)","(7.5, 9.0, 8.90967741935484)","(8.5, 11.0, 10.271186440677965)","(5.5, 7.4, 7.18780487804878)","(51.0, 80.0, 76.875)","(17.0, 24.0, 22.930232558139537)","(21.0, 27.0, 26.833333333333332)"
07-01-2023 12:55:03.749346,"(6.5, 8.0, 7.776)","(3.3, 3.9, 3.8593457943925236)","(31.0, 60.0, 56.19047619047619)","(6.5, 8.0, 7.9714285714285715)","(7.5, 9.0, 8.90967741935484)","(8.5, 11.0, 10.271186440677965)","(5.5, 7.4, 7.192592592592593)","(51.0, 80.0, 76.875)","(17.0, 24.0, 22.930232558139537)","(21.0, 27.0, 26.833333333333332)"
07-01-2023 12:55:05.571818,"(6.5, 8.0, 7.767741935483871)","(3.3, 3.9, 3.862820512820513)","(31.0, 60.0, 54.074074074074076)","(6.5, 8.0, 7.973770491803279)","(7.5, 9.0, 8.976470588235294)","(8.5, 11.0, 10.134615384615385)","(5.5, 7.2, 7.193220338983051)","(51.0, 80.0, 75.0)","(17.0, 24.0, 22.88372093023256)","(21.0, 27.0, 26.7)"
07-01-2023 12:55:07.322551,"(6.5, 8.0, 7.767741935483871)","(3.3, 3.9, 3.854291845493562)","(31.0, 60.0, 54.074074074074076)","(6.5, 8.0, 7.973770491803279)","(7.5, 9.0, 8.976470588235294)","(8.5, 11.0, 10.134615384615385)","(5.5, 7.2, 7.193220338983051)","(51.0, 80.0, 75.0)","(17.0, 24.0, 22.88372093023256)","(21.0, 27.0, 26.7)"
07-01-2023 12:55:08.861268,"(6.5, 8.0, 7.757575757575758)","(3.3, 3.9, 3.8543103448275864)","(31.0, 60.0, 54.666666666666664)","(6.5, 8.0, 7.972727272727273)","(7.5, 9.0, 8.976470588235294)","(8.5, 11.0, 10.042553191489361)","(5.5, 7.2, 7.193220338983051)","(51.0, 80.0, 75.0)","(17.0, 24.0, 22.88372093023256)","(21.0, 27.0, 26.76923076923077)"
07-01-2023 12:55:10.224185,"(6.5, 8.0, 7.757575757575758)","(3.3, 3.9, 3.8543103448275864)","(31.0, 60.0, 54.666666666666664)","(6.5, 8.0, 7.972727272727273)","(7.5, 9.0, 8.976470588235294)","(8.5, 11.0, 10.042553191489361)","(5.5, 7.2, 7.193220338983051)","(51.0, 80.0, 75.0)","(17.0, 24.0, 22.88372093023256)","(21.0, 27.0, 26.76923076923077)"
07-01-2023 12:55:11.535596,"(6.5, 8.0, 7.757575757575758)","(3.3, 3.9, 3.854761904761905)","(31.0, 60.0, 54.666666666666664)","(6.5, 8.0, 7.972727272727273)","(7.5, 9.0, 8.995652173913044)","(8.5, 11.0, 10.042553191489361)","(5.5, 7.2, 7.193220338983051)","(51.0, 80.0, 75.0)","(17.0, 24.0, 22.88372093023256)","(21.0, 27.0, 26.76923076923077)"
07-01-2023 12:55:12.856131,"(6.5, 8.0, 7.757575757575758)","(3.3, 3.9, 3.854761904761905)","(31.0, 60.0, 54.666666666666664)","(6.5, 8.0, 7.884615384615385)","(7.5, 9.0, 8.995652173913044)","(9.0, 11.0, 10.042553191489361)","(5.5, 7.2, 7.193220338983051)","(61.0, 80.0, 75.0)","(18.0, 24.0, 22.76923076923077)","(21.0, 27.0, 26.88)"
07-01-2023 12:55:14.221094,"(6.5, 8.0, 7.757575757575758)","(3.3, 3.9, 3.8512820512820514)","(31.0, 60.0, 54.666666666666664)","(6.5, 8.0, 7.873684210526315)","(7.5, 9.0, 8.995652173913044)","(9.0, 11.0, 10.042553191489361)","(5.5, 7.2, 7.193220338983051)","(61.0, 80.0, 75.0)","(18.0, 24.0, 22.76923076923077)","(21.0, 27.0, 26.88)"
07-01-2023 12:55:15.425068,"(6.5, 8.0, 7.757575757575758)","(3.3, 3.9, 3.8512820512820514)","(31.0, 60.0, 54.666666666666664)","(6.5, 8.0, 7.873684210526315)","(7.5, 9.0, 8.995652173913044)","(9.0, 11.0, 10.042553191489361)","(5.5, 7.2, 7.193220338983051)","(61.0, 80.0, 75.0)","(18.0, 24.0, 22.76923076923077)","(21.0, 27.0, 26.88)"
07-01-2023 12:55:16.797221,"(6.5, 8.0, 7.757575757575758)","(3.3, 3.9, 3.8512820512820514)","(31.0, 60.0, 54.666666666666664)","(6.5, 8.0, 7.873684210526315)","(7.5, 9.0, 8.995652173913044)","(9.0, 11.0, 10.042553191489361)","(5.5, 7.2, 7.051851851851852)","(61.0, 80.0, 75.0)","(18.0, 24.0, 22.76923076923077)","(21.0, 27.0, 26.88235294117647)"
07-01-2023 12:55:18.056228,"(6.5, 8.0, 7.757575757575758)","(3.3, 3.9, 3.851381215469613)","(31.0, 60.0, 54.666666666666664)","(6.5, 8.0, 7.873684210526315)","(7.5, 9.0, 8.995652173913044)","(9.0, 11.0, 10.042553191489361)","(5.5, 7.2, 7.051851851851852)","(61.0, 80.0, 75.0)","(18.0, 24.0, 22.76923076923077)","(21.0, 27.0, 26.88235294117647)"
07-01-2023 12:55:19.329629,"(6.5, 8.0, 7.757575757575758)","(3.3, 3.9, 3.851381215469613)","(31.0, 60.0, 54.666666666666664)","(6.5, 8.0, 7.873684210526315)","(7.5, 9.0, 8.995652173913044)","(9.0, 11.0, 10.042553191489361)","(5.5, 7.2, 7.051851851851852)","(61.0, 80.0, 75.0)","(18.0, 24.0, 22.76923076923077)","(21.0, 27.0, 26.88235294117647)"
07-01-2023 12:55:20.656613,"(6.5, 8.0, 7.757575757575758)","(3.3, 3.9, 3.851381215469613)","(31.0, 60.0, 54.666666666666664)","(6.5, 8.0, 7.873684210526315)","(7.5, 9.4, 8.988811188811189)","(9.0, 11.0, 10.042553191489361)","(5.5, 7.2, 7.051851851851852)","(61.0, 80.0, 75.78947368421052)","(18.0, 24.0, 22.76923076923077)","(21.0, 27.0, 26.88235294117647)"
07-01-2023 12:55:21.940937,"(6.5, 8.0, 7.757575757575758)","(3.3, 3.9, 3.851381215469613)","(31.0, 60.0, 54.0)","(6.5, 8.0, 7.8)","(7.5, 9.4, 8.988811188811189)","(9.0, 11.0, 10.040816326530612)","(5.5, 7.2, 7.042857142857143)","(61.0, 80.0, 93.33333333333333)","(18.0, 24.0, 22.5)","(21.0, 27.0, 26.88235294117647)"
07-01-2023 12:55:23.303368,"(6.5, 8.0, 7.757575757575758)","(3.3, 3.9, 3.851381215469613)","(31.0, 55.0, 52.148148148148145)","(6.5, 8.0, 7.8)","(7.5, 9.4, 8.988811188811189)","(9.0, 11.0, 10.040816326530612)","(5.5, 7.2, 7.042857142857143)","(61.0, 95.0, 93.33333333333333)","(18.0, 24.0, 22.5)","(21.0, 27.0, 26.88235294117647)"
07-01-2023 12:55:24.615665,"(6.5, 8.0, 7.757575757575758)","(3.3, 3.9, 3.851381215469613)","(31.0, 55.0, 52.148148148148145)","(6.5, 8.0, 7.933333333333334)","(7.5, 9.4, 8.988811188811189)","(9.0, 11.0, 10.042553191489361)","(5.5, 7.2, 7.051851851851852)","(61.0, 95.0, 93.33333333333333)","(18.0, 24.0, 22.5)","(21.0, 27.0, 22.46938775510204)"
07-01-2023 12:55:26.085435,"(6.5, 8.0, 7.757575757575758)","(3.3, 3.9, 3.848545861297539)","(31.0, 55.0, 52.148148148148145)","(6.5, 8.0, 7.964705882352941)","(7.5, 9.4, 8.988811188811189)","(9.0, 11.0, 10.042553191489361)","(5.5, 7.2, 7.0636363636363635)","(61.0, 95.0, 93.33333333333333)","(18.0, 24.0, 22.666666666666668)","(21.0, 23.0, 25.73109243697479)"
07-01-2023 12:55:27.324075,"(6.5, 8.0, 7.757575757575758)","(3.3, 3.9, 3.848545861297539)","(31.0, 55.0, 52.148148148148145)","(6.5, 8.0, 7.966666666666667)","(7.5, 9.4, 8.988811188811189)","(9.0, 11.0, 10.042553191489361)","(5.5, 7.2, 7.0636363636363635)","(61.0, 95.0, 93.33333333333333)","(18.0, 24.0, 22.666666666666668)","(21.0, 26.0, 25.7)"
07-01-2023 12:55:28.675151,"(6.5, 8.0, 7.757575757575758)","(3.3, 3.9, 3.8537128712871285)","(31.0, 55.0, 52.148148148148145)","(6.5, 8.0, 7.966666666666667)","(7.5, 9.4, 9.014285714285714)","(9.0, 11.0, 10.042553191489361)","(5.5, 7.2, 7.0636363636363635)","(61.0, 95.0, 93.33333333333333)","(18.0, 24.0, 22.666666666666668)","(21.0, 26.0, 25.860869565217392)"
07-01-2023 12:55:30.255015,"(6.5, 8.0, 7.757575757575758)","(3.3, 3.9, 3.8537128712871285)","(31.0, 55.0, 49.45454545454545)","(6.5, 8.0, 7.838709677419355)","(7.5, 9.4, 9.133333333333333)","(9.0, 11.0, 10.042553191489361)","(5.5, 7.2, 7.0636363636363635)","(61.0, 95.0, 93.33333333333333)","(18.0, 24.0, 22.666666666666668)","(21.0, 26.0, 25.860869565217392)"
07-01-2023 12:55:32.023763,"(6.5, 8.0, 7.757575757575758)","(3.3, 3.9, 3.861021505376344)","(31.0, 50.0, 49.07692307692308)","(6.5, 8.2, 7.838709677419355)","(7.5, 9.2, 9.133333333333333)","(9.0, 11.0, 10.042553191489361)","(5.5, 7.2, 7.0636363636363635)","(61.0, 95.0, 93.42105263157895)","(18.0, 24.0, 22.58823529411765)","(21.0, 26.0, 25.753846153846155)"
07-01-2023 12:55:33.849013,"(6.5, 8.0, 7.889230769230769)","(3.3, 3.9, 3.847058823529412)","(31.0, 50.0, 45.46666666666667)","(6.5, 8.2, 7.838709677419355)","(7.5, 9.2, 8.925373134328359)","(9.0, 11.0, 10.042553191489361)","(5.5, 7.2, 7.0636363636363635)","(61.0, 95.0, 87.3913043478261)","(18.0, 24.0, 23.28358208955224)","(21.0, 24.0, 23.525)"
07-01-2023 12:55:35.202746,"(6.5, 8.0, 7.901754385964912)","(3.3, 3.85, 3.8444444444444446)","(31.0, 48.0, 45.07692307692308)","(6.5, 8.2, 7.748717948717949)","(7.5, 9.0, 8.925373134328359)","(9.0, 11.0, 10.117647058823529)","(5.5, 7.2, 7.0636363636363635)","(61.0, 90.0, 88.125)","(18.0, 24.0, 23.28358208955224)","(21.0, 24.0, 23.547619047619047)"
07-01-2023 12:55:36.543190,"(6.5, 8.0, 7.901754385964912)","(3.3, 3.85, 3.8505882352941176)","(31.0, 48.0, 46.666666666666664)","(6.5, 8.2, 7.788571428571428)","(7.5, 9.0, 8.895833333333334)","(9.0, 11.0, 10.042553191489361)","(5.5, 7.2, 7.0636363636363635)","(61.0, 90.0, 88.125)","(18.0, 24.0, 23.28358208955224)","(21.0, 24.0, 23.547619047619047)"
07-01-2023 12:55:37.991117,"(6.5, 8.0, 7.901754385964912)","(3.3, 3.9, 3.8574380165289255)","(31.0, 48.0, 46.74285714285714)","(6.5, 8.2, 7.788571428571428)","(7.5, 9.0, 8.895833333333334)","(9.0, 11.0, 10.042553191489361)","(5.5, 7.2, 7.0636363636363635)","(61.0, 90.0, 88.125)","(18.0, 24.0, 23.28358208955224)","(21.0, 24.0, 23.547619047619047)"
07-01-2023 12:55:39.378831,"(6.5, 8.0, 7.901754385964912)","(3.3, 3.9, 3.8565400843881856)","(31.0, 48.0, 46.74285714285714)","(6.5, 8.2, 7.788571428571428)","(7.5, 9.0, 8.895833333333334)","(9.0, 11.0, 10.042553191489361)","(5.5, 7.2, 7.0636363636363635)","(61.0, 90.0, 88.125)","(18.0, 24.0, 23.28358208955224)","(21.0, 24.0, 23.547619047619047)"
07-01-2023 12:55:40.844753,"(6.5, 8.0, 7.901754385964912)","(3.3, 3.9, 3.8565400843881856)","(31.0, 48.0, 46.74285714285714)","(6.5, 8.2, 7.905263157894737)","(7.5, 9.0, 8.895833333333334)","(9.0, 11.0, 10.037037037037036)","(5.5, 7.2, 7.103225806451613)","(61.0, 90.0, 88.125)","(18.0, 24.0, 23.238095238095237)","(21.0, 24.0, 23.530864197530864)"
07-01-2023 12:55:42.241680,"(6.5, 8.0, 7.822222222222222)","(3.3, 3.9, 3.8711956521739133)","(31.0, 48.0, 46.74285714285714)","(6.5, 8.0, 7.905263157894737)","(7.5, 9.0, 8.895833333333334)","(9.0, 11.0, 10.04)","(5.5, 7.2, 7.103225806451613)","(61.0, 90.0, 88.125)","(18.0, 24.0, 23.238095238095237)","(21.0, 24.0, 24.907692307692308)"
07-01-2023 12:55:43.595794,"(6.5, 8.0, 7.7625)","(3.3, 3.9, 3.880223880597015)","(31.0, 48.0, 46.74285714285714)","(6.5, 8.0, 7.776470588235294)","(7.5, 9.0, 8.895833333333334)","(9.0, 11.0, 10.042553191489361)","(5.5, 7.2, 7.108396946564886)","(61.0, 90.0, 88.125)","(18.0, 24.0, 23.238095238095237)","(21.0, 25.0, 24.91304347826087)"
07-01-2023 12:55:44.883690,"(6.5, 7.8, 7.7625)","(3.3, 3.9, 3.880223880597015)","(31.0, 48.0, 46.74285714285714)","(6.5, 8.2, 7.776470588235294)","(7.5, 9.0, 8.895833333333334)","(9.0, 11.0, 10.042553191489361)","(5.5, 7.2, 7.108396946564886)","(61.0, 90.0, 88.125)","(18.0, 24.0, 23.238095238095237)","(21.0, 25.0, 24.91304347826087)"
07-01-2023 12:55:46.118486,"(6.5, 7.8, 7.725714285714285)","(3.3, 3.9, 3.880223880597015)","(31.0, 48.0, 46.74285714285714)","(6.5, 8.2, 7.776470588235294)","(7.5, 9.0, 8.895833333333334)","(9.0, 11.0, 10.042553191489361)","(5.5, 7.2, 7.108396946564886)","(61.0, 90.0, 88.125)","(18.0, 24.0, 23.28358208955224)","(21.0, 25.0, 24.91304347826087)"
07-01-2023 12:55:47.381600,"(6.5, 7.8, 7.71)","(3.3, 3.9, 3.880223880597015)","(31.0, 48.0, 46.74285714285714)","(6.5, 8.2, 7.776470588235294)","(7.5, 9.0, 8.864864864864865)","(9.0, 11.0, 10.042553191489361)","(5.5, 7.2, 7.108396946564886)","(61.0, 90.0, 88.125)","(18.0, 24.0, 23.28358208955224)","(21.0, 25.0, 24.91304347826087)"
07-01-2023 12:55:48.780264,"(6.5, 7.8, 7.71)","(3.3, 3.9, 3.880223880597015)","(31.0, 48.0, 46.74285714285714)","(6.5, 8.2, 7.776470588235294)","(7.5, 9.0, 8.864864864864865)","(9.0, 11.0, 10.042553191489361)","(5.5, 7.2, 7.108396946564886)","(61.0, 90.0, 88.125)","(18.0, 24.0, 23.28358208955224)","(21.0, 25.0, 24.91304347826087)"
07-01-2023 12:55:50.164822,"(6.5, 7.8, 7.71)","(3.3, 3.9, 3.880223880597015)","(31.0, 48.0, 46.74285714285714)","(6.5, 8.2, 7.776470588235294)","(7.5, 9.0, 8.864864864864865)","(9.0, 11.0, 10.042553191489361)","(5.5, 7.2, 7.108396946564886)","(61.0, 90.0, 88.125)","(18.0, 24.0, 23.28358208955224)","(21.0, 25.0, 24.91304347826087)"
07-01-2023 12:55:51.666309,"(6.5, 7.8, 7.71)","(3.3, 3.9, 3.8785211267605635)","(31.0, 48.0, 46.74285714285714)","(6.5, 8.2, 7.776470588235294)","(7.5, 9.0, 8.864864864864865)","(9.0, 11.0, 10.042553191489361)","(5.5, 7.2, 7.181132075471698)","(61.0, 90.0, 88.125)","(18.0, 24.0, 23.28358208955224)","(21.0, 25.0, 24.91304347826087)"
07-01-2023 12:55:53.288489,"(6.5, 7.8, 7.71)","(3.3, 3.9, 3.8743697478991597)","(31.0, 48.0, 46.74285714285714)","(6.5, 8.2, 7.776470588235294)","(7.5, 9.0, 8.864864864864865)","(9.0, 11.0, 10.042553191489361)","(5.5, 7.2, 7.181132075471698)","(61.0, 90.0, 88.125)","(18.0, 24.0, 23.28358208955224)","(21.0, 25.0, 24.91304347826087)"
07-01-2023 12:55:54.855212,"(6.5, 7.8, 7.71)","(3.3, 3.9, 3.8743697478991597)","(31.0, 48.0, 46.74285714285714)","(6.5, 8.2, 7.776470588235294)","(7.5, 9.0, 8.864864864864865)","(9.0, 11.0, 10.042553191489361)","(5.5, 7.2, 6.894736842105263)","(61.0, 90.0, 88.125)","(18.0, 24.0, 23.28358208955224)","(21.0, 25.0, 25.774647887323944)"
07-01-2023 12:55:56.273820,"(6.5, 7.8, 7.705263157894737)","(3.3, 3.9, 3.888157894736842)","(31.0, 48.0, 46.74285714285714)","(6.5, 8.2, 7.905263157894737)","(7.5, 9.0, 8.864864864864865)","(9.0, 11.0, 10.036363636363637)","(5.5, 7.0, 6.89010989010989)","(61.0, 90.0, 87.0)","(18.0, 24.0, 23.28358208955224)","(21.0, 26.0, 25.774647887323944)"
07-01-2023 12:55:57.620622,"(6.5, 7.8, 7.705263157894737)","(3.3, 3.95, 3.9029891304347823)","(31.0, 48.0, 54.774193548387096)","(6.5, 8.0, 7.769230769230769)","(7.5, 9.0, 8.864864864864865)","(9.0, 11.0, 10.036363636363637)","(5.5, 7.0, 6.89010989010989)","(61.0, 90.0, 87.0)","(18.0, 24.0, 23.238095238095237)","(21.0, 26.0, 25.774647887323944)"
07-01-2023 12:55:58.911471,"(6.5, 7.8, 7.6909090909090905)","(3.3, 3.95, 3.9029891304347823)","(31.0, 55.0, 54.774193548387096)","(6.5, 8.0, 7.769230769230769)","(7.5, 9.0, 8.918750000000001)","(9.0, 11.0, 10.036363636363637)","(5.5, 7.0, 6.89010989010989)","(61.0, 90.0, 87.0)","(18.0, 24.0, 23.238095238095237)","(21.0, 26.0, 24.907692307692308)"
07-01-2023 12:56:00.254182,"(6.5, 7.8, 7.6909090909090905)","(3.3, 3.95, 3.9029891304347823)","(31.0, 50.0, 49.875)","(6.5, 8.0, 7.684444444444445)","(7.5, 9.4, 8.918750000000001)","(9.0, 11.0, 10.042553191489361)","(5.5, 7.0, 6.89010989010989)","(61.0, 90.0, 87.0)","(18.0, 24.0, 23.238095238095237)","(21.0, 25.0, 24.907692307692308)"
07-01-2023 12:56:01.612390,"(6.5, 7.8, 7.6909090909090905)","(3.3, 3.9, 3.883490566037736)","(31.0, 50.0, 49.875)","(6.5, 8.2, 7.684444444444445)","(7.5, 9.4, 8.918750000000001)","(9.0, 11.0, 10.042553191489361)","(5.5, 7.0, 6.89010989010989)","(61.0, 90.0, 87.0)","(18.0, 24.0, 23.238095238095237)","(21.0, 25.0, 24.907692307692308)"
07-01-2023 12:56:02.989611,"(6.5, 8.0, 7.780952380952381)","(3.3, 3.9, 3.883490566037736)","(31.0, 50.0, 49.875)","(6.5, 8.2, 7.666666666666667)","(7.5, 9.4, 8.918750000000001)","(9.0, 11.0, 10.042553191489361)","(5.5, 7.0, 6.89010989010989)","(61.0, 100.0, 88.33333333333333)","(18.0, 24.0, 22.58823529411765)","(21.0, 25.0, 24.91304347826087)"
07-01-2023 12:56:04.387030,"(6.5, 8.0, 7.780952380952381)","(3.3, 3.9, 3.883490566037736)","(31.0, 50.0, 49.875)","(6.5, 8.2, 7.666666666666667)","(7.5, 9.4, 8.918750000000001)","(9.0, 11.0, 10.042553191489361)","(5.5, 7.0, 6.658823529411764)","(61.0, 100.0, 88.33333333333333)","(18.0, 24.0, 22.58823529411765)","(21.0, 25.0, 24.91304347826087)"
07-01-2023 12:56:05.799356,"(6.5, 8.0, 7.69375)","(3.3, 3.9, 3.8887820512820515)","(31.0, 50.0, 49.875)","(6.5, 8.2, 7.776470588235294)","(7.5, 9.4, 9.085714285714285)","(9.0, 11.0, 10.042553191489361)","(5.5, 6.8, 6.622727272727272)","(61.0, 100.0, 88.94736842105263)","(18.0, 24.0, 23.25)","(21.0, 25.0, 24.333333333333332)"
07-01-2023 12:56:07.198685,"(6.5, 7.8, 7.69375)","(3.3, 3.9, 3.88841059602649)","(31.0, 50.0, 49.77777777777778)","(6.5, 8.2, 7.776470588235294)","(7.5, 9.4, 9.085714285714285)","(9.0, 11.0, 10.042553191489361)","(5.5, 6.8, 6.622727272727272)","(61.0, 100.0, 93.33333333333333)","(18.0, 24.0, 23.25)","(21.0, 25.0, 24.333333333333332)"
07-01-2023 12:56:08.496457,"(6.5, 7.8, 7.69375)","(3.3, 3.9, 3.88841059602649)","(31.0, 50.0, 49.77777777777778)","(6.5, 8.2, 7.776470588235294)","(7.5, 9.4, 9.085714285714285)","(9.0, 11.0, 10.042553191489361)","(5.5, 6.8, 6.622727272727272)","(61.0, 140.0, 103.33333333333333)","(18.0, 24.0, 23.238095238095237)","(21.0, 25.0, 24.333333333333332)"
07-01-2023 12:56:09.894093,"(6.5, 7.8, 7.69375)","(3.3, 3.9, 3.9009915014164305)","(31.0, 50.0, 49.78947368421053)","(6.5, 8.2, 7.905263157894737)","(7.5, 9.4, 9.085714285714285)","(9.0, 11.0, 10.04)","(5.5, 6.8, 6.622727272727272)","(61.0, 130.0, 100.0)","(18.0, 24.0, 23.238095238095237)","(21.0, 25.0, 24.333333333333332)"
07-01-2023 12:56:11.238919,"(6.5, 7.8, 7.69375)","(3.3, 3.95, 3.9009915014164305)","(31.0, 50.0, 49.78947368421053)","(6.5, 8.0, 7.905263157894737)","(7.5, 9.4, 9.085714285714285)","(9.0, 11.0, 10.042553191489361)","(5.5, 6.8, 6.622727272727272)","(61.0, 130.0, 120.625)","(18.0, 24.0, 23.238095238095237)","(21.0, 25.0, 24.333333333333332)"
07-01-2023 12:56:12.608810,"(6.5, 7.8, 7.69375)","(3.3, 3.95, 3.9063131313131314)","(31.0, 50.0, 49.78947368421053)","(6.5, 8.0, 7.905263157894737)","(7.5, 9.4, 9.085714285714285)","(9.0, 11.0, 10.042553191489361)","(5.5, 6.8, 6.622727272727272)","(61.0, 130.0, 118.23529411764706)","(18.0, 24.0, 23.238095238095237)","(21.0, 25.0, 24.333333333333332)"
07-01-2023 12:56:14.040074,"(6.5, 7.8, 7.69375)","(3.3, 3.95, 3.9063131313131314)","(31.0, 50.0, 53.513513513513516)","(6.5, 8.0, 7.88)","(7.5, 9.4, 9.085714285714285)","(9.0, 11.0, 10.03921568627451)","(5.5, 6.8, 6.622727272727272)","(61.0, 130.0, 115.0)","(18.0, 24.0, 23.225806451612904)","(21.0, 25.0, 24.5)"
07-01-2023 12:56:15.481806,"(6.5, 7.8, 7.69375)","(3.3, 3.95, 3.9057544757033247)","(31.0, 60.0, 53.513513513513516)","(6.5, 8.0, 7.858823529411765)","(7.5, 9.4, 9.085714285714285)","(9.0, 11.0, 10.03921568627451)","(5.5, 6.8, 6.622727272727272)","(61.0, 120.0, 89.33333333333333)","(18.0, 24.0, 23.225806451612904)","(21.0, 26.0, 24.5)"
07-01-2023 12:56:17.000198,"(6.5, 7.8, 7.635294117647058)","(3.3, 3.95, 3.919782608695652)","(31.0, 60.0, 54.26315789473684)","(6.5, 8.0, 7.858823529411765)","(7.5, 9.4, 9.085714285714285)","(9.0, 11.0, 10.03921568627451)","(5.5, 6.8, 6.622727272727272)","(61.0, 90.0, 89.33333333333333)","(18.0, 24.0, 23.225806451612904)","(21.0, 26.0, 24.5)"
07-01-2023 12:56:18.392000,"(6.5, 7.8, 7.635294117647058)","(3.3, 3.95, 3.9194505494505494)","(31.0, 55.0, 54.26315789473684)","(6.5, 8.0, 7.858823529411765)","(7.5, 9.4, 9.085714285714285)","(9.0, 11.0, 10.03921568627451)","(5.5, 6.8, 6.622727272727272)","(61.0, 90.0, 89.33333333333333)","(18.0, 24.0, 23.225806451612904)","(21.0, 26.0, 24.5)"
07-01-2023 12:56:19.645737,"(6.5, 7.8, 7.635294117647058)","(3.3, 3.95, 3.9122576177285318)","(31.0, 55.0, 54.26315789473684)","(6.5, 8.0, 7.735483870967742)","(7.5, 9.4, 9.085714285714285)","(9.0, 11.0, 10.041666666666666)","(5.5, 6.8, 6.589189189189189)","(61.0, 90.0, 89.33333333333333)","(18.0, 24.0, 23.26153846153846)","(21.0, 26.0, 24.5)"
07-01-2023 12:56:20.934584,"(6.5, 7.8, 7.635294117647058)","(3.3, 3.95, 3.9136029411764706)","(31.0, 55.0, 54.26315789473684)","(6.5, 8.2, 7.771428571428571)","(7.5, 9.4, 9.085714285714285)","(9.0, 11.0, 10.042553191489361)","(5.5, 6.8, 6.589189189189189)","(61.0, 90.0, 88.57142857142857)","(18.0, 24.0, 23.04)","(21.0, 26.0, 24.0)"
07-01-2023 12:56:22.238850,"(6.5, 7.8, 7.635294117647058)","(3.3, 3.95, 3.9136029411764706)","(31.0, 55.0, 54.391304347826086)","(6.5, 8.2, 7.546478873239437)","(7.5, 9.4, 9.085714285714285)","(9.0, 11.0, 10.042553191489361)","(5.5, 6.8, 6.569696969696969)","(61.0, 90.0, 88.33333333333333)","(18.0, 24.0, 23.04)","(21.0, 26.0, 24.0)"
07-01-2023 12:56:23.603954,"(6.5, 7.8, 7.635294117647058)","(3.3, 3.95, 3.9136029411764706)","(31.0, 55.0, 54.391304347826086)","(6.5, 8.2, 7.745454545454546)","(7.5, 9.4, 9.085714285714285)","(9.0, 11.0, 10.042553191489361)","(5.5, 6.6, 6.569696969696969)","(61.0, 90.0, 88.33333333333333)","(18.0, 24.0, 23.04)","(21.0, 26.0, 24.0)"
07-01-2023 12:56:25.046930,"(6.5, 7.8, 7.635294117647058)","(3.3, 3.95, 3.9136029411764706)","(31.0, 55.0, 54.391304347826086)","(6.5, 8.0, 7.745454545454546)","(7.5, 9.4, 9.085714285714285)","(9.0, 11.0, 10.042553191489361)","(5.5, 6.6, 6.569696969696969)","(61.0, 90.0, 88.33333333333333)","(18.0, 24.0, 23.04)","(21.0, 26.0, 24.0)"
07-01-2023 12:56:26.425347,"(6.5, 7.8, 7.635294117647058)","(3.3, 3.95, 3.9136029411764706)","(31.0, 55.0, 54.391304347826086)","(6.5, 8.0, 7.745454545454546)","(7.5, 9.4, 9.085714285714285)","(9.0, 11.0, 10.042553191489361)","(5.5, 6.6, 6.569696969696969)","(61.0, 90.0, 88.33333333333333)","(18.0, 24.0, 23.11111111111111)","(21.0, 26.0, 24.666666666666668)"
07-01-2023 12:56:27.811612,"(6.5, 7.8, 7.635294117647058)","(3.3, 3.95, 3.9154166666666668)","(31.0, 55.0, 54.391304347826086)","(6.5, 8.0, 7.745454545454546)","(7.5, 9.4, 9.085714285714285)","(9.0, 11.0, 10.042553191489361)","(5.5, 6.6, 6.569696969696969)","(61.0, 90.0, 88.33333333333333)","(18.0, 24.0, 23.11111111111111)","(21.0, 26.0, 25.8125)"
07-01-2023 12:56:29.202809,"(6.5, 7.8, 7.635294117647058)","(3.3, 3.95, 3.9161713286713287)","(31.0, 55.0, 54.391304347826086)","(6.5, 8.0, 7.745454545454546)","(7.5, 9.4, 9.085714285714285)","(9.0, 11.0, 10.042553191489361)","(5.5, 6.6, 6.569696969696969)","(61.0, 90.0, 115.45454545454547)","(18.0, 24.0, 23.11111111111111)","(21.0, 26.0, 25.842105263157894)"
07-01-2023 12:56:30.538605,"(6.5, 7.8, 7.635294117647058)","(3.3, 3.95, 3.905)","(31.0, 55.0, 54.391304347826086)","(6.5, 8.0, 7.745454545454546)","(7.5, 9.4, 9.085714285714285)","(9.0, 11.0, 10.042553191489361)","(5.5, 6.6, 6.567164179104478)","(61.0, 120.0, 100.0)","(18.0, 24.0, 23.020408163265305)","(21.0, 26.0, 25.863636363636363)"
07-01-2023 12:56:31.892524,"(6.5, 7.6, 7.512121212121212)","(3.3, 3.95, 3.905)","(31.0, 55.0, 54.146341463414636)","(6.5, 8.0, 7.745454545454546)","(7.5, 9.4, 9.085714285714285)","(9.0, 11.0, 10.042553191489361)","(5.5, 6.8, 6.5920000000000005)","(61.0, 110.0, 100.0)","(18.0, 24.0, 22.62857142857143)","(21.0, 26.0, 25.625)"
07-01-2023 12:56:33.194388,"(6.5, 7.6, 7.512121212121212)","(3.3, 3.95, 3.8859404096834265)","(31.0, 60.0, 54.146341463414636)","(6.5, 8.0, 7.733333333333333)","(7.5, 9.4, 9.085714285714285)","(9.0, 11.0, 10.042553191489361)","(5.5, 6.8, 6.5920000000000005)","(61.0, 110.0, 103.125)","(18.0, 24.0, 22.62857142857143)","(21.0, 26.0, 25.625)"
07-01-2023 12:56:34.641532,"(6.5, 7.6, 7.512121212121212)","(3.3, 3.95, 3.8859404096834265)","(31.0, 60.0, 57.69230769230769)","(6.5, 8.0, 7.733333333333333)","(7.5, 9.4, 9.085714285714285)","(9.0, 11.0, 10.042553191489361)","(5.5, 6.8, 6.5920000000000005)","(61.0, 120.0, 105.0)","(18.0, 24.0, 21.285714285714285)","(21.0, 26.0, 25.625)"
07-01-2023 12:56:36.094148,"(6.5, 7.6, 7.5256410256410255)","(3.3, 3.95, 3.8859404096834265)","(31.0, 60.0, 57.69230769230769)","(6.5, 8.0, 7.733333333333333)","(7.5, 9.4, 9.085714285714285)","(9.0, 11.0, 10.042553191489361)","(5.5, 6.8, 6.5920000000000005)","(61.0, 120.0, 97.5)","(18.0, 22.0, 21.130434782608695)","(21.0, 26.0, 25.625)"
07-01-2023 12:56:37.520649,"(6.5, 7.6, 7.530952380952381)","(3.3, 3.95, 3.8859404096834265)","(31.0, 60.0, 57.69230769230769)","(6.5, 8.0, 7.733333333333333)","(7.5, 9.4, 9.085714285714285)","(9.0, 11.0, 10.042553191489361)","(5.5, 6.8, 6.5920000000000005)","(61.0, 120.0, 105.0)","(18.0, 22.0, 20.761363636363637)","(21.0, 26.0, 25.625)"
07-01-2023 12:56:38.895534,"(6.5, 7.6, 7.530952380952381)","(3.3, 3.95, 3.9218724448078497)","(31.0, 60.0, 57.69230769230769)","(6.5, 8.0, 7.930232558139535)","(7.5, 9.4, 9.085714285714285)","(9.0, 11.0, 10.042553191489361)","(5.5, 6.8, 6.5920000000000005)","(61.0, 120.0, 105.0)","(18.0, 21.0, 20.77659574468085)","(21.0, 26.0, 25.625)"
07-01-2023 12:56:40.141595,"(6.5, 7.6, 7.530952380952381)","(3.3, 3.95, 3.9218724448078497)","(31.0, 60.0, 57.69230769230769)","(6.5, 8.2, 7.930232558139535)","(7.5, 9.4, 9.085714285714285)","(9.0, 11.0, 10.042553191489361)","(5.5, 6.8, 6.573493975903615)","(61.0, 120.0, 105.0)","(18.0, 21.0, 23.278195488721806)","(21.0, 26.0, 25.625)"
07-01-2023 12:56:41.393797,"(6.5, 7.6, 7.482089552238806)","(3.3, 3.95, 3.9221005677210057)","(31.0, 60.0, 52.857142857142854)","(6.5, 8.2, 7.930232558139535)","(7.5, 9.4, 9.085714285714285)","(9.0, 11.0, 10.150943396226415)","(5.5, 6.8, 6.573493975903615)","(61.0, 120.0, 105.0)","(18.0, 24.0, 23.278195488721806)","(21.0, 26.0, 25.625)"
07-01-2023 12:56:42.684788,"(6.5, 7.8, 7.611904761904762)","(3.3, 3.95, 3.9234104046242777)","(31.0, 60.0, 56.15384615384615)","(6.5, 8.2, 7.930232558139535)","(7.5, 9.4, 8.816494845360825)","(9.0, 11.0, 10.150943396226415)","(5.5, 6.8, 6.573493975903615)","(61.0, 120.0, 105.0)","(18.0, 24.0, 23.267175572519083)","(21.0, 26.0, 25.625)"
07-01-2023 12:56:44.031555,"(6.5, 7.8, 7.611904761904762)","(3.3, 3.95, 3.9234104046242777)","(31.0, 60.0, 56.15384615384615)","(6.5, 8.2, 7.930232558139535)","(7.5, 9.0, 8.807567567567569)","(9.0, 11.0, 10.150943396226415)","(5.5, 6.8, 6.573493975903615)","(61.0, 120.0, 105.0)","(18.0, 24.0, 21.428571428571427)","(21.0, 26.0, 25.625)"
07-01-2023 12:56:45.365314,"(6.5, 7.8, 7.711258278145695)","(3.3, 3.95, 3.9227642276422765)","(31.0, 60.0, 56.15384615384615)","(6.5, 8.2, 7.930232558139535)","(7.5, 9.0, 8.805464480874317)","(9.0, 11.0, 10.150943396226415)","(5.5, 6.8, 6.555844155844156)","(61.0, 120.0, 98.33333333333333)","(18.0, 24.0, 21.428571428571427)","(21.0, 26.0, 25.625)"
07-01-2023 12:56:46.694647,"(6.5, 7.8, 7.711258278145695)","(3.3, 3.95, 3.9267536704730834)","(31.0, 60.0, 49.214285714285715)","(6.5, 8.2, 7.930232558139535)","(7.5, 9.0, 8.805464480874317)","(9.0, 11.0, 10.150943396226415)","(5.5, 6.8, 6.555844155844156)","(61.0, 110.0, 98.33333333333333)","(18.0, 24.0, 21.428571428571427)","(21.0, 26.0, 25.625)"
07-01-2023 12:56:48.152900,"(6.5, 7.8, 7.711258278145695)","(3.3, 3.95, 3.9267536704730834)","(31.0, 50.0, 56.84210526315789)","(6.5, 8.2, 7.933333333333333)","(7.5, 9.0, 8.805464480874317)","(9.0, 11.0, 10.150943396226415)","(5.5, 6.8, 6.555844155844156)","(61.0, 110.0, 98.33333333333333)","(18.0, 24.0, 21.428571428571427)","(21.0, 26.0, 25.625)"
07-01-2023 12:56:49.599234,"(6.5, 7.8, 7.711258278145695)","(3.3, 3.95, 3.9299490229396774)","(31.0, 60.0, 56.84210526315789)","(6.5, 8.2, 7.947826086956521)","(7.5, 9.0, 8.805464480874317)","(9.0, 11.0, 10.150943396226415)","(5.5, 6.8, 6.555844155844156)","(61.0, 110.0, 100.0)","(18.0, 24.0, 21.428571428571427)","(21.0, 26.0, 25.625)"
07-01-2023 12:56:51.216859,"(6.5, 7.8, 7.722093023255813)","(3.3, 3.95, 3.9299490229396774)","(31.0, 60.0, 56.84210526315789)","(6.5, 8.2, 7.947826086956521)","(7.5, 9.0, 8.674885844748857)","(9.0, 11.0, 10.0625)","(5.5, 6.8, 6.555844155844156)","(61.0, 110.0, 100.0)","(18.0, 24.0, 21.75)","(21.0, 26.0, 25.625)"
07-01-2023 12:56:52.887327,"(6.5, 7.8, 7.722093023255813)","(3.3, 3.95, 3.9328345070422537)","(31.0, 60.0, 56.84210526315789)","(6.5, 8.2, 7.947826086956521)","(7.5, 9.0, 8.674885844748857)","(9.0, 11.0, 10.0625)","(5.5, 6.8, 6.555844155844156)","(61.0, 110.0, 100.0)","(18.0, 24.0, 21.75)","(21.0, 26.0, 25.625)"
07-01-2023 12:56:54.407097,"(6.5, 7.8, 7.722093023255813)","(3.3, 3.95, 3.939619047619048)","(31.0, 60.0, 56.84210526315789)","(6.5, 8.2, 7.947826086956521)","(7.5, 9.0, 8.667289719626169)","(9.0, 11.0, 10.0625)","(5.5, 6.8, 6.6)","(61.0, 110.0, 100.0)","(18.0, 24.0, 21.75)","(21.0, 26.0, 25.625)"
07-01-2023 12:56:55.878587,"(6.5, 7.8, 7.722093023255813)","(3.3, 3.95, 3.939619047619048)","(31.0, 60.0, 56.84210526315789)","(6.5, 8.2, 7.947826086956521)","(7.5, 9.0, 8.631088082901554)","(9.0, 11.0, 10.0625)","(5.5, 6.8, 6.6)","(61.0, 110.0, 100.0)","(18.0, 24.0, 21.75)","(21.0, 26.0, 25.625)"
07-01-2023 12:56:57.354037,"(6.5, 7.8, 7.722093023255813)","(3.3, 3.95, 3.939794007490637)","(31.0, 60.0, 56.84210526315789)","(6.5, 8.2, 7.947826086956521)","(7.5, 9.0, 8.514285714285714)","(9.0, 11.0, 10.0625)","(5.5, 6.8, 6.6)","(61.0, 110.0, 100.0)","(18.0, 24.0, 21.677419354838708)","(21.0, 26.0, 25.625)"
07-01-2023 12:56:58.811146,"(6.5, 7.8, 7.722093023255813)","(3.3, 3.95, 3.939794007490637)","(31.0, 60.0, 56.84210526315789)","(6.5, 8.2, 7.947826086956521)","(7.5, 8.6, 8.477419354838709)","(9.0, 11.0, 10.0625)","(5.5, 6.8, 6.6)","(61.0, 110.0, 100.0)","(18.0, 24.0, 21.677419354838708)","(21.0, 26.0, 25.625)"
07-01-2023 12:57:00.277881,"(6.5, 7.8, 7.722093023255813)","(3.3, 3.95, 3.9391542288557218)","(31.0, 60.0, 57.0)","(6.5, 8.2, 7.97029702970297)","(7.5, 8.6, 8.334883720930232)","(9.0, 11.0, 10.0625)","(5.5, 6.8, 6.6)","(61.0, 110.0, 100.0)","(18.0, 24.0, 21.677419354838708)","(21.0, 26.0, 25.625)"
07-01-2023 12:57:01.767845,"(6.5, 7.8, 7.722093023255813)","(3.3, 3.95, 3.9391542288557218)","(31.0, 60.0, 57.0)","(6.5, 8.2, 7.97029702970297)","(7.5, 8.4, 8.334883720930232)","(9.0, 11.0, 10.0625)","(5.5, 6.8, 6.6)","(61.0, 110.0, 100.0)","(18.0, 24.0, 24.76923076923077)","(21.0, 26.0, 25.625)"
07-01-2023 12:57:03.206861,"(6.5, 7.8, 7.722093023255813)","(3.3, 3.95, 3.9391542288557218)","(31.0, 60.0, 57.0)","(6.5, 8.2, 7.97029702970297)","(7.5, 8.4, 8.31764705882353)","(9.0, 11.0, 10.0625)","(5.5, 6.8, 6.6)","(61.0, 110.0, 100.0)","(18.0, 25.0, 24.52)","(21.0, 26.0, 25.625)"
07-01-2023 12:57:04.565688,"(6.5, 7.8, 7.722093023255813)","(3.3, 3.95, 3.9391542288557218)","(31.0, 60.0, 57.0)","(6.5, 8.2, 7.97029702970297)","(7.5, 8.4, 8.353846153846154)","(9.0, 11.0, 10.0625)","(5.5, 6.8, 6.6)","(61.0, 110.0, 100.0)","(18.0, 25.0, 23.933333333333334)","(21.0, 26.0, 25.625)"
07-01-2023 12:57:05.843866,"(6.5, 7.8, 7.722093023255813)","(3.3, 3.95, 3.9391542288557218)","(31.0, 60.0, 57.0)","(6.5, 8.2, 7.97029702970297)","(7.5, 8.4, 8.370731707317074)","(9.0, 11.0, 10.333333333333334)","(5.5, 6.8, 6.6)","(61.0, 110.0, 100.0)","(18.0, 25.0, 23.608695652173914)","(21.0, 26.0, 25.625)"
07-01-2023 12:57:07.193315,"(6.5, 7.8, 7.722093023255813)","(3.3, 3.95, 3.9391542288557218)","(31.0, 60.0, 57.0)","(6.5, 8.2, 7.97029702970297)","(7.5, 8.4, 8.197938144329896)","(9.0, 11.0, 10.866666666666667)","(5.5, 6.8, 6.6)","(61.0, 110.0, 100.0)","(18.0, 25.0, 23.608695652173914)","(21.0, 26.0, 25.625)"
07-01-2023 12:57:08.520764,"(6.5, 7.8, 7.722093023255813)","(3.3, 3.95, 3.9391542288557218)","(31.0, 60.0, 57.0)","(6.5, 8.2, 7.97029702970297)","(7.5, 8.2, 8.197938144329896)","(9.0, 11.0, 10.866666666666667)","(5.5, 6.8, 6.575700934579439)","(61.0, 110.0, 100.0)","(18.0, 25.0, 23.608695652173914)","(21.0, 26.0, 25.625)"
07-01-2023 12:57:09.976493,"(6.5, 7.8, 7.721176470588235)","(3.3, 3.95, 3.9391542288557218)","(31.0, 60.0, 57.0)","(6.5, 8.2, 7.97029702970297)","(7.5, 8.2, 8.197938144329896)","(9.0, 11.0, 10.866666666666667)","(5.5, 6.8, 6.575700934579439)","(61.0, 110.0, 100.0)","(18.0, 25.0, 23.608695652173914)","(21.0, 26.0, 25.625)"
07-01-2023 12:57:11.394739,"(6.5, 7.8, 7.721176470588235)","(3.3, 3.95, 3.943821989528796)","(31.0, 60.0, 57.0)","(6.5, 8.2, 7.97029702970297)","(7.5, 8.2, 8.197938144329896)","(9.0, 11.0, 10.75)","(5.5, 6.8, 6.575700934579439)","(61.0, 110.0, 100.0)","(18.0, 25.0, 23.608695652173914)","(21.0, 26.0, 25.625)"
07-01-2023 12:57:12.836662,"(6.5, 7.8, 7.71006711409396)","(3.3, 3.95, 3.9345549738219896)","(31.0, 60.0, 49.666666666666664)","(6.5, 8.2, 7.930769230769231)","(7.5, 8.2, 8.197435897435897)","(9.0, 11.0, 10.833333333333334)","(5.5, 6.8, 6.575700934579439)","(61.0, 110.0, 102.0)","(18.0, 25.0, 24.21951219512195)","(21.0, 26.0, 25.772727272727273)"
07-01-2023 12:57:14.293099,"(6.5, 7.8, 7.71006711409396)","(3.3, 3.95, 3.9345549738219896)","(31.0, 50.0, 49.666666666666664)","(6.5, 8.0, 7.930769230769231)","(7.5, 8.2, 8.197701149425287)","(9.0, 11.0, 10.875)","(5.5, 6.8, 6.575700934579439)","(61.0, 110.0, 102.0)","(18.0, 25.0, 24.21951219512195)","(21.0, 26.0, 25.782608695652172)"
07-01-2023 12:57:15.673058,"(6.5, 7.8, 7.71006711409396)","(3.3, 3.95, 3.9345549738219896)","(31.0, 50.0, 49.666666666666664)","(6.5, 8.0, 7.930769230769231)","(7.5, 8.2, 8.328735632183909)","(9.0, 11.0, 10.833333333333334)","(5.5, 6.8, 6.575700934579439)","(61.0, 110.0, 102.0)","(18.0, 25.0, 24.21951219512195)","(21.0, 26.0, 25.782608695652172)"
07-01-2023 12:57:16.956518,"(6.5, 7.8, 7.71006711409396)","(3.3, 3.95, 3.9345549738219896)","(31.0, 50.0, 49.666666666666664)","(6.5, 8.0, 7.930769230769231)","(7.5, 8.4, 8.328735632183909)","(9.0, 11.0, 10.833333333333334)","(5.5, 6.8, 6.575700934579439)","(61.0, 110.0, 102.0)","(18.0, 25.0, 23.4)","(21.0, 26.0, 25.583333333333336)"
07-01-2023 12:57:18.222299,"(6.5, 7.8, 7.71006711409396)","(3.3, 3.95, 3.9090277777777778)","(31.0, 50.0, 49.666666666666664)","(6.5, 8.0, 7.930769230769231)","(7.5, 8.4, 8.328735632183909)","(9.0, 11.0, 10.833333333333334)","(5.5, 6.8, 6.575700934579439)","(61.0, 110.0, 102.0)","(18.0, 25.0, 23.4)","(21.0, 26.0, 25.583333333333336)"
07-01-2023 12:57:19.571745,"(6.5, 7.8, 7.715189873417721)","(3.3, 3.95, 3.896496815286624)","(31.0, 50.0, 49.666666666666664)","(6.5, 8.0, 7.940983606557377)","(7.5, 8.4, 8.290265486725664)","(9.0, 11.0, 10.875)","(5.5, 6.8, 6.660869565217391)","(61.0, 110.0, 102.0)","(18.0, 25.0, 24.560439560439562)","(21.0, 26.0, 25.0)"
07-01-2023 12:57:21.002648,"(6.5, 7.8, 7.715189873417721)","(3.3, 3.9, 3.896496815286624)","(31.0, 50.0, 49.666666666666664)","(6.5, 8.0, 7.940983606557377)","(7.5, 8.4, 8.31948051948052)","(9.0, 11.0, 10.875)","(5.5, 6.8, 6.660869565217391)","(61.0, 110.0, 96.66666666666667)","(18.0, 25.0, 24.560439560439562)","(21.0, 26.0, 25.0)"
07-01-2023 12:57:22.476643,"(6.5, 7.8, 7.715189873417721)","(3.3, 3.9, 3.8985587583148558)","(31.0, 50.0, 49.666666666666664)","(6.5, 8.0, 7.940983606557377)","(7.5, 8.4, 8.31948051948052)","(9.0, 11.0, 10.9375)","(5.5, 6.8, 6.660869565217391)","(61.0, 110.0, 96.66666666666667)","(18.0, 25.0, 24.0)","(21.0, 26.0, 25.0)"
07-01-2023 12:57:23.843622,"(6.5, 7.8, 7.715189873417721)","(3.3, 3.9, 3.943991416309013)","(31.0, 50.0, 49.666666666666664)","(6.5, 8.0, 7.902702702702703)","(7.5, 8.4, 8.31948051948052)","(9.0, 11.0, 10.9375)","(5.5, 6.8, 6.66)","(61.0, 110.0, 96.66666666666667)","(17.0, 25.0, 24.0)","(21.0, 26.0, 25.0)"
07-01-2023 12:57:25.203666,"(6.5, 7.8, 7.71006711409396)","(3.3, 3.95, 3.939205702647658)","(31.0, 50.0, 49.666666666666664)","(6.5, 8.0, 7.902702702702703)","(7.5, 8.4, 8.31948051948052)","(9.0, 11.0, 10.9375)","(5.5, 7.0, 6.66)","(61.0, 110.0, 96.66666666666667)","(17.0, 25.0, 24.0)","(21.0, 26.0, 25.0)"
07-01-2023 12:57:26.484730,"(6.5, 7.8, 7.71006711409396)","(3.3, 3.95, 3.939205702647658)","(31.0, 50.0, 49.666666666666664)","(6.5, 8.0, 7.902702702702703)","(7.5, 8.4, 8.31948051948052)","(9.0, 11.0, 10.9375)","(5.5, 7.0, 6.66)","(61.0, 110.0, 96.66666666666667)","(17.0, 25.0, 24.0)","(21.0, 26.0, 25.0)"
07-01-2023 12:57:27.847082,"(6.5, 7.8, 7.71006711409396)","(3.3, 3.95, 3.9341897233201584)","(31.0, 50.0, 49.68421052631579)","(6.5, 8.0, 7.902702702702703)","(7.5, 8.4, 8.313888888888888)","(9.0, 11.0, 10.9375)","(5.5, 7.0, 6.785)","(61.0, 110.0, 86.66666666666667)","(17.0, 25.0, 24.0)","(21.0, 26.0, 25.0)"
07-01-2023 12:57:29.342460,"(6.5, 7.8, 7.71006711409396)","(3.3, 3.95, 3.9341897233201584)","(31.0, 50.0, 49.68421052631579)","(6.5, 8.0, 7.902702702702703)","(7.5, 8.4, 8.313888888888888)","(9.0, 11.0, 10.9375)","(5.5, 6.8, 6.785)","(61.0, 110.0, 86.66666666666667)","(17.0, 25.0, 24.0)","(21.0, 26.0, 25.727272727272727)"
07-01-2023 12:57:31.027552,"(6.5, 7.8, 7.765656565656565)","(3.3, 3.95, 3.9267441860465118)","(31.0, 50.0, 49.68421052631579)","(6.5, 8.0, 7.902702702702703)","(7.5, 8.4, 8.296666666666667)","(9.0, 11.0, 10.731707317073171)","(5.5, 7.0, 6.836986301369863)","(61.0, 110.0, 86.66666666666667)","(17.0, 25.0, 23.285714285714285)","(21.0, 26.0, 25.727272727272727)"
07-01-2023 12:57:32.705850,"(6.5, 7.8, 7.765656565656565)","(3.3, 3.95, 3.9267441860465118)","(31.0, 50.0, 49.68421052631579)","(6.5, 8.0, 7.902702702702703)","(7.5, 8.4, 8.298360655737705)","(9.0, 11.0, 10.9)","(5.5, 7.0, 6.836986301369863)","(61.0, 110.0, 102.38095238095238)","(17.0, 25.0, 23.125)","(21.0, 26.0, 24.714285714285715)"
07-01-2023 12:57:34.183842,"(6.5, 7.8, 7.765656565656565)","(3.3, 3.95, 3.935114503816794)","(31.0, 50.0, 49.68421052631579)","(6.5, 8.0, 7.843478260869565)","(7.5, 8.4, 8.298360655737705)","(9.0, 11.0, 10.9)","(5.5, 7.0, 6.83)","(61.0, 110.0, 102.38095238095238)","(17.0, 25.0, 23.125)","(21.0, 26.0, 24.714285714285715)"
07-01-2023 12:57:35.718204,"(6.5, 7.8, 7.7595238095238095)","(3.3, 3.95, 3.93343949044586)","(31.0, 50.0, 49.68421052631579)","(6.5, 8.0, 7.843478260869565)","(7.5, 8.4, 8.268085106382978)","(9.0, 11.0, 10.970588235294118)","(5.5, 7.0, 6.83)","(61.0, 110.0, 102.38095238095238)","(17.0, 25.0, 23.125)","(21.0, 26.0, 24.714285714285715)"
07-01-2023 12:57:37.134502,"(6.5, 7.8, 7.7595238095238095)","(3.3, 3.95, 3.9123783031988872)","(31.0, 50.0, 49.833333333333336)","(6.5, 8.0, 7.843478260869565)","(7.5, 8.4, 8.268085106382978)","(9.0, 11.5, 10.590909090909092)","(5.5, 7.0, 6.83)","(61.0, 110.0, 102.38095238095238)","(17.0, 25.0, 23.2)","(21.0, 26.0, 25.0)"
07-01-2023 12:57:38.546377,"(6.5, 7.8, 7.7595238095238095)","(3.3, 4.0, 3.930221811460259)","(31.0, 50.0, 49.833333333333336)","(6.5, 8.0, 7.843478260869565)","(7.5, 8.4, 8.268085106382978)","(9.0, 11.5, 10.666666666666666)","(5.5, 7.0, 6.83)","(61.0, 110.0, 102.38095238095238)","(17.0, 25.0, 23.285714285714285)","(21.0, 26.0, 25.4)"
07-01-2023 12:57:39.989285,"(6.5, 7.8, 7.6)","(3.3, 4.0, 3.946349557522124)","(31.0, 50.0, 49.833333333333336)","(6.5, 8.0, 7.843478260869565)","(7.5, 8.4, 8.268085106382978)","(9.0, 11.5, 11.0)","(5.5, 7.0, 6.83)","(61.0, 110.0, 102.72727272727272)","(17.0, 25.0, 23.285714285714285)","(21.0, 26.0, 25.4)"
07-01-2023 12:57:41.438821,"(6.5, 7.6, 7.546218487394958)","(3.3, 3.95, 3.940294117647059)","(31.0, 50.0, 49.833333333333336)","(6.5, 8.0, 7.843478260869565)","(7.5, 8.4, 8.268085106382978)","(9.0, 11.5, 10.666666666666666)","(5.5, 7.0, 6.83)","(61.0, 110.0, 102.72727272727272)","(17.0, 25.0, 23.285714285714285)","(21.0, 26.0, 25.4)"
07-01-2023 12:57:42.818353,"(6.5, 7.8, 7.575438596491228)","(3.3, 3.95, 3.940294117647059)","(31.0, 50.0, 49.833333333333336)","(6.5, 8.0, 7.843478260869565)","(7.5, 8.4, 8.268085106382978)","(9.0, 11.5, 10.666666666666666)","(5.5, 7.0, 6.83)","(61.0, 110.0, 102.72727272727272)","(17.0, 25.0, 23.285714285714285)","(21.0, 26.0, 25.4)"
07-01-2023 12:57:44.141077,"(6.5, 7.8, 7.71048951048951)","(3.3, 3.95, 3.940294117647059)","(31.0, 50.0, 49.833333333333336)","(6.5, 8.0, 7.843478260869565)","(7.5, 8.4, 8.268085106382978)","(9.0, 11.5, 10.666666666666666)","(5.5, 7.0, 6.829370629370629)","(61.0, 110.0, 102.72727272727272)","(17.0, 25.0, 23.2)","(21.0, 26.0, 25.0)"
07-01-2023 12:57:45.381989,"(6.5, 7.8, 7.706849315068493)","(3.3, 4.0, 3.9580773606370876)","(31.0, 50.0, 49.833333333333336)","(6.5, 8.0, 7.843478260869565)","(7.5, 8.4, 7.8088235294117645)","(9.0, 11.0, 11.0)","(5.5, 7.0, 6.823703703703703)","(61.0, 110.0, 102.72727272727272)","(17.0, 25.0, 23.285714285714285)","(21.0, 26.0, 25.4)"
07-01-2023 12:57:46.800933,"(6.5, 7.8, 7.71523178807947)","(3.3, 4.0, 3.955762304921969)","(31.0, 50.0, 49.833333333333336)","(6.5, 8.0, 7.843478260869565)","(7.5, 8.0, 7.8076923076923075)","(9.0, 11.5, 11.38888888888889)","(5.5, 7.0, 6.801666666666667)","(61.0, 110.0, 102.72727272727272)","(17.0, 25.0, 23.285714285714285)","(21.0, 26.0, 25.4)"
07-01-2023 12:57:48.203250,"(6.5, 7.8, 7.71523178807947)","(3.3, 4.0, 3.9133960047003526)","(31.0, 50.0, 49.833333333333336)","(6.5, 8.0, 7.843478260869565)","(7.5, 8.0, 7.8076923076923075)","(9.0, 11.5, 11.38888888888889)","(5.5, 7.0, 6.801666666666667)","(61.0, 110.0, 102.72727272727272)","(17.0, 25.0, 23.285714285714285)","(21.0, 26.0, 25.4)"
07-01-2023 12:57:49.772975,"(6.5, 7.8, 7.71523178807947)","(3.3, 4.0, 3.917653631284916)","(31.0, 50.0, 49.833333333333336)","(6.5, 8.0, 7.843478260869565)","(7.5, 8.0, 7.8088235294117645)","(9.0, 11.5, 11.38888888888889)","(5.5, 7.0, 6.801666666666667)","(61.0, 110.0, 102.72727272727272)","(17.0, 25.0, 23.285714285714285)","(21.0, 26.0, 25.4)"
07-01-2023 12:57:51.156301,"(6.5, 7.8, 7.71523178807947)","(3.3, 4.0, 3.917653631284916)","(31.0, 50.0, 49.833333333333336)","(6.5, 8.0, 7.843478260869565)","(7.5, 8.0, 7.8088235294117645)","(9.0, 11.5, 11.38888888888889)","(5.5, 7.0, 6.772248803827751)","(61.0, 110.0, 102.72727272727272)","(17.0, 25.0, 23.285714285714285)","(21.0, 26.0, 25.4)"
07-01-2023 12:57:52.512900,"(6.5, 7.8, 7.71523178807947)","(3.3, 4.0, 3.919365426695842)","(31.0, 50.0, 49.833333333333336)","(6.5, 8.0, 7.843478260869565)","(7.5, 8.0, 7.41)","(9.0, 11.5, 11.38888888888889)","(5.5, 7.0, 6.772248803827751)","(61.0, 110.0, 102.72727272727272)","(17.0, 25.0, 23.285714285714285)","(21.0, 26.0, 25.4)"
07-01-2023 12:57:53.767901,"(6.5, 7.8, 7.693333333333333)","(3.3, 4.0, 3.919365426695842)","(31.0, 50.0, 55.0)","(6.5, 8.0, 7.819672131147541)","(7.5, 7.6, 7.408955223880597)","(9.0, 11.5, 11.38888888888889)","(5.5, 7.0, 6.772248803827751)","(61.0, 110.0, 102.72727272727272)","(17.0, 25.0, 23.285714285714285)","(21.0, 26.0, 25.4)"
07-01-2023 12:57:55.086845,"(6.5, 7.8, 7.7521126760563375)","(3.3, 4.0, 3.919365426695842)","(31.0, 60.0, 55.0)","(6.5, 8.2, 7.873239436619718)","(7.5, 8.0, 7.323404255319149)","(9.0, 11.5, 11.38888888888889)","(5.5, 7.0, 6.768932038834952)","(61.0, 110.0, 102.72727272727272)","(17.0, 25.0, 23.285714285714285)","(21.0, 26.0, 25.4)"
07-01-2023 12:57:56.297871,"(6.5, 7.8, 7.7521126760563375)","(3.3, 4.0, 3.919365426695842)","(31.0, 60.0, 55.0)","(6.5, 8.2, 7.873239436619718)","(7.5, 7.4, 7.323404255319149)","(9.0, 11.5, 11.38888888888889)","(5.5, 7.0, 6.768932038834952)","(61.0, 110.0, 102.72727272727272)","(17.0, 25.0, 23.285714285714285)","(21.0, 26.0, 25.4)"
07-01-2023 12:57:57.474799,"(6.5, 7.8, 7.7521126760563375)","(3.3, 4.0, 3.924216216216216)","(31.0, 60.0, 55.0)","(6.5, 7.8, 7.788)","(7.5, 8.0, 7.6187499999999995)","(9.0, 11.5, 11.38888888888889)","(5.5, 7.0, 6.768932038834952)","(61.0, 110.0, 102.72727272727272)","(17.0, 25.0, 23.285714285714285)","(21.0, 26.0, 25.4)"
07-01-2023 12:57:58.867972,"(6.5, 7.8, 7.7521126760563375)","(3.3, 4.0, 3.924216216216216)","(31.0, 60.0, 55.0)","(6.5, 7.8, 7.788)","(7.5, 8.0, 7.6187499999999995)","(9.0, 11.5, 11.38888888888889)","(5.5, 7.0, 6.770048309178744)","(61.0, 110.0, 102.72727272727272)","(17.0, 25.0, 23.285714285714285)","(21.0, 26.0, 25.4)"
07-01-2023 12:58:00.134074,"(6.5, 7.8, 7.7521126760563375)","(3.3, 4.0, 3.9240520043336944)","(31.0, 60.0, 55.0)","(6.5, 7.8, 7.785714285714286)","(7.5, 8.0, 7.6187499999999995)","(9.0, 11.5, 11.444444444444445)","(5.5, 6.8, 6.797752808988764)","(61.0, 110.0, 102.72727272727272)","(17.0, 25.0, 23.285714285714285)","(21.0, 26.0, 25.4)"
07-01-2023 12:58:01.423537,"(6.5, 7.8, 7.7521126760563375)","(3.3, 4.0, 3.9247767857142857)","(31.0, 60.0, 55.0)","(6.5, 7.8, 7.7124999999999995)","(7.5, 8.0, 7.807874015748031)","(9.0, 11.5, 11.444444444444445)","(5.5, 6.8, 6.805847953216374)","(61.0, 110.0, 102.72727272727272)","(17.0, 25.0, 23.285714285714285)","(21.0, 26.0, 25.4)"
07-01-2023 12:58:02.803737,"(6.5, 7.8, 7.7521126760563375)","(3.3, 4.0, 3.9247767857142857)","(31.0, 60.0, 50.96153846153846)","(6.5, 7.8, 7.702702702702703)","(7.5, 8.0, 7.778378378378378)","(9.0, 11.5, 11.473684210526315)","(5.5, 7.0, 6.8863013698630136)","(61.0, 110.0, 100.66666666666667)","(17.0, 25.0, 24.542857142857144)","(21.0, 26.0, 23.153846153846153)"
07-01-2023 12:58:04.056591,"(6.5, 7.8, 7.780790960451977)","(3.3, 4.0, 3.9247767857142857)","(31.0, 55.0, 50.96153846153846)","(6.5, 7.8, 7.702702702702703)","(7.5, 7.8, 7.775384615384615)","(9.0, 11.5, 11.40909090909091)","(5.5, 7.0, 6.841904761904762)","(61.0, 110.0, 103.0)","(17.0, 25.0, 24.542857142857144)","(21.0, 25.0, 23.150943396226417)"
07-01-2023 12:58:05.439605,"(6.5, 7.8, 7.779881656804734)","(3.3, 4.0, 3.9230593607305937)","(31.0, 55.0, 50.96153846153846)","(6.5, 7.8, 7.702702702702703)","(7.5, 7.8, 8.058823529411764)","(9.0, 11.5, 11.441176470588236)","(5.5, 7.0, 6.855652173913043)","(61.0, 110.0, 103.0)","(17.0, 25.0, 24.686274509803923)","(21.0, 25.0, 23.150943396226417)"
07-01-2023 12:58:06.795933,"(6.5, 7.8, 7.779881656804734)","(3.3, 4.0, 3.9230593607305937)","(31.0, 55.0, 50.96153846153846)","(6.5, 7.8, 7.636363636363636)","(7.5, 8.2, 7.947368421052631)","(9.0, 11.5, 11.466666666666667)","(5.5, 7.0, 6.841904761904762)","(61.0, 110.0, 104.16666666666666)","(17.0, 25.0, 24.666666666666668)","(21.0, 25.0, 23.150943396226417)"
07-01-2023 12:58:08.173558,"(6.5, 7.8, 7.779881656804734)","(3.3, 4.0, 3.9215366705471477)","(31.0, 55.0, 50.96153846153846)","(6.5, 7.8, 7.636363636363636)","(7.5, 8.2, 8.092134831460674)","(9.0, 11.5, 11.466666666666667)","(5.5, 7.0, 6.841904761904762)","(61.0, 110.0, 104.16666666666666)","(17.0, 25.0, 24.666666666666668)","(21.0, 25.0, 23.150943396226417)"
07-01-2023 12:58:09.497396,"(6.5, 7.8, 7.779881656804734)","(3.3, 4.0, 3.9215366705471477)","(31.0, 55.0, 50.96153846153846)","(6.5, 7.8, 7.636363636363636)","(7.5, 8.2, 8.133333333333333)","(9.0, 11.5, 11.466666666666667)","(5.5, 7.0, 6.795327102803738)","(61.0, 110.0, 104.16666666666666)","(17.0, 25.0, 24.666666666666668)","(21.0, 25.0, 23.150943396226417)"
07-01-2023 12:58:10.861253,"(6.5, 7.8, 7.779881656804734)","(3.3, 4.0, 3.9215366705471477)","(31.0, 55.0, 50.96153846153846)","(6.5, 7.8, 7.610526315789474)","(7.5, 8.2, 8.11578947368421)","(9.0, 11.5, 11.466666666666667)","(5.5, 6.8, 6.782532751091703)","(61.0, 110.0, 104.16666666666666)","(17.0, 25.0, 24.666666666666668)","(21.0, 25.0, 21.192307692307693)"
07-01-2023 12:58:12.170929,"(6.5, 7.8, 7.779881656804734)","(3.3, 4.0, 3.9215366705471477)","(31.0, 55.0, 50.96153846153846)","(6.5, 7.8, 7.685714285714285)","(7.5, 8.2, 8.152941176470588)","(9.0, 11.5, 11.466666666666667)","(5.5, 6.8, 6.782532751091703)","(61.0, 110.0, 104.16666666666666)","(17.0, 25.0, 24.666666666666668)","(21.0, 22.0, 21.16)"
07-01-2023 12:58:13.578576,"(6.5, 7.8, 7.779881656804734)","(3.3, 4.0, 3.925027808676307)","(31.0, 55.0, 50.96153846153846)","(6.5, 7.8, 7.685714285714285)","(7.5, 8.2, 8.171999999999999)","(9.0, 11.5, 11.466666666666667)","(5.5, 6.8, 6.888275862068966)","(61.0, 110.0, 104.16666666666666)","(17.0, 25.0, 24.666666666666668)","(21.0, 22.0, 23.1)"
07-01-2023 12:58:14.841377,"(6.5, 7.8, 7.779881656804734)","(3.3, 4.0, 3.925027808676307)","(31.0, 55.0, 50.96153846153846)","(6.5, 7.8, 7.685714285714285)","(7.5, 8.2, 8.182203389830509)","(9.0, 11.5, 11.466666666666667)","(5.5, 7.0, 6.895145631067961)","(61.0, 110.0, 104.16666666666666)","(17.0, 25.0, 24.666666666666668)","(21.0, 24.0, 23.027027027027028)"
07-01-2023 12:58:16.122897,"(6.5, 7.8, 7.779881656804734)","(3.3, 4.0, 3.9535714285714287)","(31.0, 55.0, 50.96153846153846)","(6.5, 7.8, 7.685714285714285)","(7.5, 8.2, 8.358803986710964)","(9.0, 11.5, 11.466666666666667)","(5.5, 7.0, 6.895145631067961)","(61.0, 110.0, 104.16666666666666)","(17.0, 25.0, 24.666666666666668)","(21.0, 24.0, 22.2)"
07-01-2023 12:58:17.385604,"(6.5, 8.0, 7.912195121951219)","(3.3, 4.0, 3.9535714285714287)","(31.0, 55.0, 50.96153846153846)","(6.5, 7.8, 7.685714285714285)","(7.5, 8.4, 8.358803986710964)","(9.0, 11.5, 11.474358974358974)","(5.5, 7.0, 6.895145631067961)","(61.0, 110.0, 104.16666666666666)","(17.0, 25.0, 24.515151515151516)","(21.0, 24.0, 22.285714285714285)"
07-01-2023 12:58:18.827507,"(6.5, 8.0, 7.866666666666666)","(3.3, 4.0, 3.9535714285714287)","(31.0, 55.0, 50.96153846153846)","(6.5, 7.8, 7.685714285714285)","(7.5, 8.4, 8.358803986710964)","(9.0, 11.5, 11.474358974358974)","(5.5, 7.0, 6.895145631067961)","(61.0, 110.0, 104.16666666666666)","(17.0, 25.0, 24.515151515151516)","(21.0, 24.0, 22.285714285714285)"
07-01-2023 12:58:20.079750,"(6.5, 8.0, 7.866666666666666)","(3.3, 4.0, 3.956399132321041)","(31.0, 55.0, 50.96153846153846)","(6.5, 7.8, 7.685714285714285)","(7.5, 8.4, 8.358803986710964)","(9.0, 11.5, 11.474358974358974)","(5.5, 7.0, 6.895145631067961)","(61.0, 110.0, 104.16666666666666)","(17.0, 25.0, 24.470588235294116)","(21.0, 24.0, 22.285714285714285)"
07-01-2023 12:58:21.329411,"(6.5, 8.0, 7.910679611650485)","(3.3, 4.0, 3.956399132321041)","(31.0, 55.0, 50.96153846153846)","(6.5, 7.8, 7.685714285714285)","(7.5, 8.4, 8.358803986710964)","(9.0, 11.5, 11.474358974358974)","(5.5, 7.0, 6.895145631067961)","(61.0, 110.0, 104.16666666666666)","(17.0, 25.0, 24.470588235294116)","(21.0, 24.0, 21.428571428571427)"
07-01-2023 12:58:22.588428,"(6.5, 8.0, 7.910679611650485)","(3.3, 4.0, 3.956399132321041)","(31.0, 55.0, 50.96153846153846)","(6.5, 7.8, 7.6571428571428575)","(7.5, 8.4, 8.358940397350993)","(9.0, 11.5, 11.474358974358974)","(5.5, 7.0, 6.968421052631579)","(61.0, 110.0, 104.16666666666666)","(17.0, 25.0, 24.470588235294116)","(21.0, 24.0, 23.723076923076924)"
