,Always Sometimes,Famous Prince,King Fox,Mr Nafplion,Quietly Spoken,Right Turn,Superb Time,Batting Above,Monseagle,Divine Journey
07-12-2022 14:26:30.643343,"(16.0, 22.0, 20.736842105263158)","(4.2, 4.9, 4.707509881422925)","(101.0, 480.0, 463.33333333333337)","(8.5, 11.5, 10.583333333333334)","(81.0, 140.0, 126.3157894736842)","(31.0, 70.0, 61.935483870967744)","(101.0, 330.0, 317.3333333333333)","(21.0, 34.0, 32.76923076923077)","(3.8, 4.4, 4.309615384615385)","(2.6, 2.88, 2.8614925373134326)"
07-12-2022 14:26:32.012471,"(16.0, 22.0, 20.75)","(4.2, 4.8, 4.707630522088354)","(101.0, 480.0, 463.33333333333337)","(8.5, 11.5, 11.225)","(81.0, 140.0, 127.5)","(31.0, 70.0, 61.935483870967744)","(101.0, 320.0, 317.3333333333333)","(21.0, 34.0, 32.76923076923077)","(3.8, 4.4, 4.309615384615385)","(2.6, 2.88, 2.8586206896551722)"
07-12-2022 14:26:33.339084,"(16.0, 22.0, 20.75)","(4.2, 4.8, 4.707630522088354)","(101.0, 480.0, 463.33333333333337)","(8.5, 11.5, 11.225)","(81.0, 140.0, 127.5)","(31.0, 70.0, 61.935483870967744)","(101.0, 320.0, 317.3333333333333)","(21.0, 34.0, 32.476190476190474)","(3.8, 4.4, 4.309615384615385)","(2.6, 2.88, 2.8561194029850747)"
07-12-2022 14:26:34.612333,"(16.0, 22.0, 20.75)","(4.2, 4.8, 4.707509881422925)","(101.0, 480.0, 463.33333333333337)","(8.5, 11.5, 11.225)","(81.0, 140.0, 127.5)","(31.0, 70.0, 61.935483870967744)","(101.0, 320.0, 317.3333333333333)","(21.0, 34.0, 32.666666666666664)","(3.8, 4.4, 4.309615384615385)","(2.6, 2.88, 2.8561194029850747)"
07-12-2022 14:26:35.998480,"(16.0, 22.0, 20.75)","(4.2, 4.8, 4.707509881422925)","(101.0, 480.0, 455.0)","(8.5, 11.5, 11.225)","(81.0, 140.0, 127.5)","(31.0, 70.0, 61.935483870967744)","(101.0, 320.0, 327.85714285714283)","(21.0, 34.0, 32.476190476190474)","(3.8, 4.4, 4.309615384615385)","(2.6, 2.88, 2.8561194029850747)"
07-12-2022 14:26:37.390123,"(16.0, 22.0, 20.75)","(4.2, 4.8, 4.705737704918033)","(101.0, 480.0, 455.0)","(8.5, 11.5, 11.225)","(81.0, 140.0, 127.5)","(31.0, 70.0, 61.935483870967744)","(101.0, 330.0, 327.85714285714283)","(21.0, 34.0, 32.476190476190474)","(3.8, 4.4, 4.309615384615385)","(2.6, 2.88, 2.8561194029850747)"
07-12-2022 14:26:38.723418,"(16.0, 22.0, 20.75)","(4.2, 4.8, 4.705737704918033)","(101.0, 480.0, 455.0)","(8.5, 11.5, 11.225)","(81.0, 140.0, 127.5)","(31.0, 70.0, 61.935483870967744)","(101.0, 330.0, 327.85714285714283)","(21.0, 34.0, 32.476190476190474)","(3.8, 4.4, 4.309615384615385)","(2.6, 2.88, 2.8561194029850747)"
07-12-2022 14:26:39.974351,"(16.0, 22.0, 20.75)","(4.2, 4.8, 4.705737704918033)","(101.0, 480.0, 455.0)","(8.5, 11.5, 11.225)","(81.0, 140.0, 126.3157894736842)","(31.0, 70.0, 61.935483870967744)","(101.0, 330.0, 327.85714285714283)","(21.0, 34.0, 32.476190476190474)","(3.8, 4.4, 4.309615384615385)","(2.6, 2.88, 2.8561194029850747)"
07-12-2022 14:26:41.246060,"(16.0, 22.0, 20.75)","(4.2, 4.8, 4.705737704918033)","(101.0, 480.0, 455.0)","(8.5, 11.5, 11.225)","(81.0, 140.0, 126.3157894736842)","(31.0, 70.0, 61.935483870967744)","(101.0, 320.0, 317.3333333333333)","(21.0, 34.0, 32.476190476190474)","(3.8, 4.4, 4.309615384615385)","(2.6, 2.88, 2.8561194029850747)"
07-12-2022 14:26:42.481449,"(16.0, 22.0, 20.75)","(4.2, 4.8, 4.705737704918033)","(101.0, 480.0, 455.0)","(8.5, 11.5, 11.225)","(81.0, 140.0, 126.3157894736842)","(31.0, 70.0, 61.935483870967744)","(101.0, 320.0, 317.3333333333333)","(21.0, 34.0, 32.476190476190474)","(3.8, 4.4, 4.309615384615385)","(2.6, 2.88, 2.8561194029850747)"
07-12-2022 14:26:43.644436,"(16.0, 22.0, 20.75)","(4.2, 4.8, 4.650162866449511)","(101.0, 480.0, 455.0)","(8.5, 11.5, 11.225)","(81.0, 140.0, 127.5)","(31.0, 70.0, 61.935483870967744)","(101.0, 320.0, 317.3333333333333)","(21.0, 34.0, 32.476190476190474)","(3.8, 4.4, 4.309615384615385)","(2.6, 2.88, 2.8586206896551722)"
07-12-2022 14:26:44.834076,"(16.0, 22.0, 20.75)","(4.2, 4.8, 4.650162866449511)","(101.0, 480.0, 455.0)","(8.5, 11.5, 11.225)","(81.0, 140.0, 127.5)","(31.0, 70.0, 61.935483870967744)","(101.0, 320.0, 317.3333333333333)","(21.0, 34.0, 32.476190476190474)","(3.8, 4.4, 4.309615384615385)","(2.6, 2.88, 2.8566037735849057)"
07-12-2022 14:26:46.102994,"(16.0, 22.0, 20.75)","(4.2, 4.8, 4.650162866449511)","(101.0, 480.0, 455.0)","(8.5, 11.5, 11.225)","(81.0, 140.0, 127.5)","(31.0, 70.0, 61.935483870967744)","(101.0, 320.0, 317.3333333333333)","(21.0, 34.0, 32.476190476190474)","(3.8, 4.4, 4.315625)","(2.6, 2.88, 2.8566037735849057)"
07-12-2022 14:26:47.415035,"(16.0, 22.0, 20.75)","(4.2, 4.8, 4.650162866449511)","(101.0, 480.0, 455.0)","(8.5, 11.5, 11.225)","(81.0, 140.0, 127.5)","(31.0, 70.0, 61.935483870967744)","(101.0, 320.0, 317.3333333333333)","(21.0, 34.0, 32.476190476190474)","(3.8, 4.4, 4.319230769230769)","(2.6, 2.88, 2.8566037735849057)"
07-12-2022 14:26:48.743198,"(16.0, 22.0, 20.75)","(4.2, 4.8, 4.650162866449511)","(101.0, 480.0, 455.0)","(8.5, 11.5, 11.225)","(81.0, 140.0, 127.5)","(31.0, 70.0, 61.935483870967744)","(101.0, 320.0, 328.06451612903226)","(21.0, 34.0, 32.476190476190474)","(3.8, 4.4, 4.320833333333333)","(2.6, 2.88, 2.8566037735849057)"
07-12-2022 14:26:50.153102,"(16.0, 22.0, 20.75)","(4.2, 4.8, 4.650162866449511)","(101.0, 480.0, 455.0)","(8.5, 11.5, 11.225)","(81.0, 140.0, 127.5)","(31.0, 70.0, 61.935483870967744)","(101.0, 330.0, 328.06451612903226)","(21.0, 34.0, 32.476190476190474)","(3.8, 4.4, 4.320833333333333)","(2.6, 2.88, 2.8566037735849057)"
07-12-2022 14:26:51.540226,"(16.0, 22.0, 20.75)","(4.2, 4.8, 4.650162866449511)","(101.0, 480.0, 455.0)","(8.5, 11.5, 11.225)","(81.0, 140.0, 127.5)","(31.0, 70.0, 61.935483870967744)","(101.0, 330.0, 328.06451612903226)","(21.0, 34.0, 32.476190476190474)","(3.8, 4.4, 4.320833333333333)","(2.6, 2.88, 2.8566037735849057)"
07-12-2022 14:26:52.965313,"(16.0, 22.0, 20.75)","(4.2, 4.8, 4.650162866449511)","(101.0, 480.0, 455.0)","(8.5, 11.5, 11.225)","(81.0, 140.0, 127.5)","(31.0, 70.0, 61.935483870967744)","(101.0, 330.0, 317.57575757575756)","(21.0, 34.0, 32.476190476190474)","(3.8, 4.4, 4.320833333333333)","(2.6, 2.88, 2.8566037735849057)"
07-12-2022 14:26:54.353944,"(16.0, 22.0, 20.75)","(4.2, 4.8, 4.650162866449511)","(101.0, 480.0, 455.0)","(8.5, 11.5, 11.225)","(81.0, 140.0, 127.5)","(31.0, 70.0, 61.935483870967744)","(101.0, 320.0, 317.57575757575756)","(21.0, 34.0, 32.476190476190474)","(3.8, 4.4, 4.326315789473684)","(2.6, 2.88, 2.8566037735849057)"
07-12-2022 14:26:55.663842,"(16.0, 22.0, 20.75)","(4.2, 4.8, 4.650162866449511)","(101.0, 480.0, 455.0)","(8.5, 11.5, 11.225)","(81.0, 140.0, 127.5)","(31.0, 70.0, 61.935483870967744)","(101.0, 320.0, 317.57575757575756)","(21.0, 34.0, 32.476190476190474)","(3.8, 4.4, 4.326315789473684)","(2.6, 2.88, 2.8566037735849057)"
07-12-2022 14:26:56.922222,"(16.0, 22.0, 20.75)","(4.2, 4.8, 4.650162866449511)","(101.0, 480.0, 455.0)","(8.5, 11.5, 11.225)","(71.0, 140.0, 127.5)","(31.0, 70.0, 61.935483870967744)","(101.0, 320.0, 317.57575757575756)","(21.0, 34.0, 32.476190476190474)","(3.8, 4.4, 4.326315789473684)","(2.6, 2.88, 2.8566037735849057)"
07-12-2022 14:26:58.217019,"(16.0, 22.0, 20.75)","(4.2, 4.8, 4.650162866449511)","(101.0, 480.0, 455.0)","(8.5, 11.5, 11.225)","(71.0, 140.0, 127.5)","(31.0, 70.0, 61.935483870967744)","(101.0, 320.0, 317.57575757575756)","(21.0, 34.0, 32.476190476190474)","(3.8, 4.4, 4.326315789473684)","(2.6, 2.88, 2.878260869565217)"
07-12-2022 14:26:59.467179,"(16.0, 22.0, 20.75)","(4.2, 4.8, 4.650162866449511)","(101.0, 480.0, 455.0)","(8.5, 11.5, 11.225)","(71.0, 140.0, 127.5)","(31.0, 70.0, 61.935483870967744)","(101.0, 320.0, 317.57575757575756)","(21.0, 34.0, 32.476190476190474)","(3.8, 4.4, 4.326315789473684)","(2.6, 2.88, 2.8566037735849057)"
07-12-2022 14:27:00.660325,"(16.0, 22.0, 20.75)","(4.2, 4.8, 4.650162866449511)","(101.0, 480.0, 455.0)","(8.5, 11.5, 11.225)","(71.0, 140.0, 127.5)","(31.0, 70.0, 61.935483870967744)","(101.0, 320.0, 317.57575757575756)","(21.0, 34.0, 32.476190476190474)","(3.8, 4.4, 4.326315789473684)","(2.6, 2.88, 2.8566037735849057)"
07-12-2022 14:27:01.900323,"(16.0, 22.0, 20.75)","(4.2, 4.8, 4.650162866449511)","(101.0, 480.0, 455.0)","(8.5, 11.5, 11.225)","(71.0, 140.0, 127.5)","(31.0, 70.0, 61.935483870967744)","(101.0, 320.0, 328.06451612903226)","(21.0, 34.0, 32.476190476190474)","(3.8, 4.4, 4.326315789473684)","(2.6, 2.88, 2.8566037735849057)"
07-12-2022 14:27:03.227823,"(16.0, 22.0, 20.75)","(4.2, 4.8, 4.650162866449511)","(101.0, 480.0, 455.0)","(8.5, 11.5, 11.225)","(71.0, 140.0, 127.5)","(31.0, 70.0, 61.935483870967744)","(101.0, 330.0, 328.06451612903226)","(21.0, 34.0, 32.476190476190474)","(3.8, 4.4, 4.326315789473684)","(2.6, 2.88, 2.856153846153846)"
07-12-2022 14:27:04.553216,"(16.0, 22.0, 20.75)","(4.2, 4.8, 4.620689655172414)","(101.0, 480.0, 455.0)","(8.5, 11.5, 11.225)","(71.0, 140.0, 127.5)","(31.0, 70.0, 61.935483870967744)","(101.0, 330.0, 317.57575757575756)","(21.0, 34.0, 32.476190476190474)","(3.8, 4.4, 4.326315789473684)","(2.6, 2.88, 2.856153846153846)"
07-12-2022 14:27:05.876294,"(16.0, 22.0, 20.75)","(4.2, 4.8, 4.620689655172414)","(101.0, 480.0, 455.0)","(8.5, 11.5, 11.225)","(71.0, 140.0, 127.5)","(31.0, 70.0, 61.935483870967744)","(101.0, 320.0, 317.57575757575756)","(21.0, 34.0, 32.476190476190474)","(3.8, 4.4, 4.326315789473684)","(2.6, 2.88, 2.856153846153846)"
07-12-2022 14:27:07.145729,"(16.0, 22.0, 20.75)","(4.2, 4.8, 4.620689655172414)","(101.0, 480.0, 455.0)","(8.5, 11.5, 11.225)","(71.0, 140.0, 127.5)","(31.0, 70.0, 61.935483870967744)","(101.0, 320.0, 317.57575757575756)","(21.0, 34.0, 32.476190476190474)","(3.8, 4.4, 4.326315789473684)","(2.6, 2.88, 2.856153846153846)"
07-12-2022 14:27:08.391490,"(16.0, 22.0, 20.75)","(4.2, 4.8, 4.620689655172414)","(101.0, 480.0, 455.0)","(8.5, 11.5, 11.225)","(71.0, 140.0, 127.5)","(31.0, 70.0, 61.935483870967744)","(101.0, 320.0, 317.57575757575756)","(21.0, 34.0, 32.476190476190474)","(3.8, 4.4, 4.326315789473684)","(2.6, 2.88, 2.856153846153846)"
07-12-2022 14:27:09.658137,"(16.0, 22.0, 20.75)","(4.2, 4.8, 4.620689655172414)","(101.0, 480.0, 455.0)","(8.5, 11.5, 11.225)","(71.0, 140.0, 127.5)","(31.0, 70.0, 61.935483870967744)","(101.0, 320.0, 317.57575757575756)","(21.0, 34.0, 32.476190476190474)","(3.8, 4.4, 4.326315789473684)","(2.6, 2.88, 2.856153846153846)"
07-12-2022 14:27:10.908392,"(16.0, 22.0, 20.75)","(4.2, 4.8, 4.620689655172414)","(101.0, 480.0, 455.0)","(8.5, 11.5, 11.225)","(71.0, 140.0, 127.5)","(31.0, 70.0, 61.935483870967744)","(101.0, 320.0, 317.57575757575756)","(21.0, 34.0, 32.476190476190474)","(3.8, 4.4, 4.326315789473684)","(2.6, 2.88, 2.856153846153846)"
07-12-2022 14:27:12.140681,"(16.0, 22.0, 20.75)","(4.2, 4.8, 4.620689655172414)","(101.0, 480.0, 455.0)","(8.5, 11.5, 10.972972972972974)","(81.0, 140.0, 121.42857142857143)","(31.0, 70.0, 59.13793103448276)","(101.0, 320.0, 317.57575757575756)","(21.0, 34.0, 32.888888888888886)","(3.8, 4.4, 4.326315789473684)","(2.6, 2.88, 2.856153846153846)"
07-12-2022 14:27:13.429028,"(16.0, 22.0, 20.75)","(4.2, 4.8, 4.620689655172414)","(101.0, 480.0, 455.0)","(8.5, 11.5, 10.972972972972974)","(81.0, 140.0, 121.42857142857143)","(31.0, 70.0, 59.583333333333336)","(101.0, 320.0, 328.06451612903226)","(21.0, 34.0, 33.04761904761905)","(3.8, 4.4, 4.326315789473684)","(2.6, 2.88, 2.858260869565217)"
07-12-2022 14:27:14.729609,"(16.0, 22.0, 20.695652173913043)","(4.2, 4.8, 4.620689655172414)","(101.0, 480.0, 455.0)","(8.5, 11.5, 10.972972972972974)","(81.0, 140.0, 121.42857142857143)","(31.0, 70.0, 59.583333333333336)","(101.0, 330.0, 328.06451612903226)","(21.0, 34.0, 33.04761904761905)","(3.8, 4.4, 4.326315789473684)","(2.6, 2.88, 2.858260869565217)"
07-12-2022 14:27:16.060624,"(16.0, 22.0, 20.695652173913043)","(4.2, 4.8, 4.635205992509363)","(101.0, 480.0, 455.0)","(8.5, 11.5, 10.972972972972974)","(81.0, 140.0, 121.42857142857143)","(31.0, 70.0, 59.583333333333336)","(101.0, 330.0, 317.57575757575756)","(21.0, 34.0, 33.04761904761905)","(3.8, 4.4, 4.326315789473684)","(2.6, 2.88, 2.858260869565217)"
07-12-2022 14:27:17.322327,"(16.0, 22.0, 20.695652173913043)","(4.2, 4.8, 4.635205992509363)","(101.0, 480.0, 446.66666666666663)","(8.5, 11.5, 10.972972972972974)","(81.0, 140.0, 121.42857142857143)","(31.0, 70.0, 62.333333333333336)","(101.0, 320.0, 317.57575757575756)","(21.0, 34.0, 33.04761904761905)","(3.8, 4.4, 4.326315789473684)","(2.6, 2.88, 2.858260869565217)"
07-12-2022 14:27:18.667967,"(16.0, 22.0, 20.695652173913043)","(4.2, 4.8, 4.635205992509363)","(101.0, 470.0, 446.66666666666663)","(8.5, 11.5, 10.972972972972974)","(81.0, 140.0, 121.42857142857143)","(31.0, 65.0, 62.85714285714286)","(101.0, 320.0, 317.57575757575756)","(21.0, 34.0, 33.04761904761905)","(3.8, 4.4, 4.326315789473684)","(2.6, 2.88, 2.858260869565217)"
07-12-2022 14:27:19.963609,"(16.0, 22.0, 20.695652173913043)","(4.2, 4.8, 4.635205992509363)","(101.0, 470.0, 446.66666666666663)","(8.5, 11.5, 10.972972972972974)","(81.0, 140.0, 121.42857142857143)","(31.0, 65.0, 62.85714285714286)","(101.0, 320.0, 317.57575757575756)","(21.0, 34.0, 33.04761904761905)","(3.8, 4.4, 4.335714285714285)","(2.6, 2.88, 2.858260869565217)"
07-12-2022 14:27:21.221854,"(16.0, 22.0, 20.695652173913043)","(4.2, 4.8, 4.635205992509363)","(101.0, 470.0, 446.66666666666663)","(8.5, 11.5, 10.972972972972974)","(81.0, 140.0, 121.42857142857143)","(31.0, 65.0, 62.85714285714286)","(101.0, 320.0, 317.57575757575756)","(21.0, 34.0, 33.04761904761905)","(3.8, 4.4, 4.335714285714285)","(2.6, 2.88, 2.858260869565217)"
07-12-2022 14:27:22.508620,"(16.0, 22.0, 20.695652173913043)","(4.2, 4.8, 4.635205992509363)","(101.0, 470.0, 446.66666666666663)","(8.5, 11.5, 10.972972972972974)","(81.0, 140.0, 121.42857142857143)","(31.0, 65.0, 62.85714285714286)","(101.0, 320.0, 317.57575757575756)","(21.0, 34.0, 33.04761904761905)","(3.8, 4.4, 4.335714285714285)","(2.6, 2.88, 2.858260869565217)"
07-12-2022 14:27:23.676808,"(16.0, 22.0, 20.695652173913043)","(4.2, 4.8, 4.635205992509363)","(101.0, 470.0, 446.66666666666663)","(8.5, 11.5, 10.972972972972974)","(81.0, 140.0, 121.42857142857143)","(31.0, 65.0, 62.85714285714286)","(101.0, 320.0, 317.57575757575756)","(21.0, 34.0, 33.04761904761905)","(3.8, 4.4, 4.335714285714285)","(2.6, 2.88, 2.858260869565217)"
07-12-2022 14:27:24.979507,"(16.0, 22.0, 20.695652173913043)","(4.2, 4.8, 4.635205992509363)","(101.0, 470.0, 446.66666666666663)","(8.5, 11.5, 10.972972972972974)","(81.0, 140.0, 121.42857142857143)","(31.0, 65.0, 62.85714285714286)","(101.0, 320.0, 328.06451612903226)","(21.0, 34.0, 33.04761904761905)","(3.8, 4.4, 4.335714285714285)","(2.6, 2.88, 2.858260869565217)"
07-12-2022 14:27:26.194158,"(16.0, 22.0, 20.695652173913043)","(4.2, 4.8, 4.635205992509363)","(101.0, 470.0, 446.66666666666663)","(8.5, 11.5, 10.972972972972974)","(81.0, 140.0, 121.42857142857143)","(31.0, 65.0, 62.85714285714286)","(101.0, 330.0, 328.06451612903226)","(21.0, 34.0, 32.888888888888886)","(3.8, 4.4, 4.321739130434783)","(2.6, 2.88, 2.858260869565217)"
07-12-2022 14:27:27.510262,"(16.0, 22.0, 20.695652173913043)","(4.2, 4.8, 4.630943396226415)","(101.0, 470.0, 446.66666666666663)","(8.5, 11.5, 10.972972972972974)","(81.0, 140.0, 121.42857142857143)","(31.0, 65.0, 62.85714285714286)","(101.0, 330.0, 328.06451612903226)","(21.0, 34.0, 32.888888888888886)","(3.8, 4.4, 4.321739130434783)","(2.6, 2.88, 2.858260869565217)"
07-12-2022 14:27:28.841642,"(16.0, 22.0, 20.695652173913043)","(4.2, 4.8, 4.630943396226415)","(101.0, 470.0, 446.66666666666663)","(8.5, 11.5, 10.972972972972974)","(81.0, 140.0, 121.42857142857143)","(31.0, 65.0, 62.85714285714286)","(101.0, 330.0, 328.06451612903226)","(21.0, 34.0, 32.888888888888886)","(3.8, 4.4, 4.321739130434783)","(2.6, 2.88, 2.858260869565217)"
07-12-2022 14:27:30.227058,"(16.0, 22.0, 20.695652173913043)","(4.2, 4.8, 4.630943396226415)","(101.0, 470.0, 446.66666666666663)","(8.5, 11.5, 10.972972972972974)","(81.0, 140.0, 121.42857142857143)","(31.0, 65.0, 62.85714285714286)","(101.0, 330.0, 328.06451612903226)","(21.0, 34.0, 32.888888888888886)","(3.8, 4.4, 4.321739130434783)","(2.6, 2.88, 2.858260869565217)"
07-12-2022 14:27:31.564577,"(16.0, 22.0, 20.695652173913043)","(4.2, 4.8, 4.630943396226415)","(101.0, 470.0, 446.66666666666663)","(8.5, 11.5, 10.972972972972974)","(81.0, 140.0, 121.42857142857143)","(31.0, 65.0, 62.85714285714286)","(101.0, 330.0, 317.57575757575756)","(21.0, 34.0, 32.888888888888886)","(3.8, 4.4, 4.321739130434783)","(2.6, 2.88, 2.858260869565217)"
07-12-2022 14:27:32.859514,"(16.0, 22.0, 20.695652173913043)","(4.2, 4.8, 4.630943396226415)","(101.0, 470.0, 446.66666666666663)","(8.5, 11.5, 10.972972972972974)","(81.0, 140.0, 121.42857142857143)","(31.0, 65.0, 62.85714285714286)","(101.0, 320.0, 313.3333333333333)","(21.0, 34.0, 32.888888888888886)","(3.8, 4.4, 4.321739130434783)","(2.6, 2.88, 2.858260869565217)"
07-12-2022 14:27:34.055432,"(16.0, 22.0, 20.695652173913043)","(4.2, 4.8, 4.630943396226415)","(101.0, 470.0, 446.66666666666663)","(8.5, 11.5, 10.972972972972974)","(81.0, 140.0, 121.42857142857143)","(31.0, 65.0, 62.85714285714286)","(101.0, 320.0, 313.3333333333333)","(21.0, 34.0, 32.888888888888886)","(3.8, 4.4, 4.321739130434783)","(2.6, 2.88, 2.858260869565217)"
07-12-2022 14:27:35.294345,"(16.0, 22.0, 20.695652173913043)","(4.2, 4.8, 4.630943396226415)","(101.0, 470.0, 446.66666666666663)","(8.5, 11.5, 10.972972972972974)","(81.0, 140.0, 121.42857142857143)","(31.0, 65.0, 62.85714285714286)","(101.0, 320.0, 313.3333333333333)","(21.0, 34.0, 32.888888888888886)","(3.8, 4.4, 4.321739130434783)","(2.6, 2.88, 2.858260869565217)"
07-12-2022 14:27:36.531361,"(16.0, 22.0, 20.695652173913043)","(4.2, 4.8, 4.630943396226415)","(101.0, 470.0, 446.66666666666663)","(8.5, 11.5, 10.972972972972974)","(81.0, 140.0, 121.42857142857143)","(31.0, 65.0, 62.85714285714286)","(101.0, 320.0, 313.3333333333333)","(21.0, 34.0, 32.888888888888886)","(3.8, 4.4, 4.321739130434783)","(2.6, 2.88, 2.858260869565217)"
07-12-2022 14:27:37.772684,"(16.0, 22.0, 20.695652173913043)","(4.2, 4.7, 4.680392156862745)","(101.0, 470.0, 446.66666666666663)","(8.5, 11.5, 10.972972972972974)","(81.0, 140.0, 121.42857142857143)","(31.0, 65.0, 61.666666666666664)","(101.0, 320.0, 313.3333333333333)","(21.0, 34.0, 33.04761904761905)","(3.8, 4.4, 4.357142857142858)","(2.6, 2.88, 2.8206521739130435)"
07-12-2022 14:27:39.084373,"(16.0, 22.0, 20.695652173913043)","(4.2, 4.7, 4.680392156862745)","(101.0, 470.0, 446.66666666666663)","(8.5, 11.5, 10.934782608695652)","(81.0, 140.0, 121.42857142857143)","(31.0, 65.0, 61.666666666666664)","(101.0, 320.0, 313.3333333333333)","(21.0, 34.0, 33.04761904761905)","(3.8, 4.4, 4.357142857142858)","(2.6, 2.84, 2.8206521739130435)"
07-12-2022 14:27:40.362792,"(16.0, 22.0, 20.695652173913043)","(4.2, 4.7, 4.680392156862745)","(101.0, 470.0, 446.66666666666663)","(8.5, 11.5, 10.934782608695652)","(71.0, 140.0, 121.42857142857143)","(31.0, 65.0, 61.666666666666664)","(101.0, 320.0, 313.3333333333333)","(21.0, 34.0, 33.04761904761905)","(3.8, 4.4, 4.357142857142858)","(2.6, 2.84, 2.8206521739130435)"
07-12-2022 14:27:41.654651,"(16.0, 22.0, 20.695652173913043)","(4.2, 4.7, 4.680392156862745)","(101.0, 470.0, 446.66666666666663)","(8.5, 11.5, 10.934782608695652)","(71.0, 140.0, 121.42857142857143)","(31.0, 65.0, 61.666666666666664)","(101.0, 320.0, 324.0)","(21.0, 34.0, 33.04761904761905)","(3.8, 4.4, 4.357142857142858)","(2.6, 2.84, 2.8206521739130435)"
07-12-2022 14:27:42.869239,"(16.0, 22.0, 20.695652173913043)","(4.2, 4.7, 4.689130434782609)","(101.0, 470.0, 446.66666666666663)","(8.5, 11.5, 10.934782608695652)","(71.0, 140.0, 121.42857142857143)","(31.0, 65.0, 61.666666666666664)","(101.0, 330.0, 324.0)","(21.0, 34.0, 33.04761904761905)","(3.8, 4.4, 4.357142857142858)","(2.6, 2.84, 2.8206521739130435)"
07-12-2022 14:27:44.115530,"(16.0, 22.0, 20.695652173913043)","(4.2, 4.7, 4.689130434782609)","(101.0, 470.0, 446.66666666666663)","(8.5, 11.5, 10.934782608695652)","(71.0, 140.0, 121.42857142857143)","(31.0, 65.0, 61.666666666666664)","(101.0, 330.0, 324.0)","(21.0, 34.0, 33.04761904761905)","(3.8, 4.4, 4.357142857142858)","(2.6, 2.84, 2.8206521739130435)"
07-12-2022 14:27:45.451086,"(16.0, 22.0, 20.695652173913043)","(4.2, 4.7, 4.689130434782609)","(101.0, 470.0, 446.66666666666663)","(8.5, 11.5, 10.934782608695652)","(71.0, 140.0, 121.42857142857143)","(31.0, 65.0, 61.666666666666664)","(101.0, 330.0, 313.3333333333333)","(21.0, 34.0, 33.04761904761905)","(3.8, 4.4, 4.357142857142858)","(2.6, 2.84, 2.8185542168674695)"
07-12-2022 14:27:46.681940,"(16.0, 22.0, 20.695652173913043)","(4.2, 4.7, 4.689130434782609)","(101.0, 470.0, 446.66666666666663)","(8.5, 11.5, 10.934782608695652)","(71.0, 140.0, 121.42857142857143)","(31.0, 65.0, 61.666666666666664)","(101.0, 320.0, 313.3333333333333)","(21.0, 34.0, 33.04761904761905)","(3.8, 4.4, 4.357142857142858)","(2.6, 2.84, 2.8185542168674695)"
07-12-2022 14:27:47.995569,"(16.0, 22.0, 20.695652173913043)","(4.2, 4.7, 4.689130434782609)","(101.0, 470.0, 446.66666666666663)","(8.5, 11.5, 10.934782608695652)","(71.0, 140.0, 121.42857142857143)","(31.0, 65.0, 61.666666666666664)","(101.0, 320.0, 313.3333333333333)","(21.0, 34.0, 33.04761904761905)","(3.8, 4.4, 4.357142857142858)","(2.6, 2.84, 2.8185542168674695)"
07-12-2022 14:27:49.345614,"(16.0, 22.0, 20.695652173913043)","(4.2, 4.7, 4.689130434782609)","(101.0, 470.0, 446.66666666666663)","(8.5, 11.5, 10.934782608695652)","(71.0, 140.0, 121.42857142857143)","(31.0, 65.0, 61.666666666666664)","(101.0, 320.0, 313.3333333333333)","(21.0, 34.0, 33.04761904761905)","(3.8, 4.4, 4.357142857142858)","(2.6, 2.84, 2.8185542168674695)"
07-12-2022 14:27:50.818522,"(16.0, 22.0, 20.695652173913043)","(4.2, 4.7, 4.689130434782609)","(101.0, 470.0, 446.66666666666663)","(8.5, 11.5, 10.934782608695652)","(71.0, 140.0, 121.42857142857143)","(31.0, 65.0, 61.666666666666664)","(101.0, 320.0, 312.0)","(21.0, 34.0, 33.04761904761905)","(3.8, 4.4, 4.357142857142858)","(2.6, 2.84, 2.8147517730496454)"
07-12-2022 14:27:52.222541,"(16.0, 22.0, 20.695652173913043)","(4.2, 4.7, 4.689130434782609)","(101.0, 470.0, 446.66666666666663)","(8.5, 11.5, 10.934782608695652)","(71.0, 140.0, 121.42857142857143)","(31.0, 65.0, 61.666666666666664)","(101.0, 320.0, 312.0)","(21.0, 34.0, 33.04761904761905)","(3.8, 4.4, 4.357142857142858)","(2.6, 2.84, 2.8147517730496454)"
07-12-2022 14:27:53.630279,"(16.0, 22.0, 20.695652173913043)","(4.2, 4.7, 4.689130434782609)","(101.0, 470.0, 446.66666666666663)","(8.5, 11.5, 10.934782608695652)","(71.0, 140.0, 128.1818181818182)","(31.0, 65.0, 61.666666666666664)","(101.0, 320.0, 312.0)","(21.0, 34.0, 33.04761904761905)","(3.8, 4.4, 4.357142857142858)","(2.6, 2.84, 2.8140540540540537)"
07-12-2022 14:27:54.996109,"(16.0, 22.0, 20.695652173913043)","(4.2, 4.7, 4.689130434782609)","(101.0, 470.0, 446.66666666666663)","(8.5, 11.5, 10.934782608695652)","(71.0, 140.0, 128.1818181818182)","(31.0, 65.0, 61.666666666666664)","(101.0, 320.0, 322.5)","(21.0, 34.0, 33.04761904761905)","(3.8, 4.4, 4.357142857142858)","(2.6, 2.84, 2.8140540540540537)"
07-12-2022 14:27:56.354165,"(16.0, 22.0, 20.695652173913043)","(4.2, 4.7, 4.689130434782609)","(101.0, 470.0, 446.66666666666663)","(8.5, 11.5, 10.934782608695652)","(71.0, 140.0, 128.1818181818182)","(31.0, 65.0, 61.666666666666664)","(101.0, 330.0, 322.5)","(21.0, 34.0, 33.04761904761905)","(3.8, 4.4, 4.357142857142858)","(2.6, 2.84, 2.8140540540540537)"
07-12-2022 14:27:57.526073,"(16.0, 22.0, 20.695652173913043)","(4.2, 4.7, 4.689130434782609)","(101.0, 470.0, 446.66666666666663)","(8.5, 11.5, 10.934782608695652)","(71.0, 140.0, 128.1818181818182)","(31.0, 65.0, 61.666666666666664)","(101.0, 330.0, 322.5)","(21.0, 34.0, 33.04761904761905)","(3.8, 4.4, 4.357142857142858)","(2.6, 2.84, 2.8140540540540537)"
07-12-2022 14:27:58.846045,"(16.0, 22.0, 20.695652173913043)","(4.2, 4.7, 4.689130434782609)","(101.0, 470.0, 446.66666666666663)","(8.5, 11.5, 10.934782608695652)","(71.0, 140.0, 128.1818181818182)","(31.0, 65.0, 61.666666666666664)","(101.0, 320.0, 312.0)","(21.0, 34.0, 33.04761904761905)","(3.8, 4.4, 4.357142857142858)","(2.6, 2.84, 2.814736842105263)"
07-12-2022 14:28:00.154589,"(16.0, 22.0, 20.695652173913043)","(4.2, 4.8, 4.631417624521072)","(101.0, 470.0, 446.66666666666663)","(8.5, 11.5, 10.934782608695652)","(71.0, 140.0, 128.1818181818182)","(31.0, 65.0, 61.666666666666664)","(101.0, 320.0, 296.0)","(21.0, 34.0, 33.04761904761905)","(3.8, 4.4, 4.357142857142858)","(2.6, 2.84, 2.8127999999999997)"
07-12-2022 14:28:01.348156,"(16.0, 22.0, 20.695652173913043)","(4.2, 4.8, 4.631417624521072)","(101.0, 470.0, 446.66666666666663)","(8.5, 11.5, 10.934782608695652)","(71.0, 140.0, 128.1818181818182)","(31.0, 65.0, 61.666666666666664)","(101.0, 320.0, 296.0)","(21.0, 34.0, 33.04761904761905)","(3.8, 4.4, 4.357142857142858)","(2.6, 2.84, 2.8127999999999997)"
07-12-2022 14:28:02.509166,"(16.0, 22.0, 20.695652173913043)","(4.2, 4.8, 4.631417624521072)","(101.0, 470.0, 446.66666666666663)","(8.5, 11.5, 10.934782608695652)","(71.0, 140.0, 128.1818181818182)","(31.0, 65.0, 61.666666666666664)","(101.0, 320.0, 291.6666666666667)","(21.0, 34.0, 33.04761904761905)","(3.8, 4.4, 4.357142857142858)","(2.6, 2.84, 2.8127999999999997)"
07-12-2022 14:28:03.735672,"(16.0, 22.0, 20.695652173913043)","(4.2, 4.8, 4.631417624521072)","(101.0, 470.0, 446.66666666666663)","(8.5, 11.5, 10.934782608695652)","(71.0, 140.0, 128.1818181818182)","(31.0, 65.0, 61.666666666666664)","(101.0, 300.0, 291.6666666666667)","(21.0, 34.0, 33.04761904761905)","(3.8, 4.4, 4.357142857142858)","(2.6, 2.84, 2.8127999999999997)"
07-12-2022 14:28:05.292546,"(16.0, 22.0, 20.695652173913043)","(4.2, 4.8, 4.631417624521072)","(101.0, 470.0, 446.66666666666663)","(8.5, 11.5, 10.934782608695652)","(71.0, 140.0, 128.1818181818182)","(31.0, 65.0, 61.666666666666664)","(101.0, 300.0, 291.6666666666667)","(21.0, 34.0, 33.04761904761905)","(3.8, 4.4, 4.357142857142858)","(2.6, 2.84, 2.8127999999999997)"
07-12-2022 14:28:06.692372,"(16.0, 22.0, 20.695652173913043)","(4.2, 4.8, 4.631417624521072)","(101.0, 470.0, 446.66666666666663)","(8.5, 11.5, 10.934782608695652)","(71.0, 140.0, 128.1818181818182)","(31.0, 65.0, 61.666666666666664)","(101.0, 300.0, 291.6666666666667)","(21.0, 34.0, 33.04761904761905)","(3.8, 4.4, 4.357142857142858)","(2.6, 2.84, 2.8139249146757677)"
07-12-2022 14:28:07.968233,"(16.0, 22.0, 20.695652173913043)","(4.2, 4.8, 4.631417624521072)","(101.0, 470.0, 446.66666666666663)","(8.5, 11.5, 10.934782608695652)","(71.0, 140.0, 128.1818181818182)","(31.0, 65.0, 61.666666666666664)","(101.0, 300.0, 250.0)","(21.0, 34.0, 33.04761904761905)","(3.8, 4.4, 4.357142857142858)","(2.6, 2.84, 2.8139249146757677)"
07-12-2022 14:28:09.286357,"(16.0, 22.0, 20.695652173913043)","(4.2, 4.8, 4.632669322709163)","(101.0, 470.0, 446.66666666666663)","(8.5, 11.5, 10.934782608695652)","(71.0, 140.0, 128.1818181818182)","(31.0, 65.0, 61.666666666666664)","(101.0, 300.0, 250.0)","(21.0, 34.0, 33.04761904761905)","(3.8, 4.4, 4.357142857142858)","(2.6, 2.84, 2.8139249146757677)"
07-12-2022 14:28:10.482988,"(16.0, 22.0, 20.695652173913043)","(4.2, 4.8, 4.632669322709163)","(101.0, 470.0, 446.66666666666663)","(8.5, 11.5, 10.934782608695652)","(71.0, 140.0, 128.1818181818182)","(31.0, 65.0, 61.666666666666664)","(101.0, 300.0, 250.0)","(21.0, 34.0, 33.04761904761905)","(3.8, 4.4, 4.357142857142858)","(2.6, 2.84, 2.8139249146757677)"
07-12-2022 14:28:11.723234,"(16.0, 22.0, 20.695652173913043)","(4.2, 4.8, 4.632669322709163)","(101.0, 470.0, 446.66666666666663)","(8.5, 11.5, 10.833333333333334)","(71.0, 140.0, 128.1818181818182)","(31.0, 65.0, 61.666666666666664)","(101.0, 300.0, 270.9090909090909)","(21.0, 34.0, 33.04761904761905)","(3.8, 4.4, 4.357142857142858)","(2.6, 2.84, 2.8139249146757677)"
07-12-2022 14:28:13.088054,"(16.0, 22.0, 20.695652173913043)","(4.2, 4.8, 4.632669322709163)","(101.0, 470.0, 446.66666666666663)","(8.5, 11.0, 10.833333333333334)","(71.0, 140.0, 128.1818181818182)","(31.0, 65.0, 61.666666666666664)","(101.0, 290.0, 243.33333333333334)","(21.0, 34.0, 33.04761904761905)","(3.8, 4.4, 4.357142857142858)","(2.6, 2.84, 2.813972602739726)"
07-12-2022 14:28:14.557157,"(16.0, 22.0, 20.695652173913043)","(4.2, 4.8, 4.632669322709163)","(101.0, 470.0, 446.66666666666663)","(8.5, 11.0, 10.833333333333334)","(71.0, 140.0, 128.1818181818182)","(31.0, 65.0, 61.666666666666664)","(101.0, 290.0, 239.16666666666666)","(21.0, 34.0, 33.04761904761905)","(3.8, 4.4, 4.357142857142858)","(2.6, 2.82, 2.813972602739726)"
07-12-2022 14:28:16.055820,"(16.0, 22.0, 20.695652173913043)","(4.2, 4.8, 4.632669322709163)","(101.0, 470.0, 446.66666666666663)","(8.5, 11.0, 10.608108108108109)","(71.0, 140.0, 128.1818181818182)","(31.0, 65.0, 61.666666666666664)","(101.0, 280.0, 239.16666666666666)","(21.0, 34.0, 33.04761904761905)","(3.8, 4.4, 4.357142857142858)","(2.6, 2.82, 2.813972602739726)"
07-12-2022 14:28:17.425397,"(16.0, 22.0, 20.695652173913043)","(4.2, 4.8, 4.632669322709163)","(101.0, 470.0, 446.66666666666663)","(8.5, 11.0, 10.613333333333333)","(71.0, 140.0, 128.1818181818182)","(31.0, 65.0, 61.666666666666664)","(101.0, 280.0, 236.92307692307693)","(21.0, 34.0, 32.888888888888886)","(3.8, 4.4, 4.357142857142858)","(2.6, 2.82, 2.813972602739726)"
07-12-2022 14:28:18.726744,"(16.0, 22.0, 20.695652173913043)","(4.2, 4.8, 4.632669322709163)","(101.0, 470.0, 450.0)","(8.5, 11.0, 10.736363636363636)","(71.0, 140.0, 129.16666666666666)","(31.0, 65.0, 62.407407407407405)","(101.0, 280.0, 239.16666666666666)","(21.0, 34.0, 33.375)","(3.8, 4.4, 4.3858267716535435)","(2.6, 2.82, 2.8168115942028984)"
07-12-2022 14:28:20.209252,"(16.0, 22.0, 21.285714285714285)","(4.2, 4.8, 4.672727272727273)","(101.0, 470.0, 450.0)","(8.5, 11.0, 10.6625)","(71.0, 140.0, 129.16666666666666)","(31.0, 65.0, 62.407407407407405)","(101.0, 260.0, 233.33333333333334)","(21.0, 34.0, 33.375)","(3.8, 4.4, 4.3858267716535435)","(2.6, 2.82, 2.8230845771144275)"
07-12-2022 14:28:21.520311,"(16.0, 22.0, 21.285714285714285)","(4.2, 4.8, 4.672727272727273)","(101.0, 470.0, 450.0)","(8.5, 11.0, 10.6625)","(71.0, 140.0, 129.16666666666666)","(31.0, 65.0, 62.407407407407405)","(101.0, 260.0, 231.875)","(21.0, 34.0, 33.375)","(3.8, 4.4, 4.3858267716535435)","(2.6, 2.84, 2.8230845771144275)"
07-12-2022 14:28:22.961658,"(16.0, 22.0, 21.285714285714285)","(4.2, 4.8, 4.672727272727273)","(101.0, 470.0, 450.0)","(8.5, 11.0, 10.6625)","(71.0, 140.0, 129.16666666666666)","(31.0, 65.0, 62.407407407407405)","(101.0, 260.0, 231.875)","(21.0, 34.0, 33.375)","(3.8, 4.4, 4.3858267716535435)","(2.6, 2.84, 2.8230845771144275)"
07-12-2022 14:28:24.285964,"(16.0, 22.0, 21.285714285714285)","(4.2, 4.8, 4.672727272727273)","(101.0, 470.0, 450.0)","(8.5, 11.0, 10.642384105960264)","(71.0, 140.0, 129.16666666666666)","(31.0, 65.0, 62.407407407407405)","(101.0, 260.0, 231.875)","(21.0, 34.0, 33.375)","(3.8, 4.4, 4.3858267716535435)","(2.6, 2.84, 2.8230845771144275)"
07-12-2022 14:28:25.533037,"(16.0, 22.0, 21.285714285714285)","(4.2, 4.8, 4.709871244635194)","(101.0, 470.0, 450.0)","(8.5, 11.0, 10.642384105960264)","(71.0, 140.0, 129.16666666666666)","(31.0, 65.0, 62.407407407407405)","(101.0, 260.0, 230.0)","(21.0, 34.0, 33.375)","(3.8, 4.4, 4.3858267716535435)","(2.6, 2.84, 2.82265306122449)"
07-12-2022 14:28:26.835614,"(16.0, 22.0, 21.285714285714285)","(4.2, 4.8, 4.701408450704226)","(101.0, 470.0, 450.0)","(8.5, 11.0, 10.642384105960264)","(71.0, 140.0, 129.16666666666666)","(31.0, 65.0, 62.407407407407405)","(101.0, 250.0, 230.0)","(21.0, 34.0, 33.375)","(3.8, 4.4, 4.3858267716535435)","(2.6, 2.84, 2.82265306122449)"
07-12-2022 14:28:28.439072,"(16.0, 22.0, 21.285714285714285)","(4.2, 4.8, 4.695238095238095)","(101.0, 470.0, 450.0)","(8.5, 11.0, 10.642384105960264)","(71.0, 140.0, 129.16666666666666)","(31.0, 65.0, 62.407407407407405)","(101.0, 250.0, 230.0)","(21.0, 34.0, 33.375)","(3.8, 4.4, 4.3858267716535435)","(2.6, 2.84, 2.82265306122449)"
07-12-2022 14:28:29.830359,"(16.0, 22.0, 21.285714285714285)","(4.2, 4.7, 4.695238095238095)","(101.0, 470.0, 450.0)","(8.5, 11.0, 10.642384105960264)","(71.0, 140.0, 129.16666666666666)","(31.0, 65.0, 62.407407407407405)","(101.0, 250.0, 230.0)","(21.0, 34.0, 33.375)","(3.8, 4.4, 4.3858267716535435)","(2.6, 2.84, 2.822608695652174)"
07-12-2022 14:28:31.729327,"(16.0, 22.0, 21.285714285714285)","(4.2, 4.7, 4.695238095238095)","(101.0, 470.0, 450.0)","(8.5, 11.0, 10.642384105960264)","(71.0, 140.0, 129.16666666666666)","(31.0, 65.0, 62.407407407407405)","(101.0, 250.0, 230.0)","(21.0, 34.0, 33.375)","(3.8, 4.4, 4.3858267716535435)","(2.6, 2.84, 2.822608695652174)"
07-12-2022 14:28:33.433846,"(16.0, 22.0, 21.285714285714285)","(4.2, 4.7, 4.695238095238095)","(101.0, 470.0, 450.0)","(8.5, 11.0, 10.642384105960264)","(71.0, 140.0, 129.16666666666666)","(31.0, 65.0, 62.407407407407405)","(101.0, 250.0, 226.47058823529412)","(21.0, 34.0, 33.375)","(3.8, 4.4, 4.3858267716535435)","(2.6, 2.84, 2.822608695652174)"
07-12-2022 14:28:34.660704,"(16.0, 22.0, 21.285714285714285)","(4.2, 4.7, 4.664516129032258)","(101.0, 470.0, 450.0)","(8.5, 11.0, 10.642384105960264)","(71.0, 140.0, 129.16666666666666)","(31.0, 65.0, 62.407407407407405)","(101.0, 250.0, 231.53846153846155)","(21.0, 34.0, 33.375)","(3.8, 4.4, 4.3858267716535435)","(2.6, 2.84, 2.8168707482993196)"
07-12-2022 14:28:36.127199,"(16.0, 22.0, 21.26829268292683)","(4.2, 4.8, 4.664516129032258)","(101.0, 470.0, 450.0)","(8.5, 11.0, 10.642384105960264)","(71.0, 140.0, 129.16666666666666)","(31.0, 65.0, 62.407407407407405)","(101.0, 250.0, 220.0)","(21.0, 34.0, 33.375)","(3.8, 4.4, 4.3858267716535435)","(2.6, 2.84, 2.8168707482993196)"
07-12-2022 14:28:37.530845,"(16.0, 22.0, 21.26829268292683)","(4.2, 4.8, 4.664516129032258)","(101.0, 470.0, 450.0)","(8.5, 11.0, 10.642384105960264)","(71.0, 140.0, 129.16666666666666)","(31.0, 65.0, 62.407407407407405)","(101.0, 250.0, 205.0)","(21.0, 34.0, 33.375)","(3.8, 4.4, 4.3858267716535435)","(2.6, 2.84, 2.8168707482993196)"
07-12-2022 14:28:38.789927,"(16.0, 22.0, 21.26829268292683)","(4.2, 4.8, 4.664516129032258)","(101.0, 470.0, 450.0)","(8.5, 11.0, 10.642384105960264)","(71.0, 140.0, 129.16666666666666)","(31.0, 65.0, 62.407407407407405)","(101.0, 210.0, 204.6153846153846)","(21.0, 34.0, 33.375)","(3.8, 4.4, 4.3858267716535435)","(2.6, 2.84, 2.8168707482993196)"
07-12-2022 14:28:40.170222,"(16.0, 22.0, 21.26829268292683)","(4.2, 4.8, 4.664516129032258)","(101.0, 470.0, 450.0)","(8.5, 11.0, 10.617021276595745)","(71.0, 140.0, 129.16666666666666)","(31.0, 65.0, 62.407407407407405)","(101.0, 210.0, 204.6153846153846)","(21.0, 34.0, 33.375)","(3.8, 4.4, 4.3858267716535435)","(2.6, 2.84, 2.8168707482993196)"
07-12-2022 14:28:41.535928,"(16.0, 22.0, 21.26829268292683)","(4.2, 4.8, 4.664516129032258)","(101.0, 470.0, 450.0)","(8.5, 11.0, 10.617021276595745)","(71.0, 140.0, 129.16666666666666)","(31.0, 65.0, 62.407407407407405)","(101.0, 210.0, 204.28571428571428)","(21.0, 34.0, 33.375)","(3.8, 4.4, 4.3858267716535435)","(2.6, 2.84, 2.8168707482993196)"
07-12-2022 14:28:42.821941,"(16.0, 21.0, 20.866666666666667)","(4.2, 4.8, 4.664516129032258)","(101.0, 470.0, 450.0)","(8.5, 11.0, 10.617021276595745)","(71.0, 140.0, 129.16666666666666)","(31.0, 65.0, 62.407407407407405)","(101.0, 210.0, 204.28571428571428)","(21.0, 34.0, 33.375)","(3.8, 4.4, 4.3858267716535435)","(2.6, 2.84, 2.8168707482993196)"
07-12-2022 14:28:44.147841,"(16.0, 21.0, 20.866666666666667)","(4.2, 4.8, 4.664516129032258)","(101.0, 470.0, 458.57142857142856)","(8.5, 11.0, 10.617021276595745)","(81.0, 140.0, 129.16666666666666)","(31.0, 65.0, 62.407407407407405)","(101.0, 210.0, 204.28571428571428)","(21.0, 34.0, 33.375)","(3.8, 4.4, 4.3858267716535435)","(2.6, 2.84, 2.8115481171548113)"
07-12-2022 14:28:45.418421,"(16.0, 21.0, 20.866666666666667)","(4.2, 4.8, 4.664516129032258)","(101.0, 480.0, 458.57142857142856)","(8.5, 11.0, 10.617021276595745)","(81.0, 140.0, 129.16666666666666)","(31.0, 65.0, 62.407407407407405)","(101.0, 210.0, 204.16666666666666)","(21.0, 34.0, 33.375)","(3.8, 4.4, 4.4246753246753245)","(2.6, 2.84, 2.811186440677966)"
07-12-2022 14:28:46.569430,"(16.0, 21.0, 20.866666666666667)","(4.2, 4.8, 4.662295081967213)","(101.0, 480.0, 458.57142857142856)","(8.5, 11.0, 10.617021276595745)","(81.0, 140.0, 129.16666666666666)","(31.0, 65.0, 62.407407407407405)","(101.0, 210.0, 203.33333333333334)","(21.0, 34.0, 33.375)","(3.8, 4.5, 4.4246753246753245)","(2.6, 2.84, 2.811186440677966)"
07-12-2022 14:28:47.804863,"(16.0, 21.0, 20.866666666666667)","(4.2, 4.8, 4.662295081967213)","(101.0, 480.0, 458.57142857142856)","(8.5, 11.0, 10.617021276595745)","(81.0, 140.0, 129.16666666666666)","(31.0, 65.0, 62.407407407407405)","(101.0, 210.0, 203.33333333333334)","(21.0, 34.0, 33.375)","(3.8, 4.5, 4.42516129032258)","(2.6, 2.84, 2.811186440677966)"
07-12-2022 14:28:49.174961,"(16.0, 21.0, 20.866666666666667)","(4.2, 4.8, 4.662295081967213)","(101.0, 480.0, 458.57142857142856)","(8.5, 11.0, 10.617021276595745)","(81.0, 140.0, 129.16666666666666)","(31.0, 65.0, 62.407407407407405)","(101.0, 210.0, 203.33333333333334)","(21.0, 34.0, 33.375)","(3.8, 4.5, 4.42516129032258)","(2.6, 2.84, 2.811186440677966)"
07-12-2022 14:28:50.577809,"(16.0, 21.0, 20.866666666666667)","(4.2, 4.8, 4.644210526315789)","(101.0, 480.0, 458.57142857142856)","(8.5, 11.0, 10.617021276595745)","(81.0, 140.0, 129.16666666666666)","(31.0, 65.0, 62.407407407407405)","(101.0, 210.0, 202.22222222222223)","(21.0, 34.0, 33.473684210526315)","(3.8, 4.5, 4.417142857142857)","(2.6, 2.84, 2.811186440677966)"
07-12-2022 14:28:52.000308,"(16.0, 21.0, 20.866666666666667)","(4.2, 4.8, 4.643598615916955)","(101.0, 480.0, 458.57142857142856)","(8.5, 11.0, 10.617021276595745)","(81.0, 140.0, 129.16666666666666)","(31.0, 65.0, 62.407407407407405)","(101.0, 210.0, 202.22222222222223)","(21.0, 34.0, 33.473684210526315)","(3.8, 4.5, 4.417142857142857)","(2.6, 2.84, 2.811186440677966)"
07-12-2022 14:28:53.323688,"(16.0, 21.0, 20.866666666666667)","(4.2, 4.8, 4.643598615916955)","(101.0, 480.0, 458.57142857142856)","(8.5, 11.0, 10.617021276595745)","(81.0, 140.0, 129.16666666666666)","(31.0, 65.0, 62.407407407407405)","(101.0, 210.0, 194.44444444444446)","(21.0, 34.0, 33.473684210526315)","(3.8, 4.5, 4.404132231404959)","(2.6, 2.84, 2.811186440677966)"
07-12-2022 14:28:54.682913,"(16.0, 22.0, 21.517241379310345)","(4.2, 4.8, 4.643598615916955)","(101.0, 480.0, 458.57142857142856)","(8.5, 11.0, 10.617021276595745)","(81.0, 140.0, 129.16666666666666)","(31.0, 65.0, 62.407407407407405)","(101.0, 210.0, 194.44444444444446)","(21.0, 34.0, 33.473684210526315)","(3.8, 4.5, 4.404132231404959)","(2.6, 2.84, 2.7885714285714283)"
07-12-2022 14:28:56.195762,"(16.0, 22.0, 21.517241379310345)","(4.2, 4.8, 4.643598615916955)","(101.0, 480.0, 458.57142857142856)","(8.5, 11.0, 10.602941176470589)","(81.0, 140.0, 129.16666666666666)","(31.0, 65.0, 62.083333333333336)","(101.0, 210.0, 194.44444444444446)","(21.0, 34.0, 33.473684210526315)","(3.8, 4.5, 4.404132231404959)","(2.6, 2.84, 2.7885714285714283)"
07-12-2022 14:28:57.428680,"(16.0, 22.0, 21.517241379310345)","(4.2, 4.8, 4.643598615916955)","(101.0, 480.0, 458.57142857142856)","(8.5, 11.0, 10.670731707317072)","(81.0, 140.0, 130.0)","(31.0, 65.0, 62.58620689655172)","(101.0, 210.0, 192.5)","(21.0, 34.0, 33.6551724137931)","(3.8, 4.5, 4.4536)","(2.6, 2.84, 2.8238461538461537)"
07-12-2022 14:28:58.639206,"(16.0, 22.0, 21.73076923076923)","(4.2, 4.8, 4.6686046511627906)","(101.0, 480.0, 461.25)","(8.5, 11.0, 10.670731707317072)","(81.0, 140.0, 130.0)","(31.0, 65.0, 62.58620689655172)","(101.0, 210.0, 195.0)","(21.0, 34.0, 33.6551724137931)","(3.8, 4.5, 4.4536)","(2.6, 2.84, 2.8242105263157895)"
07-12-2022 14:28:59.873411,"(16.0, 22.0, 21.73076923076923)","(4.2, 4.8, 4.6686046511627906)","(101.0, 480.0, 461.25)","(8.5, 11.0, 10.670731707317072)","(81.0, 140.0, 130.0)","(31.0, 65.0, 62.083333333333336)","(101.0, 210.0, 194.0)","(21.0, 34.0, 33.6551724137931)","(3.8, 4.5, 4.4536)","(2.6, 2.84, 2.8242105263157895)"
07-12-2022 14:29:01.140800,"(16.0, 22.0, 21.73076923076923)","(4.2, 4.8, 4.6686046511627906)","(101.0, 480.0, 461.25)","(8.5, 11.0, 10.670731707317072)","(81.0, 140.0, 130.0)","(31.0, 65.0, 61.07142857142857)","(101.0, 210.0, 194.0)","(21.0, 34.0, 33.6551724137931)","(3.8, 4.5, 4.4536)","(2.6, 2.84, 2.8273239436619715)"
07-12-2022 14:29:02.492182,"(16.0, 22.0, 21.73076923076923)","(4.2, 4.8, 4.6686046511627906)","(101.0, 480.0, 461.25)","(8.5, 11.0, 10.670731707317072)","(81.0, 140.0, 128.8235294117647)","(31.0, 65.0, 61.07142857142857)","(101.0, 210.0, 194.0)","(21.0, 34.0, 33.6551724137931)","(3.8, 4.5, 4.4536)","(2.6, 2.84, 2.8273239436619715)"
07-12-2022 14:29:03.866630,"(16.0, 22.0, 21.73076923076923)","(4.2, 4.8, 4.6686046511627906)","(101.0, 480.0, 461.25)","(8.5, 11.0, 10.66184971098266)","(81.0, 130.0, 128.8235294117647)","(31.0, 65.0, 61.07142857142857)","(101.0, 210.0, 194.0)","(21.0, 34.0, 33.6)","(3.8, 4.5, 4.4558333333333335)","(2.6, 2.84, 2.881707317073171)"
07-12-2022 14:29:05.264243,"(16.0, 22.0, 21.73076923076923)","(4.2, 4.8, 4.6686046511627906)","(101.0, 480.0, 461.25)","(8.5, 11.0, 10.66184971098266)","(81.0, 130.0, 128.8235294117647)","(31.0, 65.0, 61.07142857142857)","(101.0, 210.0, 194.0)","(21.0, 34.0, 33.6)","(3.8, 4.5, 4.4558333333333335)","(2.6, 2.9, 2.8764161849710983)"
07-12-2022 14:29:06.630631,"(16.0, 22.0, 21.73076923076923)","(4.2, 4.8, 4.6686046511627906)","(101.0, 480.0, 461.25)","(8.5, 11.0, 10.617647058823529)","(81.0, 130.0, 128.8235294117647)","(31.0, 65.0, 61.07142857142857)","(101.0, 210.0, 195.0)","(21.0, 34.0, 33.6)","(3.8, 4.5, 4.4558333333333335)","(2.6, 2.9, 2.8764161849710983)"
07-12-2022 14:29:08.224552,"(16.0, 22.0, 21.73076923076923)","(4.2, 4.8, 4.6686046511627906)","(101.0, 480.0, 461.25)","(8.5, 11.0, 10.617647058823529)","(81.0, 130.0, 128.8235294117647)","(31.0, 65.0, 61.07142857142857)","(101.0, 210.0, 195.0)","(21.0, 34.0, 33.6)","(3.8, 4.5, 4.4558333333333335)","(2.5, 2.9, 2.8764161849710983)"
07-12-2022 14:29:09.701183,"(16.0, 22.0, 21.73076923076923)","(4.2, 4.8, 4.6686046511627906)","(101.0, 480.0, 461.25)","(8.5, 11.0, 10.617647058823529)","(81.0, 130.0, 128.8235294117647)","(31.0, 65.0, 61.07142857142857)","(101.0, 210.0, 195.0)","(21.0, 34.0, 33.6)","(3.8, 4.5, 4.4558333333333335)","(2.5, 2.9, 2.8764161849710983)"
07-12-2022 14:29:11.156237,"(16.0, 22.0, 21.73076923076923)","(4.2, 4.8, 4.6686046511627906)","(101.0, 480.0, 461.25)","(8.5, 11.0, 10.617647058823529)","(81.0, 130.0, 128.8235294117647)","(31.0, 65.0, 61.07142857142857)","(101.0, 210.0, 195.0)","(21.0, 34.0, 33.6)","(3.8, 4.5, 4.4558333333333335)","(2.5, 2.9, 2.8764161849710983)"
07-12-2022 14:29:12.550514,"(16.0, 22.0, 21.73076923076923)","(4.2, 4.8, 4.6686046511627906)","(101.0, 480.0, 461.25)","(8.5, 11.0, 10.617647058823529)","(81.0, 130.0, 128.8235294117647)","(31.0, 65.0, 61.07142857142857)","(101.0, 210.0, 195.0)","(21.0, 34.0, 33.6)","(3.8, 4.5, 4.4558333333333335)","(2.5, 2.9, 2.8764161849710983)"
07-12-2022 14:29:13.970727,"(16.0, 22.0, 21.73076923076923)","(4.2, 4.8, 4.6686046511627906)","(101.0, 480.0, 461.25)","(8.5, 11.0, 10.62)","(81.0, 130.0, 128.8235294117647)","(31.0, 65.0, 61.07142857142857)","(101.0, 210.0, 195.0)","(21.0, 34.0, 33.6)","(3.8, 4.5, 4.4558333333333335)","(2.5, 2.9, 2.8758579881656803)"
07-12-2022 14:29:15.499472,"(16.0, 22.0, 21.82608695652174)","(4.2, 4.8, 4.757627118644067)","(101.0, 480.0, 470.0)","(8.5, 11.0, 10.953781512605042)","(81.0, 130.0, 128.8235294117647)","(31.0, 65.0, 61.07142857142857)","(101.0, 210.0, 290.0)","(21.0, 34.0, 33.6)","(3.8, 4.5, 4.506914893617021)","(2.5, 2.9, 2.902727272727273)"
07-12-2022 14:29:16.841763,"(16.0, 25.0, 22.68888888888889)","(4.2, 4.8, 4.757627118644067)","(101.0, 490.0, 470.0)","(8.5, 12.0, 12.545454545454545)","(81.0, 130.0, 298.18181818181813)","(31.0, 65.0, 68.5)","(101.0, 390.0, 275.0)","(21.0, 34.0, 29.333333333333332)","(3.8, 4.7, 4.99)","(2.5, 2.92, 3.003398058252427)"
07-12-2022 14:29:18.143176,"(16.0, 36.0, 35.13978494623656)","(4.2, 5.3, 4.765116279069767)","(101.0, 770.0, 736.5)","(8.5, 13.0, 10.415384615384616)","(81.0, 320.0, 298.18181818181813)","(31.0, 95.0, 68.5)","(101.0, 400.0, 275.0)","(21.0, 38.0, 29.333333333333332)","(3.8, 5.3, 4.65)","(2.5, 3.35, 3.2624999999999997)"
07-12-2022 14:29:19.384162,"(16.0, 30.0, 25.666666666666664)","(4.2, 5.3, 4.765116279069767)","(101.0, 770.0, 717.5)","(8.5, 13.0, 10.415384615384616)","(81.0, 160.0, 165.71428571428572)","(31.0, 55.0, 44.166666666666664)","(101.0, 400.0, 275.0)","(21.0, 38.0, 29.333333333333332)","(3.8, 5.3, 4.65)","(2.5, 3.3, 3.298040201005025)"
07-12-2022 14:29:20.610890,"(16.0, 32.0, 31.876404494382022)","(4.2, 5.3, 4.765116279069767)","(101.0, 770.0, 717.5)","(8.5, 13.0, 10.415384615384616)","(81.0, 170.0, 165.71428571428572)","(31.0, 55.0, 44.166666666666664)","(101.0, 400.0, 320.0)","(21.0, 38.0, 29.333333333333332)","(3.8, 5.3, 4.65)","(2.5, 3.3, 2.682424735557364)"
07-12-2022 14:29:22.179939,"(16.0, 32.0, 31.876404494382022)","(4.2, 5.3, 4.765116279069767)","(101.0, 770.0, 717.5)","(8.5, 13.0, 10.415384615384616)","(81.0, 170.0, 165.71428571428572)","(31.0, 55.0, 44.166666666666664)","(101.0, 400.0, 320.0)","(21.0, 38.0, 27.6)","(3.8, 5.3, 5.259375)","(2.5, 2.7, 2.682424735557364)"
07-12-2022 14:29:23.607035,"(16.0, 32.0, 31.876404494382022)","(4.2, 5.3, 4.765116279069767)","(101.0, 770.0, 717.5)","(8.5, 13.0, 10.415384615384616)","(81.0, 170.0, 165.71428571428572)","(31.0, 55.0, 44.166666666666664)","(101.0, 400.0, 390.0)","(21.0, 38.0, 27.6)","(3.8, 5.3, 5.259375)","(2.5, 2.7, 2.541322314049587)"
07-12-2022 14:29:24.964743,"(16.0, 24.0, 23.838709677419356)","(4.2, 5.3, 4.765116279069767)","(101.0, 770.0, 717.5)","(8.5, 11.0, 9.9)","(81.0, 170.0, 165.71428571428572)","(31.0, 55.0, 44.166666666666664)","(101.0, 400.0, 390.0)","(21.0, 38.0, 27.6)","(3.8, 5.3, 5.259375)","(2.5, 2.7, 2.6252173913043477)"
07-12-2022 14:29:26.487372,"(16.0, 24.0, 23.838709677419356)","(4.2, 5.3, 4.872093023255814)","(101.0, 770.0, 563.3333333333333)","(8.5, 11.0, 9.9)","(81.0, 170.0, 165.71428571428572)","(31.0, 55.0, 48.5)","(101.0, 400.0, 320.0)","(21.0, 38.0, 27.6)","(3.8, 5.3, 5.259375)","(2.5, 2.68, 3.0458064516129033)"
