,Mary Austin Nz,Plains In Heaven,Emer,Direct Command Nz,Carramar Solomona,Machane Said,Puzzle Piece
07-12-2022 18:37:41.059195,"(41.0, 99999, 99990)","(21.0, 40.0, 25.428571428571427)","(4.2, 5.7, 5.55)","(10.0, 99999, 99990)","(2.6, 3.55, 3.3833333333333333)","(3.5, 4.2, 3.925)","(4.8, 7.2, 6.779999999999999)"
07-12-2022 18:37:42.068081,"(41.0, 99999, 99990)","(21.0, 40.0, 25.428571428571427)","(4.2, 5.7, 5.55)","(10.0, 99999, 99990)","(2.6, 3.55, 3.3833333333333333)","(3.5, 4.2, 3.925)","(4.8, 7.2, 6.779999999999999)"
07-12-2022 18:37:43.124704,"(41.0, 99999, 99990)","(21.0, 40.0, 25.428571428571427)","(4.2, 5.7, 5.55)","(10.0, 99999, 99990)","(2.6, 3.55, 3.3833333333333333)","(3.5, 4.1, 4.0249999999999995)","(4.8, 7.2, 6.779999999999999)"
07-12-2022 18:37:44.078180,"(41.0, 99999, 99990)","(21.0, 40.0, 25.428571428571427)","(4.2, 5.7, 5.55)","(10.0, 99999, 99990)","(2.6, 3.55, 3.3833333333333333)","(3.5, 4.1, 4.0249999999999995)","(4.8, 7.2, 6.779999999999999)"
07-12-2022 18:37:45.149897,"(41.0, 99999, 99990)","(21.0, 40.0, 25.428571428571427)","(4.2, 5.7, 5.55)","(10.0, 99999, 99990)","(2.6, 3.55, 3.3833333333333333)","(3.5, 4.1, 4.0249999999999995)","(4.8, 7.2, 6.779999999999999)"
07-12-2022 18:37:46.304832,"(41.0, 99999, 99990)","(21.0, 40.0, 25.428571428571427)","(4.2, 5.7, 5.55)","(10.0, 99999, 99990)","(2.6, 3.55, 3.3833333333333333)","(3.5, 4.1, 4.0249999999999995)","(4.8, 7.2, 6.779999999999999)"
07-12-2022 18:37:47.307927,"(41.0, 99999, 99990)","(21.0, 40.0, 25.428571428571427)","(4.2, 5.7, 5.55)","(10.0, 99999, 99990)","(2.6, 3.55, 3.3833333333333333)","(3.5, 4.1, 4.0249999999999995)","(4.8, 7.2, 6.779999999999999)"
07-12-2022 18:37:48.220085,"(41.0, 99999, 99990)","(21.0, 38.0, 30.5)","(4.2, 5.7, 5.55)","(10.0, 99999, 99990)","(2.6, 3.55, 3.3833333333333333)","(3.5, 4.1, 4.0249999999999995)","(4.8, 7.2, 6.779999999999999)"
07-12-2022 18:37:49.215111,"(41.0, 99999, 99990)","(21.0, 38.0, 30.5)","(4.2, 5.7, 5.55)","(10.0, 99999, 99990)","(2.6, 3.55, 3.3833333333333333)","(3.5, 4.1, 4.0249999999999995)","(4.8, 7.2, 6.779999999999999)"
07-12-2022 18:37:50.177126,"(41.0, 99999, 99990)","(21.0, 38.0, 30.5)","(4.2, 5.7, 5.55)","(10.0, 99999, 99990)","(2.6, 3.55, 3.3833333333333333)","(3.5, 4.1, 4.0249999999999995)","(4.8, 7.2, 6.779999999999999)"
07-12-2022 18:37:51.256537,"(41.0, 99999, 99990)","(21.0, 38.0, 30.5)","(4.2, 5.7, 5.55)","(10.0, 99999, 99990)","(2.6, 3.55, 3.3833333333333333)","(3.5, 4.1, 4.0249999999999995)","(4.8, 7.2, 6.779999999999999)"
07-12-2022 18:37:52.227493,"(41.0, 99999, 99990)","(21.0, 38.0, 30.5)","(4.2, 5.7, 5.55)","(10.0, 99999, 99990)","(2.6, 3.55, 3.3833333333333333)","(3.5, 4.1, 4.0249999999999995)","(4.8, 7.2, 6.779999999999999)"
07-12-2022 18:37:53.327193,"(41.0, 99999, 99990)","(21.0, 38.0, 30.5)","(4.2, 5.7, 5.55)","(10.0, 99999, 99990)","(2.6, 3.55, 3.3833333333333333)","(3.5, 4.1, 4.0249999999999995)","(4.8, 7.2, 6.779999999999999)"
07-12-2022 18:37:54.294747,"(41.0, 99999, 99990)","(21.0, 38.0, 30.5)","(4.2, 5.7, 5.55)","(10.0, 99999, 99990)","(2.6, 3.55, 3.3833333333333333)","(3.5, 4.1, 4.0249999999999995)","(4.8, 7.2, 6.779999999999999)"
07-12-2022 18:37:55.203339,"(41.0, 99999, 99990)","(21.0, 38.0, 28.0)","(4.2, 5.7, 5.55)","(10.0, 99999, 99990)","(2.6, 3.55, 3.3833333333333333)","(3.5, 3.85, 3.68030303030303)","(4.8, 7.2, 6.779999999999999)"
07-12-2022 18:37:56.294222,"(41.0, 99999, 99990)","(21.0, 38.0, 28.0)","(4.2, 5.7, 5.55)","(10.0, 99999, 99990)","(2.6, 3.55, 3.3833333333333333)","(3.5, 3.85, 3.6568965517241376)","(4.8, 7.2, 6.779999999999999)"
07-12-2022 18:37:57.347866,"(41.0, 99999, 99990)","(21.0, 38.0, 32.4)","(4.2, 5.7, 5.55)","(10.0, 99999, 99990)","(2.6, 3.55, 3.3833333333333333)","(3.5, 3.85, 3.6568965517241376)","(4.8, 7.2, 6.779999999999999)"
07-12-2022 18:37:58.293501,"(41.0, 99999, 99990)","(21.0, 38.0, 32.8)","(4.2, 5.7, 5.55)","(10.0, 99999, 99990)","(2.6, 3.55, 3.3833333333333333)","(3.5, 3.85, 3.6568965517241376)","(4.8, 7.2, 6.779999999999999)"
07-12-2022 18:37:59.351502,"(41.0, 99999, 99990)","(21.0, 38.0, 28.0)","(4.2, 5.7, 5.55)","(10.0, 99999, 99990)","(2.6, 3.55, 3.3833333333333333)","(3.5, 3.8, 3.675)","(4.8, 7.2, 6.779999999999999)"
07-12-2022 18:38:00.342703,"(41.0, 99999, 99990)","(21.0, 38.0, 30.0)","(4.2, 5.7, 5.55)","(10.0, 99999, 99990)","(2.6, 3.55, 3.3833333333333333)","(3.5, 3.8, 3.675)","(4.8, 7.2, 6.779999999999999)"
07-12-2022 18:38:01.342957,"(41.0, 99999, 99990)","(21.0, 38.0, 31.0)","(4.2, 5.7, 5.55)","(10.0, 99999, 99990)","(2.6, 3.55, 3.3833333333333333)","(3.5, 3.8, 3.675)","(4.8, 7.2, 6.779999999999999)"
07-12-2022 18:38:02.291726,"(41.0, 99999, 99990)","(21.0, 38.0, 29.333333333333332)","(4.2, 5.7, 5.55)","(10.0, 99999, 99990)","(2.6, 3.55, 3.3833333333333333)","(3.5, 3.85, 3.6566666666666667)","(4.8, 7.2, 6.779999999999999)"
07-12-2022 18:38:03.542524,"(41.0, 99999, 99990)","(21.0, 38.0, 32.0)","(4.2, 5.7, 5.55)","(10.0, 99999, 99990)","(2.6, 3.55, 3.3833333333333333)","(3.5, 3.85, 3.6333333333333333)","(4.8, 7.2, 6.92)"
07-12-2022 18:38:04.555431,"(41.0, 99999, 99990)","(21.0, 38.0, 32.46153846153846)","(4.2, 5.7, 5.5200000000000005)","(10.0, 99999, 99990)","(2.6, 3.55, 3.4115384615384614)","(3.5, 3.8, 3.6333333333333333)","(4.8, 7.2, 6.92)"
07-12-2022 18:38:05.502885,"(41.0, 99999, 99990)","(21.0, 38.0, 30.666666666666668)","(4.2, 5.7, 5.5875)","(10.0, 99999, 99990)","(2.6, 3.7, 3.507142857142857)","(3.5, 3.8, 3.7268292682926827)","(4.8, 7.2, 6.92)"
07-12-2022 18:38:06.445333,"(41.0, 99999, 99990)","(21.0, 38.0, 30.666666666666668)","(4.2, 5.7, 5.5875)","(10.0, 99999, 99990)","(2.6, 3.65, 3.55625)","(3.5, 3.8, 3.65)","(4.8, 7.2, 6.92)"
07-12-2022 18:38:07.348906,"(41.0, 99999, 99990)","(21.0, 38.0, 30.666666666666668)","(4.2, 5.7, 5.5875)","(10.0, 99999, 99990)","(2.6, 3.65, 3.55625)","(3.5, 3.8, 3.65)","(4.8, 7.2, 6.92)"
07-12-2022 18:38:08.246555,"(41.0, 99999, 99990)","(21.0, 38.0, 30.666666666666668)","(4.2, 5.7, 5.5875)","(10.0, 99999, 99990)","(2.6, 3.65, 3.55625)","(3.5, 3.8, 3.65)","(4.8, 7.2, 6.92)"
07-12-2022 18:38:09.322640,"(41.0, 99999, 99990)","(21.0, 38.0, 30.666666666666668)","(4.2, 5.7, 5.5875)","(10.0, 99999, 99990)","(2.6, 3.65, 3.55625)","(3.5, 3.75, 3.611111111111111)","(4.8, 7.2, 6.92)"
07-12-2022 18:38:10.275136,"(41.0, 99999, 99990)","(21.0, 38.0, 30.666666666666668)","(4.2, 5.7, 5.5875)","(10.0, 99999, 99990)","(2.6, 3.65, 3.55625)","(3.5, 3.75, 3.576923076923077)","(4.8, 7.2, 6.92)"
07-12-2022 18:38:11.343225,"(41.0, 99999, 99990)","(21.0, 38.0, 30.666666666666668)","(4.2, 5.7, 5.5875)","(10.0, 99999, 99990)","(2.6, 3.65, 3.55625)","(3.5, 3.75, 3.5555555555555554)","(4.8, 7.2, 6.92)"
07-12-2022 18:38:12.413497,"(41.0, 99999, 99990)","(21.0, 38.0, 31.333333333333332)","(4.2, 5.7, 5.5875)","(10.0, 99999, 99990)","(2.6, 3.65, 3.55625)","(3.5, 3.75, 3.518181818181818)","(4.8, 7.2, 6.92)"
07-12-2022 18:38:13.396094,"(41.0, 99999, 99990)","(21.0, 38.0, 31.333333333333332)","(4.2, 5.7, 5.5875)","(10.0, 99999, 99990)","(2.6, 3.65, 3.55625)","(3.5, 3.65, 3.408333333333333)","(4.8, 7.2, 6.92)"
07-12-2022 18:38:14.334711,"(41.0, 99999, 99990)","(21.0, 38.0, 30.2)","(4.2, 5.7, 5.5875)","(10.0, 99999, 99990)","(2.6, 3.65, 3.55625)","(3.5, 3.65, 3.43030303030303)","(4.8, 7.2, 6.92)"
07-12-2022 18:38:15.289548,"(41.0, 99999, 99990)","(21.0, 38.0, 30.2)","(4.2, 5.7, 5.5875)","(10.0, 99999, 99990)","(2.6, 3.65, 3.55625)","(3.5, 3.65, 3.43030303030303)","(4.8, 7.2, 6.92)"
07-12-2022 18:38:16.259693,"(41.0, 99999, 99990)","(21.0, 38.0, 30.2)","(4.2, 5.7, 5.5875)","(10.0, 99999, 99990)","(2.6, 3.65, 3.55625)","(3.5, 3.65, 3.43030303030303)","(4.8, 7.2, 6.92)"
07-12-2022 18:38:17.246806,"(41.0, 99999, 99990)","(21.0, 38.0, 30.8)","(4.2, 5.7, 5.5875)","(10.0, 99999, 99990)","(2.6, 3.65, 3.55625)","(3.5, 3.65, 3.43030303030303)","(4.8, 7.2, 6.92)"
07-12-2022 18:38:18.190351,"(41.0, 99999, 99990)","(21.0, 38.0, 30.8)","(4.2, 5.7, 5.5875)","(10.0, 99999, 99990)","(2.6, 3.65, 3.55625)","(3.5, 3.65, 3.43030303030303)","(4.8, 7.2, 6.92)"
07-12-2022 18:38:19.125562,"(41.0, 99999, 99990)","(21.0, 38.0, 30.8)","(4.2, 5.7, 5.5875)","(10.0, 99999, 99990)","(2.6, 3.65, 3.55625)","(3.5, 3.65, 3.43030303030303)","(4.8, 7.2, 6.92)"
07-12-2022 18:38:20.113306,"(41.0, 99999, 99990)","(21.0, 38.0, 30.8)","(4.2, 5.7, 5.5875)","(10.0, 99999, 99990)","(2.6, 3.65, 3.55625)","(3.5, 3.65, 3.43030303030303)","(4.8, 7.2, 6.92)"
07-12-2022 18:38:21.202893,"(41.0, 99999, 99990)","(21.0, 38.0, 32.46153846153846)","(4.2, 5.7, 5.5875)","(10.0, 99999, 99990)","(2.6, 3.65, 3.55625)","(3.5, 3.65, 3.43030303030303)","(4.8, 7.2, 6.92)"
07-12-2022 18:38:22.219094,"(41.0, 99999, 99990)","(21.0, 38.0, 30.666666666666668)","(4.2, 5.7, 5.5875)","(10.0, 99999, 99990)","(2.6, 3.65, 3.6344827586206896)","(3.5, 3.65, 3.4234375)","(4.8, 7.2, 6.92)"
07-12-2022 18:38:23.214203,"(41.0, 99999, 99990)","(21.0, 38.0, 30.666666666666668)","(4.2, 5.7, 5.5875)","(10.0, 99999, 99990)","(2.6, 3.65, 3.6344827586206896)","(3.5, 3.65, 3.427027027027027)","(4.8, 7.2, 6.92)"
07-12-2022 18:38:24.177939,"(41.0, 99999, 99990)","(21.0, 38.0, 30.666666666666668)","(4.2, 5.7, 5.5875)","(10.0, 99999, 99990)","(2.6, 3.65, 3.55625)","(3.5, 3.65, 3.3824324324324326)","(4.8, 7.2, 6.92)"
07-12-2022 18:38:25.115070,"(41.0, 99999, 99990)","(21.0, 38.0, 31.333333333333332)","(4.2, 5.7, 5.5875)","(10.0, 99999, 99990)","(2.6, 3.65, 3.55625)","(3.5, 3.65, 3.3824324324324326)","(4.8, 7.2, 6.92)"
07-12-2022 18:38:26.023652,"(41.0, 99999, 99990)","(21.0, 38.0, 31.333333333333332)","(4.2, 5.7, 5.5875)","(10.0, 99999, 99990)","(2.6, 3.65, 3.55625)","(3.5, 3.65, 3.3824324324324326)","(4.8, 7.2, 6.92)"
07-12-2022 18:38:27.058214,"(41.0, 99999, 99990)","(21.0, 38.0, 31.333333333333332)","(4.2, 5.7, 5.5875)","(10.0, 99999, 99990)","(2.6, 3.65, 3.55625)","(3.5, 3.65, 3.3824324324324326)","(4.8, 7.2, 6.92)"
07-12-2022 18:38:28.096133,"(41.0, 99999, 99990)","(21.0, 38.0, 31.333333333333332)","(4.2, 5.7, 5.5875)","(10.0, 99999, 99990)","(2.6, 3.65, 3.55625)","(3.5, 3.65, 3.3824324324324326)","(4.8, 7.2, 6.92)"
07-12-2022 18:38:29.006320,"(41.0, 99999, 99990)","(21.0, 38.0, 31.333333333333332)","(4.2, 5.7, 5.5875)","(10.0, 99999, 99990)","(2.6, 3.65, 3.55625)","(3.5, 3.65, 3.3824324324324326)","(4.8, 7.2, 6.92)"
07-12-2022 18:38:29.968551,"(41.0, 99999, 99990)","(21.0, 38.0, 31.333333333333332)","(4.2, 5.7, 5.5875)","(10.0, 99999, 99990)","(2.6, 3.65, 3.55625)","(3.5, 3.65, 3.3824324324324326)","(4.8, 7.2, 6.92)"
07-12-2022 18:38:30.925744,"(41.0, 99999, 99990)","(21.0, 38.0, 31.333333333333332)","(4.2, 5.7, 5.5875)","(10.0, 99999, 99990)","(2.6, 3.65, 3.55625)","(3.5, 3.65, 3.3824324324324326)","(4.8, 7.2, 6.92)"
07-12-2022 18:38:31.831023,"(41.0, 99999, 99990)","(21.0, 38.0, 31.333333333333332)","(4.2, 5.7, 5.5875)","(10.0, 99999, 99990)","(2.6, 3.65, 3.55625)","(3.5, 3.65, 3.3824324324324326)","(4.8, 7.2, 6.92)"
07-12-2022 18:38:32.802288,"(41.0, 99999, 99990)","(21.0, 38.0, 31.333333333333332)","(4.2, 5.7, 5.5875)","(10.0, 99999, 99990)","(2.6, 3.65, 3.55625)","(3.5, 3.65, 3.3824324324324326)","(4.8, 7.2, 6.92)"
07-12-2022 18:38:33.743400,"(41.0, 99999, 99990)","(21.0, 38.0, 31.333333333333332)","(4.2, 5.7, 5.5875)","(10.0, 99999, 99990)","(2.6, 3.65, 3.55625)","(3.4, 3.65, 3.3824324324324326)","(5.0, 7.2, 6.92)"
07-12-2022 18:38:34.724227,"(41.0, 99999, 99990)","(21.0, 38.0, 31.333333333333332)","(4.2, 5.7, 5.5875)","(10.0, 99999, 99990)","(2.6, 3.65, 3.55625)","(3.4, 3.65, 3.3824324324324326)","(5.0, 7.2, 6.92)"
07-12-2022 18:38:35.634916,"(41.0, 99999, 99990)","(21.0, 38.0, 31.333333333333332)","(4.2, 5.7, 5.5875)","(10.0, 99999, 99990)","(2.6, 3.65, 3.55625)","(3.4, 3.65, 3.3824324324324326)","(5.0, 7.2, 6.92)"
07-12-2022 18:38:36.566626,"(41.0, 99999, 99990)","(21.0, 38.0, 31.333333333333332)","(4.2, 5.7, 5.5875)","(10.0, 99999, 99990)","(2.6, 3.65, 3.55625)","(3.4, 3.65, 3.3824324324324326)","(5.0, 7.2, 6.92)"
07-12-2022 18:38:37.503317,"(41.0, 99999, 99990)","(21.0, 38.0, 31.333333333333332)","(4.2, 5.7, 5.5875)","(10.0, 99999, 99990)","(2.6, 3.65, 3.55625)","(3.4, 3.65, 3.3824324324324326)","(5.0, 7.2, 6.92)"
07-12-2022 18:38:38.429110,"(41.0, 99999, 99990)","(21.0, 38.0, 31.333333333333332)","(4.2, 5.7, 5.5875)","(10.0, 99999, 99990)","(2.6, 3.65, 3.55625)","(3.4, 3.65, 3.3824324324324326)","(5.0, 7.2, 6.92)"
07-12-2022 18:38:39.385862,"(41.0, 99999, 99990)","(21.0, 38.0, 32.285714285714285)","(4.2, 5.7, 5.5875)","(10.0, 99999, 99990)","(2.6, 3.65, 3.6344827586206896)","(3.4, 3.5, 3.36875)","(5.0, 7.2, 6.92)"
07-12-2022 18:38:40.433114,"(41.0, 99999, 99990)","(21.0, 38.0, 33.0)","(4.2, 6.4, 6.352631578947369)","(10.0, 99999, 99990)","(2.6, 3.5, 3.3636363636363633)","(3.4, 3.5, 3.366071428571429)","(5.0, 7.8, 7.657142857142857)"
07-12-2022 18:38:41.436157,"(41.0, 99999, 99990)","(21.0, 38.0, 33.0)","(4.2, 6.4, 6.37741935483871)","(10.0, 99999, 99990)","(2.6, 3.5, 3.3636363636363633)","(3.4, 3.5, 3.3640625)","(5.0, 7.8, 7.657142857142857)"
07-12-2022 18:38:42.495050,"(41.0, 99999, 99990)","(21.0, 38.0, 33.0)","(4.2, 6.4, 6.3533333333333335)","(10.0, 99999, 99990)","(2.6, 3.5, 3.3636363636363633)","(3.4, 3.5, 3.3640625)","(5.0, 7.8, 7.657142857142857)"
07-12-2022 18:38:43.506766,"(41.0, 99999, 99990)","(21.0, 38.0, 33.0)","(4.2, 6.4, 6.3533333333333335)","(10.0, 99999, 99990)","(2.6, 3.5, 3.3636363636363633)","(3.4, 3.5, 3.3640625)","(5.0, 7.8, 7.657142857142857)"
07-12-2022 18:38:44.473833,"(41.0, 99999, 99990)","(21.0, 38.0, 33.0)","(4.2, 6.4, 6.3533333333333335)","(10.0, 99999, 99990)","(2.6, 3.5, 3.3636363636363633)","(3.4, 3.5, 3.3640625)","(5.0, 7.8, 7.657142857142857)"
07-12-2022 18:38:45.426941,"(41.0, 99999, 99990)","(21.0, 38.0, 33.0)","(4.2, 6.4, 6.3533333333333335)","(10.0, 99999, 99990)","(2.6, 3.5, 3.3636363636363633)","(3.4, 3.5, 3.3640625)","(5.0, 7.8, 7.657142857142857)"
07-12-2022 18:38:46.358751,"(41.0, 99999, 99990)","(21.0, 38.0, 33.0)","(4.2, 6.4, 6.3533333333333335)","(10.0, 99999, 99990)","(2.6, 3.5, 3.3636363636363633)","(3.4, 3.5, 3.3640625)","(5.0, 7.8, 7.657142857142857)"
07-12-2022 18:38:47.414868,"(41.0, 99999, 99990)","(21.0, 38.0, 33.0)","(4.2, 6.4, 6.3533333333333335)","(10.0, 99999, 99990)","(2.6, 3.5, 3.3636363636363633)","(3.4, 3.5, 3.3640625)","(5.0, 7.8, 7.657142857142857)"
07-12-2022 18:38:48.365482,"(41.0, 99999, 99990)","(21.0, 38.0, 33.0)","(4.2, 6.4, 6.3533333333333335)","(10.0, 99999, 99990)","(2.6, 3.5, 3.3636363636363633)","(3.4, 3.5, 3.3640625)","(5.0, 7.8, 7.657142857142857)"
07-12-2022 18:38:49.371739,"(41.0, 99999, 99990)","(21.0, 38.0, 33.0)","(4.2, 6.4, 6.3533333333333335)","(10.0, 99999, 99990)","(2.6, 3.5, 3.3636363636363633)","(3.4, 3.5, 3.3640625)","(5.0, 7.8, 7.657142857142857)"
07-12-2022 18:38:50.322263,"(41.0, 99999, 99990)","(21.0, 38.0, 33.0)","(4.2, 6.4, 6.3533333333333335)","(10.0, 99999, 99990)","(2.6, 3.5, 3.3636363636363633)","(3.4, 3.5, 3.3640625)","(5.0, 7.8, 7.657142857142857)"
07-12-2022 18:38:51.288854,"(41.0, 99999, 99990)","(21.0, 38.0, 33.0)","(4.2, 6.4, 6.3533333333333335)","(10.0, 99999, 99990)","(2.6, 3.5, 3.3636363636363633)","(3.4, 3.5, 3.3640625)","(5.0, 7.8, 7.657142857142857)"
07-12-2022 18:38:52.229852,"(41.0, 99999, 99990)","(21.0, 38.0, 33.0)","(4.2, 6.4, 6.3533333333333335)","(10.0, 99999, 99990)","(2.6, 3.5, 3.3636363636363633)","(3.4, 3.5, 3.3640625)","(5.0, 7.8, 7.657142857142857)"
07-12-2022 18:38:53.179499,"(41.0, 99999, 99990)","(21.0, 38.0, 33.0)","(4.2, 6.4, 6.3533333333333335)","(10.0, 99999, 99990)","(2.6, 3.5, 3.3636363636363633)","(3.4, 3.5, 3.425)","(5.0, 7.8, 7.657142857142857)"
07-12-2022 18:38:54.185256,"(41.0, 99999, 99990)","(21.0, 38.0, 33.0)","(4.2, 6.4, 6.3533333333333335)","(10.0, 99999, 99990)","(2.6, 3.5, 3.3636363636363633)","(3.4, 3.75, 3.59)","(5.0, 7.8, 7.657142857142857)"
07-12-2022 18:38:55.227970,"(41.0, 99999, 99990)","(21.0, 38.0, 33.0)","(4.2, 6.4, 6.3533333333333335)","(10.0, 99999, 99990)","(2.6, 3.5, 3.3636363636363633)","(3.4, 3.75, 3.4699999999999998)","(5.0, 7.8, 7.425)"
07-12-2022 18:38:56.182036,"(41.0, 99999, 99990)","(21.0, 38.0, 33.0)","(4.2, 6.4, 6.3533333333333335)","(10.0, 99999, 99990)","(2.6, 3.5, 3.3636363636363633)","(3.4, 3.75, 3.61)","(5.0, 7.8, 7.425)"
07-12-2022 18:38:57.183034,"(41.0, 99999, 99990)","(21.0, 38.0, 33.0)","(4.2, 6.4, 6.3533333333333335)","(10.0, 99999, 99990)","(2.6, 3.5, 3.3636363636363633)","(3.4, 3.75, 3.61)","(5.0, 7.8, 7.425)"
07-12-2022 18:38:58.257913,"(41.0, 99999, 99990)","(21.0, 38.0, 33.0)","(4.2, 6.4, 6.3533333333333335)","(10.0, 99999, 99990)","(2.6, 3.5, 3.3636363636363633)","(3.4, 3.75, 3.65)","(5.0, 7.8, 7.425)"
07-12-2022 18:38:59.299061,"(41.0, 99999, 99990)","(21.0, 38.0, 33.0)","(4.2, 6.4, 6.3533333333333335)","(10.0, 99999, 99990)","(2.6, 3.5, 3.3636363636363633)","(3.4, 3.75, 3.55)","(5.0, 7.8, 7.425)"
07-12-2022 18:39:00.276037,"(41.0, 99999, 99990)","(21.0, 38.0, 33.0)","(4.2, 6.4, 5.7)","(10.0, 99999, 99990)","(2.6, 3.5, 3.3636363636363633)","(3.4, 3.75, 3.55)","(5.0, 7.8, 7.425)"
07-12-2022 18:39:01.406540,"(41.0, 99999, 99990)","(21.0, 38.0, 33.0)","(4.2, 5.7, 6.1)","(10.0, 99999, 99990)","(2.6, 3.5, 3.3777777777777778)","(3.4, 3.75, 3.716666666666667)","(5.0, 7.8, 7.425)"
07-12-2022 18:39:02.463516,"(41.0, 99999, 99990)","(21.0, 38.0, 33.0)","(4.2, 6.2, 6.0181818181818185)","(10.0, 99999, 99990)","(2.6, 3.5, 3.3636363636363633)","(3.4, 3.75, 3.72)","(5.0, 7.8, 7.425)"
07-12-2022 18:39:03.365571,"(41.0, 99999, 99990)","(21.0, 38.0, 33.0)","(4.2, 6.2, 6.0181818181818185)","(10.0, 99999, 99990)","(2.6, 3.5, 3.3636363636363633)","(3.4, 3.75, 3.72)","(5.0, 7.8, 7.425)"
07-12-2022 18:39:04.277403,"(41.0, 99999, 99990)","(21.0, 38.0, 33.0)","(4.2, 6.2, 6.0181818181818185)","(10.0, 99999, 99990)","(2.6, 3.5, 3.3636363636363633)","(3.4, 3.75, 3.72)","(5.0, 7.8, 7.425)"
07-12-2022 18:39:05.209286,"(41.0, 99999, 99990)","(21.0, 38.0, 33.0)","(4.2, 6.2, 6.0181818181818185)","(10.0, 99999, 99990)","(2.6, 3.5, 3.3636363636363633)","(3.4, 3.75, 3.72)","(5.0, 7.8, 7.425)"
07-12-2022 18:39:06.131787,"(41.0, 99999, 99990)","(21.0, 38.0, 33.0)","(4.2, 6.2, 6.0181818181818185)","(10.0, 99999, 99990)","(2.6, 3.5, 3.3636363636363633)","(3.4, 3.75, 3.72)","(5.0, 7.8, 7.425)"
07-12-2022 18:39:07.153995,"(41.0, 99999, 99990)","(21.0, 38.0, 33.0)","(4.2, 6.2, 6.0181818181818185)","(10.0, 99999, 99990)","(2.6, 3.5, 3.3636363636363633)","(3.4, 3.75, 3.72)","(5.0, 7.8, 7.425)"
07-12-2022 18:39:08.086641,"(41.0, 99999, 99990)","(21.0, 38.0, 33.0)","(4.2, 6.2, 6.0181818181818185)","(10.0, 99999, 99990)","(2.6, 3.5, 3.3636363636363633)","(3.4, 3.75, 3.72)","(5.0, 7.8, 7.425)"
07-12-2022 18:39:09.067501,"(41.0, 99999, 99990)","(21.0, 38.0, 33.0)","(4.2, 6.2, 5.66)","(10.0, 99999, 99990)","(2.6, 3.5, 3.3636363636363633)","(3.4, 3.75, 3.72)","(5.0, 7.8, 7.425)"
07-12-2022 18:39:10.029702,"(41.0, 99999, 99990)","(21.0, 38.0, 33.0)","(4.2, 6.2, 5.8625)","(10.0, 99999, 99990)","(2.6, 3.5, 3.3636363636363633)","(3.4, 3.75, 3.72)","(5.0, 7.8, 7.425)"
07-12-2022 18:39:10.982139,"(41.0, 99999, 99990)","(21.0, 38.0, 33.0)","(4.2, 6.2, 5.8625)","(10.0, 99999, 99990)","(2.6, 3.5, 3.3636363636363633)","(3.4, 3.75, 3.72)","(5.0, 7.8, 7.425)"
07-12-2022 18:39:12.002183,"(41.0, 99999, 99990)","(21.0, 38.0, 33.0)","(4.2, 6.2, 5.8625)","(10.0, 99999, 99990)","(2.6, 3.5, 3.3636363636363633)","(3.4, 3.75, 3.72)","(5.0, 7.8, 7.425)"
07-12-2022 18:39:13.023100,"(41.0, 99999, 99990)","(21.0, 38.0, 33.0)","(4.2, 6.2, 5.8625)","(10.0, 99999, 99990)","(2.6, 3.5, 3.3636363636363633)","(3.4, 3.75, 3.72)","(5.0, 7.8, 7.425)"
07-12-2022 18:39:14.016227,"(41.0, 99999, 99990)","(21.0, 38.0, 33.0)","(4.2, 6.2, 5.8625)","(10.0, 99999, 99990)","(2.6, 3.5, 3.356)","(3.4, 3.75, 4.084090909090909)","(5.0, 7.8, 7.425)"
07-12-2022 18:39:15.054033,"(41.0, 99999, 99990)","(21.0, 38.0, 33.0)","(4.2, 6.2, 5.8625)","(10.0, 99999, 99990)","(2.6, 3.5, 3.356)","(3.4, 4.1, 4.084090909090909)","(5.0, 7.8, 7.425)"
07-12-2022 18:39:16.043459,"(41.0, 99999, 99990)","(21.0, 38.0, 33.0)","(4.2, 6.2, 5.8625)","(10.0, 99999, 99990)","(2.6, 3.5, 3.356)","(3.4, 4.1, 4.03421052631579)","(5.0, 7.8, 7.32)"
07-12-2022 18:39:17.008470,"(41.0, 99999, 99990)","(21.0, 38.0, 33.0)","(4.2, 6.2, 5.728571428571429)","(10.0, 99999, 99990)","(2.6, 3.45, 3.3093749999999997)","(3.4, 4.2, 4.052631578947368)","(5.0, 7.8, 7.32)"
07-12-2022 18:39:18.004908,"(41.0, 99999, 99990)","(21.0, 38.0, 32.0)","(4.2, 6.2, 5.678947368421053)","(10.0, 99999, 99990)","(2.6, 3.45, 3.268181818181818)","(3.4, 4.4, 4.386206896551725)","(5.0, 7.8, 7.05)"
07-12-2022 18:39:19.069135,"(41.0, 99999, 99990)","(21.0, 38.0, 29.333333333333332)","(4.2, 6.2, 5.428571428571429)","(10.0, 99999, 99990)","(2.6, 3.4, 3.314285714285714)","(3.4, 4.9, 4.214285714285714)","(5.0, 7.8, 7.05)"
07-12-2022 18:39:20.023408,"(41.0, 99999, 99990)","(21.0, 38.0, 29.333333333333332)","(4.2, 6.0, 5.428571428571429)","(10.0, 99999, 99990)","(2.6, 3.4, 3.314285714285714)","(3.4, 4.9, 4.214285714285714)","(5.0, 7.8, 7.05)"
07-12-2022 18:39:21.002635,"(41.0, 99999, 99990)","(21.0, 38.0, 29.333333333333332)","(4.2, 5.9, 5.7857142857142865)","(10.0, 99999, 99990)","(2.6, 3.25, 3.0384615384615383)","(3.4, 4.9, 4.241176470588235)","(5.0, 7.8, 7.05)"
07-12-2022 18:39:21.946907,"(41.0, 99999, 99990)","(21.0, 38.0, 29.333333333333332)","(4.2, 5.9, 5.7857142857142865)","(10.0, 99999, 99990)","(2.6, 3.25, 3.0384615384615383)","(3.4, 4.9, 4.521052631578947)","(5.0, 7.8, 7.05)"
07-12-2022 18:39:22.968603,"(41.0, 99999, 99990)","(21.0, 38.0, 29.333333333333332)","(4.2, 5.9, 5.7857142857142865)","(10.0, 99999, 99990)","(2.6, 3.25, 3.0384615384615383)","(3.4, 4.9, 4.557142857142857)","(5.0, 7.8, 7.05)"
07-12-2022 18:39:23.947683,"(41.0, 99999, 99990)","(21.0, 38.0, 29.333333333333332)","(4.2, 5.9, 5.7857142857142865)","(10.0, 99999, 99990)","(2.6, 3.25, 3.0384615384615383)","(3.4, 4.9, 4.418181818181818)","(5.0, 7.8, 7.05)"
07-12-2022 18:39:25.011536,"(41.0, 99999, 99990)","(21.0, 38.0, 29.333333333333332)","(4.2, 5.9, 5.7857142857142865)","(10.0, 99999, 99990)","(2.6, 3.25, 3.0384615384615383)","(3.4, 4.8, 4.418181818181818)","(5.0, 7.8, 7.05)"
07-12-2022 18:39:26.207087,"(41.0, 99999, 99990)","(21.0, 38.0, 29.333333333333332)","(4.2, 5.9, 5.7857142857142865)","(10.0, 99999, 99990)","(2.6, 3.25, 3.1333333333333333)","(3.4, 4.8, 4.35)","(5.0, 7.8, 7.066666666666666)"
07-12-2022 18:39:27.194435,"(41.0, 99999, 99990)","(21.0, 38.0, 29.333333333333332)","(4.2, 5.9, 5.7857142857142865)","(10.0, 99999, 99990)","(2.6, 3.2, 3.1333333333333333)","(3.4, 4.8, 4.35)","(5.0, 7.6, 7.066666666666666)"
07-12-2022 18:39:28.317500,"(41.0, 99999, 99990)","(21.0, 38.0, 29.333333333333332)","(4.2, 5.9, 5.7857142857142865)","(10.0, 99999, 99990)","(2.6, 3.2, 3.1)","(3.4, 4.8, 4.466666666666667)","(5.0, 7.4, 6.9)"
07-12-2022 18:39:29.500114,"(41.0, 99999, 99990)","(21.0, 38.0, 29.333333333333332)","(4.2, 5.9, 5.7857142857142865)","(10.0, 99999, 99990)","(2.6, 3.2, 3.018181818181818)","(3.4, 4.8, 4.75)","(5.0, 7.4, 6.9)"
07-12-2022 18:39:30.641671,"(41.0, 99999, 99990)","(21.0, 38.0, 29.333333333333332)","(4.2, 5.9, 5.7857142857142865)","(10.0, 99999, 99990)","(2.6, 3.2, 3.0166666666666666)","(3.4, 4.8, 4.75)","(5.0, 7.4, 6.9)"
07-12-2022 18:39:31.704899,"(41.0, 99999, 99990)","(21.0, 38.0, 29.333333333333332)","(4.2, 5.9, 5.7857142857142865)","(10.0, 99999, 99990)","(2.6, 3.2, 3.0166666666666666)","(3.4, 4.8, 4.75)","(5.0, 7.4, 6.9)"
07-12-2022 18:39:32.932986,"(41.0, 99999, 99990)","(21.0, 38.0, 29.333333333333332)","(4.2, 5.9, 5.7)","(10.0, 99999, 99990)","(2.6, 3.2, 3.0285714285714285)","(3.4, 4.8, 4.7875)","(5.0, 7.4, 6.9)"
07-12-2022 18:39:34.001013,"(41.0, 99999, 99990)","(21.0, 38.0, 27.5)","(4.2, 5.9, 5.614285714285715)","(10.0, 99999, 99990)","(2.6, 3.15, 3.0051724137931033)","(3.4, 4.8, 4.75)","(5.0, 7.4, 6.9)"
07-12-2022 18:39:35.071603,"(41.0, 99999, 99990)","(21.0, 38.0, 27.5)","(4.2, 5.9, 5.614285714285715)","(10.0, 99999, 99990)","(2.6, 3.1, 2.884)","(3.4, 5.1, 5.029999999999999)","(5.0, 7.4, 6.9)"
07-12-2022 18:39:36.327370,"(41.0, 99999, 99990)","(21.0, 38.0, 27.5)","(4.2, 5.9, 5.2846153846153845)","(10.0, 99999, 99990)","(2.6, 3.1, 2.878461538461538)","(3.4, 5.0, 4.699999999999999)","(5.0, 7.4, 7.0)"
07-12-2022 18:39:37.431179,"(41.0, 99999, 99990)","(21.0, 38.0, 31.5)","(4.2, 5.9, 5.696296296296296)","(10.0, 99999, 99990)","(2.6, 3.0, 2.8707692307692305)","(3.4, 4.9, 4.8500000000000005)","(5.0, 7.4, 7.0)"
07-12-2022 18:39:38.417354,"(41.0, 99999, 99990)","(21.0, 38.0, 34.1)","(4.2, 5.8, 5.529032258064516)","(10.0, 99999, 99990)","(2.6, 3.0, 2.8707692307692305)","(3.4, 4.9, 4.8500000000000005)","(5.0, 7.4, 7.0)"
07-12-2022 18:39:39.521047,"(41.0, 99999, 99990)","(21.0, 36.0, 29.75)","(4.2, 5.7, 5.208108108108108)","(10.0, 99999, 99990)","(2.6, 3.1, 2.92)","(3.4, 4.9, 4.775)","(5.0, 7.4, 7.1)"
07-12-2022 18:39:40.577575,"(41.0, 99999, 99990)","(21.0, 34.0, 30.8)","(4.2, 5.7, 5.230555555555556)","(10.0, 99999, 99990)","(2.6, 3.1, 2.8133333333333335)","(3.4, 5.0, 4.418181818181818)","(5.0, 7.4, 7.3999999999999995)"
07-12-2022 18:39:41.718178,"(41.0, 99999, 99990)","(21.0, 36.0, 32.0)","(4.2, 5.7, 5.15)","(10.0, 99999, 99990)","(2.6, 3.0, 2.84)","(3.4, 4.8, 4.5285714285714285)","(5.0, 7.6, 7.527272727272727)"
07-12-2022 18:39:42.687898,"(41.0, 99999, 99990)","(21.0, 46.0, 37.36363636363636)","(4.2, 5.7, 5.442857142857143)","(10.0, 99999, 99990)","(2.6, 3.0, 2.84)","(3.4, 4.7, 4.5285714285714285)","(5.0, 7.6, 7.527272727272727)"
07-12-2022 18:39:43.748610,"(41.0, 99999, 99990)","(21.0, 46.0, 32.90909090909091)","(4.2, 5.7, 5.38)","(10.0, 99999, 99990)","(2.6, 3.1, 3.004)","(3.4, 4.7, 4.5285714285714285)","(5.0, 7.6, 7.486363636363636)"
07-12-2022 18:39:44.731421,"(41.0, 99999, 99990)","(21.0, 44.0, 40.44444444444444)","(4.2, 5.7, 5.175)","(10.0, 99999, 99990)","(2.6, 3.1, 2.9153846153846157)","(3.4, 4.6, 4.457142857142856)","(5.0, 7.6, 7.486363636363636)"
07-12-2022 18:39:45.703870,"(41.0, 99999, 99990)","(21.0, 44.0, 34.0)","(4.2, 5.7, 5.34)","(10.0, 99999, 99990)","(2.6, 3.1, 3.046666666666667)","(3.4, 4.5, 4.38)","(5.0, 7.6, 7.390909090909091)"
07-12-2022 18:39:46.735313,"(41.0, 99999, 99990)","(21.0, 44.0, 37.07692307692308)","(4.2, 5.7, 5.5875)","(10.0, 99999, 99990)","(2.6, 3.1, 3.046666666666667)","(3.4, 4.5, 4.46)","(5.0, 7.6, 6.242857142857143)"
07-12-2022 18:39:47.755375,"(41.0, 99999, 99990)","(21.0, 44.0, 39.333333333333336)","(4.2, 5.6, 5.51304347826087)","(10.0, 99999, 99990)","(2.6, 3.1, 2.962)","(3.4, 4.5, 4.655555555555556)","(5.0, 7.6, 7.041176470588235)"
07-12-2022 18:39:48.739717,"(41.0, 99999, 99990)","(21.0, 40.0, 36.0)","(4.2, 5.6, 5.484615384615385)","(10.0, 99999, 99990)","(2.6, 3.1, 2.9536363636363636)","(3.4, 4.7, 4.655555555555556)","(5.0, 7.6, 6.325)"
07-12-2022 18:39:49.720929,"(41.0, 99999, 99990)","(21.0, 40.0, 23.714285714285715)","(4.2, 5.6, 5.484615384615385)","(10.0, 99999, 99990)","(2.6, 3.1, 2.9331034482758622)","(3.4, 4.7, 4.655555555555556)","(5.0, 7.6, 7.26)"
07-12-2022 18:39:50.746389,"(41.0, 99999, 99990)","(21.0, 38.0, 28.727272727272727)","(4.2, 5.6, 5.484615384615385)","(10.0, 99999, 99990)","(2.6, 3.1, 2.9331034482758622)","(3.4, 4.7, 4.655555555555556)","(5.0, 7.6, 7.142857142857142)"
07-12-2022 18:39:51.694077,"(41.0, 99999, 99990)","(21.0, 36.0, 33.5)","(4.2, 5.6, 5.484615384615385)","(10.0, 99999, 99990)","(2.6, 3.1, 2.9331034482758622)","(3.4, 4.7, 4.655555555555556)","(5.0, 7.6, 7.105882352941176)"
07-12-2022 18:39:52.725038,"(41.0, 99999, 99990)","(21.0, 36.0, 30.375)","(4.2, 5.6, 5.54)","(10.0, 99999, 99990)","(2.6, 3.1, 2.9331034482758622)","(3.4, 4.7, 4.655555555555556)","(5.0, 7.6, 7.105882352941176)"
07-12-2022 18:39:53.719955,"(41.0, 99999, 99990)","(21.0, 34.0, 26.0)","(4.2, 5.7, 5.663636363636364)","(10.0, 99999, 99990)","(2.6, 3.05, 2.9575)","(3.4, 4.8, 4.566666666666666)","(5.0, 7.4, 6.9)"
07-12-2022 18:39:54.702907,"(41.0, 99999, 99990)","(21.0, 34.0, 24.823529411764707)","(4.2, 5.7, 5.663636363636364)","(10.0, 99999, 99990)","(2.6, 3.05, 2.9575)","(3.4, 4.8, 4.566666666666666)","(5.0, 7.4, 7.15)"
07-12-2022 18:39:56.054666,"(41.0, 99999, 99990)","(21.0, 34.0, 24.823529411764707)","(4.2, 5.7, 5.663636363636364)","(10.0, 99999, 99990)","(2.6, 3.05, 2.9475)","(3.4, 4.7, 4.693333333333333)","(5.0, 7.4, 6.733333333333333)"
07-12-2022 18:39:57.231607,"(41.0, 99999, 99990)","(21.0, 34.0, 24.823529411764707)","(4.2, 5.7, 5.663636363636364)","(10.0, 99999, 99990)","(2.6, 3.05, 2.9425)","(3.4, 4.7, 5.0375)","(5.0, 7.4, 6.733333333333333)"
07-12-2022 18:39:58.256531,"(41.0, 99999, 99990)","(21.0, 34.0, 23.714285714285715)","(4.2, 7.4, 6.2)","(10.0, 99999, 99990)","(2.6, 3.05, 2.9425)","(3.4, 5.1, 4.929411764705883)","(5.0, 7.4, 6.581818181818182)"
07-12-2022 18:39:59.446878,"(41.0, 99999, 99990)","(21.0, 34.0, 24.571428571428573)","(4.2, 7.2, 6.618181818181818)","(10.0, 99999, 99990)","(2.6, 3.05, 2.9816666666666665)","(3.4, 5.0, 4.929411764705883)","(5.0, 7.4, 6.8909090909090915)"
07-12-2022 18:40:00.970253,"(41.0, 99999, 99990)","(21.0, 34.0, 26.235294117647058)","(4.2, 7.2, 6.285714285714286)","(10.0, 99999, 99990)","(2.6, 3.05, 2.9949999999999997)","(3.4, 5.0, 4.929411764705883)","(5.0, 7.4, 7.026666666666667)"
07-12-2022 18:40:02.277265,"(41.0, 99999, 99990)","(21.0, 34.0, 26.235294117647058)","(4.2, 7.2, 6.285714285714286)","(10.0, 99999, 99990)","(2.6, 3.05, 3.013333333333333)","(3.4, 5.0, 4.929411764705883)","(5.0, 7.4, 6.7)"
07-12-2022 18:40:03.412370,"(41.0, 99999, 99990)","(21.0, 34.0, 26.235294117647058)","(4.2, 7.0, 5.88)","(10.0, 99999, 99990)","(2.6, 3.05, 3.013333333333333)","(3.4, 5.0, 4.929411764705883)","(5.0, 7.4, 6.7)"
07-12-2022 18:40:04.849712,"(41.0, 99999, 99990)","(21.0, 32.0, 27.5)","(4.2, 7.0, 6.11578947368421)","(10.0, 99999, 99990)","(2.6, 3.1, 2.7616666666666667)","(3.4, 4.9, 4.618181818181818)","(5.0, 7.4, 7.026666666666667)"
07-12-2022 18:40:06.046272,"(41.0, 99999, 99990)","(21.0, 30.0, 26.88888888888889)","(4.2, 7.0, 6.11578947368421)","(10.0, 99999, 99990)","(2.6, 3.1, 2.7616666666666667)","(3.4, 4.8, 4.618181818181818)","(5.0, 7.4, 7.283333333333333)"
07-12-2022 18:40:07.239875,"(41.0, 99999, 99990)","(21.0, 30.0, 26.88888888888889)","(4.2, 6.4, 6.28)","(10.0, 99999, 99990)","(2.6, 2.98, 2.7933333333333334)","(3.4, 4.6, 4.12)","(5.0, 7.6, 7.4)"
07-12-2022 18:40:08.414904,"(41.0, 99999, 99990)","(21.0, 30.0, 26.88888888888889)","(4.2, 7.0, 6.681818181818182)","(10.0, 99999, 99990)","(2.6, 2.96, 2.742857142857143)","(3.4, 4.5, 4.242857142857143)","(5.0, 7.6, 5.44)"
07-12-2022 18:40:09.654030,"(41.0, 99999, 99990)","(21.0, 30.0, 27.6)","(4.4, 6.8, 6.7)","(11.0, 99999, 99990)","(2.5, 2.94, 2.716)","(3.4, 4.2, 4.25)","(5.0, 7.2, 6.7)"
07-12-2022 18:40:10.835540,"(41.0, 99999, 99990)","(21.0, 30.0, 29.454545454545453)","(4.4, 7.2, 6.9818181818181815)","(11.0, 99999, 99990)","(2.5, 2.94, 2.716)","(3.4, 4.4, 4.221621621621622)","(5.0, 7.2, 6.88421052631579)"
07-12-2022 18:40:11.957405,"(41.0, 99999, 99990)","(21.0, 30.0, 29.454545454545453)","(4.4, 7.4, 7.25)","(11.0, 99999, 99990)","(2.5, 2.94, 2.669230769230769)","(3.4, 4.6, 4.221621621621622)","(5.0, 7.2, 6.88421052631579)"
07-12-2022 18:40:13.188004,"(41.0, 99999, 99990)","(21.0, 30.0, 29.0)","(4.4, 7.4, 7.181818181818182)","(11.0, 99999, 99990)","(2.5, 2.94, 2.669230769230769)","(3.4, 4.6, 4.209756097560975)","(5.0, 7.2, 6.7272727272727275)"
07-12-2022 18:40:14.254113,"(41.0, 99999, 99990)","(21.0, 30.0, 29.0)","(4.4, 7.4, 7.16)","(11.0, 99999, 99990)","(2.5, 2.94, 2.669230769230769)","(3.4, 4.6, 4.209756097560975)","(5.0, 7.2, 6.514285714285714)"
07-12-2022 18:40:15.534117,"(41.0, 99999, 99990)","(21.0, 30.0, 29.0)","(4.4, 7.4, 7.16)","(11.0, 99999, 99990)","(2.5, 2.94, 2.669230769230769)","(3.4, 4.5, 4.266666666666667)","(4.8, 7.2, 6.720000000000001)"
07-12-2022 18:40:16.755402,"(41.0, 99999, 99990)","(21.0, 30.0, 29.0)","(4.4, 7.4, 7.16)","(11.0, 99999, 99990)","(2.5, 2.94, 2.669230769230769)","(3.4, 4.4, 4.266666666666667)","(4.8, 7.2, 6.720000000000001)"
07-12-2022 18:40:17.944839,"(41.0, 99999, 99990)","(21.0, 30.0, 29.0)","(4.4, 7.4, 7.066666666666667)","(11.0, 99999, 99990)","(2.5, 2.94, 2.604)","(3.4, 4.4, 4.266666666666667)","(4.8, 7.2, 6.514285714285714)"
07-12-2022 18:40:19.312702,"(41.0, 99999, 99990)","(21.0, 30.0, 29.166666666666668)","(4.6, 7.4, 7.185714285714286)","(11.0, 99999, 99990)","(2.45, 2.92, 2.862857142857143)","(3.4, 4.4, 4.266666666666667)","(4.8, 7.2, 6.514285714285714)"
07-12-2022 18:40:20.545717,"(41.0, 99999, 99990)","(21.0, 29.0, 28.2)","(4.6, 7.4, 7.185714285714286)","(11.0, 99999, 99990)","(2.45, 2.92, 2.9048)","(3.4, 4.4, 4.066666666666666)","(4.8, 7.2, 6.514285714285714)"
07-12-2022 18:40:21.651073,"(41.0, 99999, 99990)","(21.0, 30.0, 28.75)","(4.6, 7.4, 7.185714285714286)","(11.0, 99999, 99990)","(2.45, 2.92, 2.9048)","(3.4, 4.2, 4.04)","(4.8, 7.2, 6.533333333333333)"
07-12-2022 18:40:22.817834,"(41.0, 99999, 99990)","(21.0, 30.0, 28.75)","(4.6, 7.4, 7.185714285714286)","(11.0, 99999, 99990)","(2.45, 2.92, 2.9048)","(3.4, 4.2, 4.04)","(4.8, 7.2, 6.533333333333333)"
07-12-2022 18:40:24.103178,"(41.0, 99999, 99990)","(21.0, 30.0, 28.75)","(4.6, 7.4, 7.185714285714286)","(11.0, 99999, 99990)","(2.45, 2.92, 2.894285714285714)","(3.4, 4.2, 4.04)","(4.8, 7.2, 6.7555555555555555)"
07-12-2022 18:40:25.376505,"(41.0, 99999, 99990)","(21.0, 30.0, 29.333333333333332)","(4.6, 7.4, 7.185714285714286)","(11.0, 99999, 99990)","(2.4, 2.92, 2.894285714285714)","(3.4, 4.2, 4.025)","(5.0, 7.2, 6.7555555555555555)"
07-12-2022 18:40:26.623649,"(41.0, 99999, 99990)","(21.0, 30.0, 29.555555555555557)","(4.6, 7.4, 7.066666666666667)","(11.0, 99999, 99990)","(2.4, 2.92, 2.894285714285714)","(3.4, 4.2, 4.025)","(5.0, 7.2, 6.7555555555555555)"
07-12-2022 18:40:27.849019,"(41.0, 99999, 99990)","(21.0, 30.0, 29.0)","(4.6, 7.4, 7.185714285714286)","(11.0, 99999, 99990)","(2.4, 2.92, 2.7)","(3.4, 4.2, 4.025)","(5.0, 7.2, 6.7555555555555555)"
07-12-2022 18:40:29.073657,"(41.0, 99999, 99990)","(21.0, 34.0, 30.923076923076923)","(4.6, 7.4, 7.185714285714286)","(11.0, 99999, 99990)","(2.4, 2.9, 2.7)","(3.4, 4.2, 4.037209302325581)","(5.0, 7.2, 6.7555555555555555)"
07-12-2022 18:40:30.227924,"(41.0, 99999, 99990)","(21.0, 34.0, 30.5)","(4.6, 7.4, 7.185714285714286)","(11.0, 99999, 99990)","(2.4, 2.9, 2.7)","(3.4, 4.2, 4.037209302325581)","(5.0, 7.2, 6.7555555555555555)"
07-12-2022 18:40:31.244720,"(41.0, 99999, 99990)","(21.0, 34.0, 31.307692307692307)","(4.6, 7.4, 7.0875)","(11.0, 99999, 99990)","(2.4, 2.9, 2.7)","(3.4, 4.2, 3.970689655172414)","(5.0, 7.2, 6.7555555555555555)"
07-12-2022 18:40:32.264851,"(41.0, 99999, 99990)","(21.0, 34.0, 31.307692307692307)","(4.6, 7.4, 7.0875)","(11.0, 99999, 99990)","(2.4, 2.9, 2.75)","(3.4, 4.0, 4.025)","(5.0, 7.2, 6.7555555555555555)"
07-12-2022 18:40:33.250699,"(41.0, 99999, 99990)","(21.0, 34.0, 29.625)","(4.6, 7.4, 6.945454545454545)","(11.0, 99999, 99990)","(2.4, 2.9, 2.7583333333333333)","(3.4, 4.2, 4.025)","(5.0, 7.2, 6.7555555555555555)"
07-12-2022 18:40:34.243923,"(41.0, 99999, 99990)","(21.0, 34.0, 29.625)","(4.6, 7.4, 7.0875)","(11.0, 99999, 99990)","(2.4, 2.9, 2.7583333333333333)","(3.4, 4.2, 4.025)","(5.0, 7.2, 6.7555555555555555)"
07-12-2022 18:40:35.227829,"(41.0, 99999, 99990)","(21.0, 34.0, 29.625)","(4.6, 7.4, 7.0875)","(11.0, 99999, 99990)","(2.4, 2.9, 2.7583333333333333)","(3.4, 4.2, 4.025)","(5.0, 7.2, 6.7555555555555555)"
07-12-2022 18:40:36.332853,"(41.0, 99999, 99990)","(21.0, 34.0, 29.625)","(4.6, 7.4, 6.945454545454545)","(11.0, 99999, 99990)","(2.4, 2.9, 2.7)","(3.4, 4.2, 4.025)","(5.0, 7.2, 6.533333333333333)"
07-12-2022 18:40:37.470608,"(41.0, 99999, 99990)","(21.0, 34.0, 29.0)","(4.6, 7.4, 7.15)","(11.0, 99999, 99990)","(2.4, 2.9, 2.75)","(3.4, 4.2, 3.9650000000000003)","(5.0, 7.2, 6.533333333333333)"
07-12-2022 18:40:38.524749,"(41.0, 99999, 99990)","(21.0, 34.0, 29.0)","(4.6, 7.4, 7.246153846153847)","(11.0, 99999, 99990)","(2.4, 2.9, 2.75)","(3.4, 4.0, 3.9650000000000003)","(5.0, 7.2, 6.533333333333333)"
07-12-2022 18:40:39.549027,"(41.0, 99999, 99990)","(21.0, 32.0, 29.375)","(4.6, 7.4, 7.246153846153847)","(11.0, 99999, 99990)","(2.4, 2.9, 2.75)","(3.4, 4.0, 3.9650000000000003)","(5.0, 7.2, 6.7555555555555555)"
07-12-2022 18:40:40.568539,"(41.0, 99999, 99990)","(21.0, 32.0, 29.375)","(4.6, 7.4, 7.246153846153847)","(11.0, 99999, 99990)","(2.4, 2.9, 2.691304347826087)","(3.4, 4.0, 3.9650000000000003)","(5.0, 7.2, 6.7555555555555555)"
07-12-2022 18:40:41.643327,"(41.0, 99999, 99990)","(21.0, 32.0, 30.0)","(4.6, 7.4, 7.246153846153847)","(11.0, 99999, 99990)","(2.4, 2.9, 2.6888)","(3.4, 4.0, 3.9650000000000003)","(5.0, 7.2, 6.7555555555555555)"
07-12-2022 18:40:42.737767,"(41.0, 99999, 99990)","(21.0, 32.0, 28.88888888888889)","(4.6, 7.4, 7.246153846153847)","(11.0, 99999, 99990)","(2.4, 2.86, 2.78)","(3.4, 4.0, 3.9650000000000003)","(5.0, 7.2, 6.628571428571429)"
07-12-2022 18:40:43.812892,"(41.0, 99999, 99990)","(21.0, 32.0, 28.88888888888889)","(4.6, 7.4, 7.246153846153847)","(11.0, 99999, 99990)","(2.4, 2.86, 2.78)","(3.4, 4.0, 3.9650000000000003)","(5.0, 7.2, 6.628571428571429)"
07-12-2022 18:40:44.904060,"(41.0, 99999, 99990)","(21.0, 32.0, 28.88888888888889)","(4.6, 7.4, 7.246153846153847)","(11.0, 99999, 99990)","(2.4, 2.86, 2.78)","(3.4, 4.0, 3.9650000000000003)","(5.0, 7.2, 6.800000000000001)"
07-12-2022 18:40:45.973211,"(41.0, 99999, 99990)","(21.0, 32.0, 29.333333333333332)","(4.6, 7.4, 7.254545454545455)","(11.0, 99999, 99990)","(2.4, 2.86, 2.78)","(3.4, 4.0, 3.9650000000000003)","(5.0, 7.2, 6.800000000000001)"
07-12-2022 18:40:47.025573,"(41.0, 99999, 99990)","(21.0, 32.0, 29.333333333333332)","(4.6, 7.4, 7.254545454545455)","(11.0, 99999, 99990)","(2.4, 2.86, 2.7225)","(3.4, 4.0, 3.9650000000000003)","(5.0, 7.2, 6.514285714285714)"
07-12-2022 18:40:48.072892,"(41.0, 99999, 99990)","(21.0, 32.0, 29.333333333333332)","(4.6, 7.4, 7.08)","(11.0, 99999, 99990)","(2.4, 2.86, 2.7418181818181817)","(3.4, 4.0, 3.9650000000000003)","(5.0, 7.2, 6.514285714285714)"
07-12-2022 18:40:49.223309,"(41.0, 99999, 99990)","(21.0, 32.0, 26.0)","(4.6, 7.4, 7.08)","(11.0, 99999, 99990)","(2.4, 2.84, 2.7418181818181817)","(3.4, 4.0, 3.9650000000000003)","(5.0, 7.2, 6.514285714285714)"
07-12-2022 18:40:50.249854,"(41.0, 99999, 99990)","(21.0, 32.0, 26.0)","(4.6, 7.4, 7.08)","(11.0, 99999, 99990)","(2.4, 2.84, 2.7418181818181817)","(3.4, 4.0, 3.9650000000000003)","(5.0, 7.2, 6.514285714285714)"
07-12-2022 18:40:51.311696,"(41.0, 99999, 99990)","(21.0, 32.0, 26.0)","(4.6, 7.4, 7.08)","(11.0, 99999, 99990)","(2.4, 2.84, 2.7418181818181817)","(3.4, 4.0, 3.9650000000000003)","(5.0, 7.2, 6.5)"
07-12-2022 18:40:52.346413,"(41.0, 99999, 99990)","(21.0, 30.0, 27.0)","(4.6, 7.4, 7.32)","(11.0, 99999, 99990)","(2.4, 2.84, 2.776)","(3.4, 4.0, 3.56551724137931)","(5.0, 7.0, 7.2)"
07-12-2022 18:40:53.351635,"(41.0, 99999, 99990)","(21.0, 30.0, 25.5)","(4.6, 7.4, 7.336842105263158)","(11.0, 99999, 99990)","(2.4, 2.84, 2.696)","(3.4, 4.0, 3.56551724137931)","(5.0, 7.8, 7.2)"
07-12-2022 18:40:54.372572,"(41.0, 99999, 99990)","(21.0, 30.0, 24.857142857142858)","(4.6, 7.6, 7.375)","(11.0, 99999, 99990)","(2.4, 2.84, 2.75)","(3.4, 3.95, 3.796875)","(5.0, 8.0, 7.285714285714286)"
07-12-2022 18:40:55.521572,"(41.0, 99999, 99990)","(21.0, 30.0, 24.857142857142858)","(4.6, 7.6, 7.375)","(11.0, 99999, 99990)","(2.4, 2.84, 2.75)","(3.4, 3.95, 3.8333333333333335)","(5.0, 8.0, 6.875)"
07-12-2022 18:40:56.670885,"(41.0, 99999, 99990)","(21.0, 30.0, 27.0)","(4.6, 7.6, 7.375)","(11.0, 99999, 99990)","(2.4, 2.84, 2.75)","(3.4, 3.95, 3.8333333333333335)","(5.0, 8.0, 6.875)"
07-12-2022 18:40:57.758992,"(41.0, 99999, 99990)","(21.0, 30.0, 27.88235294117647)","(4.6, 7.6, 7.375)","(11.0, 99999, 99990)","(2.4, 2.84, 2.75)","(3.4, 3.95, 3.8333333333333335)","(5.0, 8.0, 6.875)"
07-12-2022 18:40:58.857755,"(41.0, 99999, 99990)","(21.0, 30.0, 27.88235294117647)","(4.6, 7.6, 7.375)","(11.0, 99999, 99990)","(2.4, 2.84, 2.75)","(3.4, 3.95, 3.8333333333333335)","(5.0, 8.0, 6.875)"
07-12-2022 18:40:59.925221,"(41.0, 99999, 99990)","(21.0, 30.0, 27.0)","(4.8, 7.6, 7.375)","(11.0, 99999, 99990)","(2.4, 2.84, 2.75)","(3.3, 3.95, 3.8333333333333335)","(5.0, 8.0, 6.875)"
07-12-2022 18:41:01.044381,"(41.0, 99999, 99990)","(21.0, 30.0, 27.0)","(4.8, 7.6, 7.016666666666667)","(11.0, 99999, 99990)","(2.4, 2.84, 2.75)","(3.3, 3.95, 3.8545454545454545)","(5.0, 8.0, 6.875)"
07-12-2022 18:41:02.056629,"(41.0, 99999, 99990)","(21.0, 30.0, 24.857142857142858)","(4.8, 7.6, 6.776470588235294)","(11.0, 99999, 99990)","(2.4, 2.84, 2.808)","(3.3, 3.95, 3.8111111111111113)","(5.0, 7.8, 7.216666666666667)"
07-12-2022 18:41:03.088724,"(41.0, 99999, 99990)","(21.0, 30.0, 24.857142857142858)","(4.8, 7.6, 6.776470588235294)","(11.0, 99999, 99990)","(2.4, 2.86, 2.782857142857143)","(3.3, 3.95, 3.91875)","(5.0, 7.8, 7.216666666666667)"
07-12-2022 18:41:04.072653,"(41.0, 99999, 99990)","(21.0, 30.0, 24.857142857142858)","(4.8, 7.6, 6.977777777777778)","(11.0, 99999, 99990)","(2.4, 2.84, 2.772307692307692)","(3.3, 4.4, 4.026666666666667)","(5.0, 7.8, 7.216666666666667)"
07-12-2022 18:41:05.144812,"(41.0, 99999, 99990)","(21.0, 30.0, 28.0)","(4.8, 7.4, 7.275)","(11.0, 99999, 99990)","(2.4, 2.84, 2.772307692307692)","(3.3, 4.4, 4.050000000000001)","(5.0, 7.8, 7.216666666666667)"
07-12-2022 18:41:06.147499,"(41.0, 99999, 99990)","(21.0, 30.0, 28.0)","(4.8, 7.4, 7.1000000000000005)","(11.0, 99999, 99990)","(2.4, 2.84, 2.772307692307692)","(3.3, 4.4, 4.050000000000001)","(5.0, 7.8, 7.216666666666667)"
07-12-2022 18:41:07.257990,"(41.0, 99999, 99990)","(21.0, 30.0, 28.0)","(4.8, 7.4, 7.1000000000000005)","(11.0, 99999, 99990)","(2.4, 2.84, 2.772307692307692)","(3.3, 4.4, 4.050000000000001)","(5.0, 7.8, 7.216666666666667)"
07-12-2022 18:41:08.302939,"(41.0, 99999, 99990)","(21.0, 30.0, 25.5)","(4.8, 7.4, 7.1000000000000005)","(11.0, 99999, 99990)","(2.4, 2.84, 2.7511111111111113)","(3.3, 4.4, 4.050000000000001)","(5.0, 7.8, 7.216666666666667)"
07-12-2022 18:41:09.422634,"(41.0, 99999, 99990)","(21.0, 30.0, 25.5)","(4.8, 7.4, 7.1000000000000005)","(11.0, 99999, 99990)","(2.4, 2.84, 2.782857142857143)","(3.3, 4.4, 4.050000000000001)","(5.0, 7.8, 7.166666666666666)"
07-12-2022 18:41:10.556146,"(41.0, 99999, 99990)","(21.0, 30.0, 25.5)","(4.8, 7.4, 7.233333333333333)","(11.0, 99999, 99990)","(2.4, 2.84, 2.782857142857143)","(3.3, 4.4, 4.02)","(5.0, 7.8, 6.514285714285714)"
07-12-2022 18:41:11.695632,"(41.0, 99999, 99990)","(21.0, 30.0, 25.5)","(4.8, 7.4, 7.233333333333333)","(11.0, 99999, 99990)","(2.4, 2.84, 2.7745454545454544)","(3.3, 4.3, 4.02)","(5.0, 7.8, 7.226666666666667)"
07-12-2022 18:41:12.820176,"(41.0, 99999, 99990)","(21.0, 30.0, 28.0)","(4.8, 7.4, 7.233333333333333)","(11.0, 99999, 99990)","(2.4, 2.84, 2.744)","(3.3, 4.3, 4.02)","(5.0, 7.6, 7.010526315789473)"
07-12-2022 18:41:14.113300,"(41.0, 99999, 99990)","(21.0, 30.0, 28.0)","(4.8, 7.4, 7.233333333333333)","(11.0, 99999, 99990)","(2.4, 2.84, 2.744)","(3.3, 4.3, 4.033333333333333)","(5.0, 7.6, 7.010526315789473)"
07-12-2022 18:41:15.351947,"(41.0, 99999, 99990)","(21.0, 30.0, 28.0)","(4.8, 7.4, 7.233333333333333)","(11.0, 99999, 99990)","(2.4, 2.84, 2.744)","(3.3, 4.2, 4.0)","(5.0, 7.6, 6.693333333333333)"
07-12-2022 18:41:16.503132,"(41.0, 99999, 99990)","(21.0, 30.0, 25.5)","(4.8, 7.4, 6.955555555555556)","(11.0, 99999, 99990)","(2.4, 2.84, 2.7745454545454544)","(3.3, 4.2, 3.988235294117647)","(5.0, 7.6, 6.533333333333333)"
07-12-2022 18:41:17.620111,"(41.0, 99999, 99990)","(21.0, 30.0, 25.5)","(4.8, 7.4, 6.955555555555556)","(11.0, 99999, 99990)","(2.4, 2.84, 2.7745454545454544)","(3.3, 4.2, 3.988235294117647)","(5.0, 7.6, 7.0434782608695645)"
07-12-2022 18:41:18.822289,"(41.0, 99999, 99990)","(21.0, 30.0, 28.0)","(4.8, 7.4, 6.955555555555556)","(11.0, 99999, 99990)","(2.4, 2.84, 2.7745454545454544)","(3.3, 4.2, 3.992307692307692)","(5.0, 7.6, 7.0434782608695645)"
07-12-2022 18:41:19.912620,"(41.0, 99999, 99990)","(21.0, 29.0, 27.75)","(4.8, 7.4, 6.955555555555556)","(11.0, 99999, 99990)","(2.4, 2.84, 2.7885714285714287)","(3.3, 4.1, 3.9499999999999997)","(5.0, 7.6, 6.666666666666667)"
07-12-2022 18:41:21.061356,"(41.0, 99999, 99990)","(21.0, 29.0, 26.727272727272727)","(4.8, 7.4, 6.955555555555556)","(11.0, 99999, 99990)","(2.4, 2.84, 2.7885714285714287)","(3.3, 4.1, 4.15)","(5.0, 7.6, 6.666666666666667)"
07-12-2022 18:41:22.175422,"(41.0, 99999, 99990)","(21.0, 29.0, 24.833333333333332)","(4.8, 7.4, 6.854545454545455)","(11.0, 99999, 99990)","(2.4, 2.84, 2.7885714285714287)","(3.3, 4.4, 4.118181818181818)","(5.0, 7.6, 6.666666666666667)"
07-12-2022 18:41:23.195107,"(41.0, 99999, 99990)","(21.0, 29.0, 24.833333333333332)","(4.8, 7.4, 6.733333333333333)","(11.0, 99999, 99990)","(2.4, 2.84, 2.7866666666666666)","(3.3, 4.3, 4.118181818181818)","(5.0, 7.6, 6.666666666666667)"
07-12-2022 18:41:24.137987,"(41.0, 99999, 99990)","(21.0, 29.0, 26.727272727272727)","(4.8, 7.4, 6.733333333333333)","(11.0, 99999, 99990)","(2.4, 2.84, 2.8)","(3.3, 4.3, 3.930769230769231)","(5.0, 7.6, 6.693333333333333)"
07-12-2022 18:41:25.177396,"(41.0, 99999, 99990)","(21.0, 29.0, 27.4375)","(4.8, 7.4, 6.854545454545455)","(11.0, 99999, 99990)","(2.4, 2.84, 2.8177777777777777)","(3.3, 4.2, 4.033333333333333)","(5.0, 7.6, 6.88421052631579)"
07-12-2022 18:41:26.252040,"(41.0, 99999, 99990)","(21.0, 29.0, 27.4375)","(4.8, 7.4, 6.854545454545455)","(11.0, 99999, 99990)","(2.4, 2.84, 2.8225)","(3.3, 4.2, 3.95)","(5.0, 7.6, 6.88421052631579)"
07-12-2022 18:41:27.295167,"(41.0, 99999, 99990)","(21.0, 29.0, 26.727272727272727)","(4.8, 7.4, 6.854545454545455)","(11.0, 99999, 99990)","(2.4, 2.84, 2.8)","(3.3, 4.1, 3.9999999999999996)","(5.0, 7.6, 6.888888888888888)"
07-12-2022 18:41:28.282442,"(41.0, 99999, 99990)","(21.0, 29.0, 26.142857142857142)","(4.8, 7.4, 6.854545454545455)","(11.0, 99999, 99990)","(2.4, 2.84, 2.8)","(3.3, 4.1, 3.8846153846153846)","(5.0, 7.6, 7.018181818181818)"
07-12-2022 18:41:29.389035,"(41.0, 99999, 99990)","(21.0, 29.0, 26.142857142857142)","(4.8, 7.4, 6.854545454545455)","(11.0, 99999, 99990)","(2.4, 2.84, 2.8)","(3.3, 4.1, 3.8846153846153846)","(5.0, 7.6, 7.018181818181818)"
07-12-2022 18:41:30.491399,"(41.0, 99999, 99990)","(21.0, 29.0, 26.142857142857142)","(4.8, 7.2, 7.066666666666666)","(12.0, 99999, 99990)","(2.4, 2.84, 2.8)","(3.4, 4.1, 3.944444444444444)","(5.0, 7.6, 7.018181818181818)"
07-12-2022 18:41:31.580638,"(41.0, 99999, 99990)","(21.0, 29.0, 26.142857142857142)","(4.8, 7.2, 7.066666666666666)","(12.0, 99999, 99990)","(2.4, 2.84, 2.8)","(3.4, 4.1, 3.9666666666666663)","(5.0, 7.6, 7.018181818181818)"
07-12-2022 18:41:32.585242,"(41.0, 99999, 99990)","(21.0, 29.0, 26.142857142857142)","(4.8, 7.4, 6.854545454545455)","(12.0, 99999, 99990)","(2.4, 2.84, 2.8)","(3.4, 4.1, 3.9666666666666663)","(5.0, 7.6, 7.018181818181818)"
07-12-2022 18:41:33.638826,"(41.0, 99999, 99990)","(21.0, 29.0, 26.142857142857142)","(4.8, 7.4, 6.9)","(12.0, 99999, 99990)","(2.4, 2.84, 2.8)","(3.4, 4.1, 3.9666666666666663)","(5.0, 7.4, 6.816666666666666)"
07-12-2022 18:41:34.631052,"(41.0, 99999, 99990)","(21.0, 29.0, 26.142857142857142)","(4.8, 7.4, 6.9)","(12.0, 99999, 99990)","(2.4, 2.84, 2.8)","(3.4, 4.1, 3.9666666666666663)","(5.0, 7.4, 6.816666666666666)"
07-12-2022 18:41:35.631238,"(41.0, 99999, 99990)","(21.0, 29.0, 26.142857142857142)","(4.8, 7.4, 6.816666666666667)","(12.0, 99999, 99990)","(2.4, 2.84, 2.825263157894737)","(3.4, 4.1, 3.922222222222222)","(5.0, 7.4, 6.816666666666666)"
07-12-2022 18:41:36.712945,"(41.0, 99999, 99990)","(21.0, 29.0, 25.666666666666668)","(4.8, 7.4, 6.816666666666667)","(12.0, 99999, 99990)","(2.4, 2.84, 2.828333333333333)","(3.4, 4.1, 3.9666666666666663)","(5.0, 7.4, 6.685714285714286)"
07-12-2022 18:41:37.806127,"(41.0, 99999, 99990)","(21.0, 29.0, 25.666666666666668)","(4.8, 7.4, 6.816666666666667)","(12.0, 99999, 99990)","(2.4, 2.84, 2.82)","(3.4, 4.1, 3.9499999999999997)","(5.0, 7.4, 6.685714285714286)"
07-12-2022 18:41:39.086850,"(41.0, 99999, 99990)","(21.0, 29.0, 25.666666666666668)","(4.8, 7.4, 6.816666666666667)","(12.0, 99999, 99990)","(2.4, 2.84, 2.814736842105263)","(3.4, 4.1, 3.9499999999999997)","(5.0, 7.4, 6.685714285714286)"
07-12-2022 18:41:40.184055,"(41.0, 99999, 99990)","(21.0, 29.0, 25.666666666666668)","(4.8, 7.4, 6.816666666666667)","(12.0, 99999, 99990)","(2.4, 2.84, 2.7955555555555556)","(3.4, 4.1, 3.9499999999999997)","(5.0, 7.4, 6.685714285714286)"
07-12-2022 18:41:41.429138,"(41.0, 99999, 99990)","(21.0, 29.0, 25.666666666666668)","(4.8, 7.4, 6.816666666666667)","(12.0, 99999, 99990)","(2.4, 2.84, 2.8177777777777777)","(3.4, 4.1, 3.9499999999999997)","(5.0, 7.4, 6.622222222222223)"
07-12-2022 18:41:42.474576,"(41.0, 99999, 99990)","(21.0, 29.0, 25.666666666666668)","(4.8, 7.4, 6.816666666666667)","(12.0, 99999, 99990)","(2.4, 2.84, 2.8177777777777777)","(3.4, 4.1, 3.9499999999999997)","(5.0, 7.4, 6.933333333333334)"
07-12-2022 18:41:43.571846,"(41.0, 99999, 99990)","(18.0, 29.0, 25.571428571428573)","(5.0, 7.2, 6.72)","(13.0, 99999, 99990)","(2.45, 2.84, 2.809230769230769)","(3.4, 4.1, 4.175)","(5.0, 7.2, 6.720000000000001)"
07-12-2022 18:41:44.723705,"(41.0, 99999, 99990)","(18.0, 29.0, 25.571428571428573)","(5.0, 7.2, 6.714285714285714)","(13.0, 99999, 99990)","(2.45, 2.84, 2.809230769230769)","(3.4, 4.4, 4.2)","(5.0, 7.2, 6.720000000000001)"
07-12-2022 18:41:45.915657,"(41.0, 99999, 99990)","(18.0, 29.0, 25.571428571428573)","(5.0, 7.4, 6.714285714285714)","(13.0, 99999, 99990)","(2.45, 2.84, 2.809230769230769)","(3.4, 4.4, 4.2)","(5.0, 7.2, 6.720000000000001)"
07-12-2022 18:41:47.160359,"(41.0, 99999, 99990)","(18.0, 29.0, 25.571428571428573)","(5.0, 7.4, 6.76)","(13.0, 99999, 99990)","(2.45, 2.84, 2.809230769230769)","(3.4, 4.4, 4.075)","(5.0, 7.2, 6.720000000000001)"
07-12-2022 18:41:48.172090,"(41.0, 99999, 99990)","(18.0, 28.0, 25.1875)","(5.0, 7.4, 6.76)","(13.0, 99999, 99990)","(2.45, 2.84, 2.809230769230769)","(3.4, 4.3, 4.03)","(5.0, 7.2, 6.720000000000001)"
07-12-2022 18:41:49.238845,"(41.0, 99999, 99990)","(18.0, 28.0, 25.1875)","(5.0, 7.4, 6.76)","(13.0, 99999, 99990)","(2.45, 2.84, 2.809230769230769)","(3.4, 4.3, 4.03)","(5.0, 7.2, 6.720000000000001)"
07-12-2022 18:41:50.431817,"(41.0, 99999, 99990)","(18.0, 28.0, 25.1875)","(5.0, 7.4, 6.76)","(13.0, 99999, 99990)","(2.45, 2.84, 2.809230769230769)","(3.4, 4.3, 4.03)","(5.0, 7.2, 6.720000000000001)"
07-12-2022 18:41:51.519369,"(41.0, 99999, 99990)","(18.0, 28.0, 24.25)","(5.0, 7.4, 6.76)","(13.0, 99999, 99990)","(2.45, 2.84, 2.838181818181818)","(3.4, 4.3, 4.03)","(5.0, 7.2, 6.720000000000001)"
07-12-2022 18:41:52.632989,"(41.0, 99999, 99990)","(16.0, 28.0, 19.5625)","(5.0, 7.4, 6.76)","(13.0, 99999, 99990)","(2.45, 2.86, 2.853684210526316)","(3.4, 4.3, 4.13125)","(5.0, 7.2, 6.720000000000001)"
07-12-2022 18:41:53.802546,"(41.0, 99999, 99990)","(16.0, 28.0, 19.5625)","(5.0, 8.2, 7.171428571428571)","(13.0, 99999, 99990)","(2.45, 2.86, 2.853684210526316)","(3.4, 4.3, 4.089473684210526)","(5.0, 7.2, 6.720000000000001)"
07-12-2022 18:41:54.965671,"(41.0, 99999, 99990)","(16.0, 27.0, 19.727272727272727)","(5.0, 8.2, 7.458823529411764)","(13.0, 99999, 99990)","(2.45, 2.86, 2.8314285714285714)","(3.4, 4.2, 4.089473684210526)","(5.0, 7.2, 6.720000000000001)"
07-12-2022 18:41:56.227926,"(41.0, 99999, 99990)","(16.0, 26.0, 18.75)","(5.0, 8.2, 6.890909090909091)","(13.0, 99999, 99990)","(2.45, 2.86, 2.848888888888889)","(3.4, 4.2, 4.089473684210526)","(5.0, 7.2, 6.720000000000001)"
07-12-2022 18:41:57.529740,"(41.0, 99999, 99990)","(16.0, 25.0, 18.75)","(5.0, 8.2, 6.833333333333333)","(13.0, 99999, 99990)","(2.45, 2.86, 2.851304347826087)","(3.4, 4.2, 4.089473684210526)","(5.0, 7.2, 6.720000000000001)"
07-12-2022 18:41:58.665817,"(41.0, 99999, 99990)","(16.0, 25.0, 18.75)","(5.0, 8.0, 6.84)","(13.0, 99999, 99990)","(2.45, 2.86, 2.848888888888889)","(3.4, 4.2, 4.089473684210526)","(5.0, 7.2, 6.720000000000001)"
07-12-2022 18:41:59.914285,"(41.0, 99999, 99990)","(16.0, 25.0, 18.75)","(5.0, 7.8, 7.4399999999999995)","(13.0, 99999, 99990)","(2.45, 2.86, 2.8446153846153845)","(3.4, 4.2, 4.047826086956522)","(5.0, 7.2, 6.720000000000001)"
07-12-2022 18:42:01.098809,"(41.0, 99999, 99990)","(16.0, 24.0, 19.666666666666668)","(5.0, 7.6, 7.3999999999999995)","(13.0, 99999, 99990)","(2.45, 2.86, 2.8446153846153845)","(3.4, 4.2, 4.005263157894737)","(5.0, 7.2, 6.91764705882353)"
07-12-2022 18:42:02.260393,"(41.0, 99999, 99990)","(16.0, 24.0, 18.428571428571427)","(5.0, 7.6, 7.3999999999999995)","(12.0, 99999, 99990)","(2.45, 2.86, 2.8559183673469386)","(3.4, 4.1, 4.005263157894737)","(5.0, 7.2, 7.0769230769230775)"
07-12-2022 18:42:03.432809,"(41.0, 99999, 99990)","(16.0, 24.0, 18.428571428571427)","(5.0, 7.6, 7.184615384615385)","(12.0, 99999, 99990)","(2.45, 2.86, 2.853846153846154)","(3.4, 4.1, 4.005263157894737)","(5.0, 7.2, 6.95)"
07-12-2022 18:42:04.822060,"(41.0, 99999, 99990)","(16.0, 24.0, 18.428571428571427)","(5.0, 7.6, 7.247058823529412)","(12.0, 99999, 99990)","(2.45, 2.86, 2.853846153846154)","(3.4, 4.1, 4.057142857142857)","(5.0, 7.2, 6.989473684210527)"
07-12-2022 18:42:06.098541,"(41.0, 99999, 99990)","(16.0, 24.0, 18.428571428571427)","(5.0, 7.6, 7.247058823529412)","(12.0, 99999, 99990)","(2.45, 2.86, 2.816923076923077)","(3.4, 4.1, 4.077419354838709)","(5.0, 7.2, 7.7125)"
07-12-2022 18:42:07.318010,"(41.0, 99999, 99990)","(16.0, 24.0, 18.428571428571427)","(5.0, 7.6, 7.253333333333334)","(12.0, 99999, 99990)","(2.45, 2.86, 2.8025641025641024)","(3.4, 4.2, 4.096)","(5.0, 7.8, 7.657142857142857)"
07-12-2022 18:42:08.507916,"(41.0, 99999, 99990)","(16.0, 24.0, 18.428571428571427)","(5.0, 7.6, 7.253333333333334)","(12.0, 99999, 99990)","(2.45, 2.86, 2.8025641025641024)","(3.4, 4.2, 4.096)","(5.0, 7.8, 7.657142857142857)"
07-12-2022 18:42:09.741092,"(41.0, 99999, 99990)","(16.0, 24.0, 18.428571428571427)","(5.0, 7.6, 7.253333333333334)","(12.0, 99999, 99990)","(2.45, 2.86, 2.8025641025641024)","(3.4, 4.2, 3.981818181818182)","(5.0, 7.8, 7.7555555555555555)"
07-12-2022 18:42:10.955853,"(41.0, 99999, 99990)","(16.0, 24.0, 18.428571428571427)","(5.0, 7.6, 7.253333333333334)","(12.0, 99999, 99990)","(2.45, 2.86, 2.7666666666666666)","(3.4, 4.3, 4.152631578947369)","(5.0, 7.8, 7.761904761904762)"
07-12-2022 18:42:12.075140,"(41.0, 99999, 99990)","(16.0, 24.0, 18.428571428571427)","(5.0, 7.6, 7.288888888888889)","(12.0, 99999, 99990)","(2.45, 2.86, 2.7658823529411762)","(3.4, 4.3, 4.152631578947369)","(5.0, 8.0, 7.545454545454545)"
07-12-2022 18:42:13.279117,"(41.0, 99999, 99990)","(16.0, 24.0, 18.428571428571427)","(5.0, 7.6, 7.288888888888889)","(12.0, 99999, 99990)","(2.45, 2.86, 2.7658823529411762)","(3.4, 4.3, 4.152631578947369)","(5.0, 8.0, 7.666666666666666)"
07-12-2022 18:42:14.433385,"(41.0, 99999, 99990)","(16.0, 24.0, 20.454545454545453)","(5.0, 7.6, 7.288888888888889)","(12.0, 99999, 99990)","(2.45, 2.86, 2.7658823529411762)","(3.4, 4.3, 4.203448275862069)","(5.0, 7.8, 7.5)"
07-12-2022 18:42:15.632789,"(41.0, 99999, 99990)","(16.0, 24.0, 21.0)","(5.0, 7.6, 7.288888888888889)","(12.0, 99999, 99990)","(2.45, 2.86, 2.7658823529411762)","(3.4, 4.3, 4.102702702702703)","(5.0, 7.8, 7.463414634146341)"
07-12-2022 18:42:16.879812,"(41.0, 99999, 99990)","(16.0, 24.0, 21.0)","(5.0, 7.6, 7.288888888888889)","(12.0, 99999, 99990)","(2.45, 2.86, 2.8020689655172415)","(3.4, 4.2, 4.102702702702703)","(5.0, 7.6, 7.46)"
07-12-2022 18:42:18.089169,"(41.0, 99999, 99990)","(16.0, 24.0, 21.0)","(5.0, 7.6, 7.288888888888889)","(12.0, 99999, 99990)","(2.45, 2.86, 2.8020689655172415)","(3.4, 4.2, 4.102702702702703)","(5.0, 7.6, 7.46)"
07-12-2022 18:42:19.318620,"(41.0, 99999, 99990)","(16.0, 24.0, 21.0)","(5.0, 7.6, 7.288888888888889)","(12.0, 99999, 99990)","(2.45, 2.86, 2.8010526315789472)","(3.4, 4.2, 4.102702702702703)","(5.0, 7.6, 7.46)"
07-12-2022 18:42:20.516962,"(41.0, 99999, 99990)","(16.0, 24.0, 21.0)","(5.0, 7.6, 7.288888888888889)","(12.0, 99999, 99990)","(2.45, 2.86, 2.811304347826087)","(3.4, 4.2, 4.102702702702703)","(5.0, 7.6, 7.3999999999999995)"
07-12-2022 18:42:22.090147,"(41.0, 99999, 99990)","(16.0, 24.0, 21.0)","(5.0, 7.6, 7.288888888888889)","(12.0, 99999, 99990)","(2.45, 2.86, 2.811304347826087)","(3.4, 4.2, 4.102702702702703)","(5.0, 7.6, 7.362162162162162)"
07-12-2022 18:42:23.456614,"(41.0, 99999, 99990)","(17.0, 24.0, 21.0)","(5.0, 7.6, 7.288888888888889)","(12.0, 99999, 99990)","(2.45, 2.86, 2.8098507462686566)","(3.4, 4.2, 4.09433962264151)","(5.0, 7.6, 7.353846153846154)"
07-12-2022 18:42:24.779253,"(41.0, 99999, 99990)","(17.0, 24.0, 21.0)","(5.0, 7.6, 7.288888888888889)","(12.0, 99999, 99990)","(2.45, 2.86, 2.776)","(3.4, 4.2, 4.09433962264151)","(5.0, 7.4, 7.353846153846154)"
07-12-2022 18:42:26.107903,"(41.0, 99999, 99990)","(17.0, 24.0, 21.0)","(5.0, 7.6, 7.288888888888889)","(12.0, 99999, 99990)","(2.45, 2.8, 2.781052631578947)","(3.4, 4.2, 4.09433962264151)","(5.0, 7.4, 6.7178571428571425)"
07-12-2022 18:42:27.480369,"(41.0, 99999, 99990)","(15.0, 24.0, 21.0)","(5.0, 7.6, 7.288888888888889)","(12.0, 99999, 99990)","(2.45, 2.8, 2.781052631578947)","(3.4, 4.2, 4.09433962264151)","(5.0, 6.8, 6.693023255813953)"
07-12-2022 18:42:28.756680,"(41.0, 99999, 99990)","(15.0, 23.0, 21.0)","(5.0, 7.6, 7.288888888888889)","(12.0, 99999, 99990)","(2.45, 2.8, 2.781052631578947)","(3.4, 4.2, 4.09433962264151)","(5.0, 6.8, 6.6499999999999995)"
07-12-2022 18:42:30.079974,"(41.0, 99999, 99990)","(15.0, 23.0, 20.23076923076923)","(5.0, 7.6, 7.490909090909091)","(12.0, 99999, 99990)","(2.45, 2.8, 2.781052631578947)","(3.4, 4.2, 4.09433962264151)","(5.0, 6.8, 6.564556962025316)"
07-12-2022 18:42:31.387566,"(41.0, 99999, 99990)","(15.0, 23.0, 20.23076923076923)","(5.0, 7.6, 7.490909090909091)","(12.0, 99999, 99990)","(2.45, 2.8, 2.7780487804878047)","(3.4, 4.2, 4.116279069767442)","(5.0, 6.6, 6.733333333333333)"
07-12-2022 18:42:32.630227,"(41.0, 99999, 99990)","(15.0, 23.0, 20.23076923076923)","(5.0, 7.6, 7.490909090909091)","(12.0, 99999, 99990)","(2.45, 2.78, 2.7780487804878047)","(3.4, 4.2, 4.116279069767442)","(5.0, 7.0, 6.709090909090909)"
07-12-2022 18:42:33.864572,"(41.0, 99999, 99990)","(15.0, 22.0, 21.0)","(5.0, 7.6, 7.490909090909091)","(12.0, 99999, 99990)","(2.45, 2.78, 2.7688888888888887)","(3.4, 4.2, 4.080645161290323)","(5.0, 7.2, 6.8769230769230765)"
07-12-2022 18:42:35.073518,"(41.0, 99999, 99990)","(15.0, 22.0, 19.9)","(5.0, 7.8, 7.64)","(12.0, 99999, 99990)","(2.45, 2.78, 2.7657142857142856)","(3.4, 4.2, 4.080645161290323)","(5.0, 7.0, 6.848275862068966)"
07-12-2022 18:42:36.205802,"(41.0, 99999, 99990)","(15.0, 22.0, 19.9)","(5.0, 7.8, 7.685714285714286)","(12.0, 99999, 99990)","(2.45, 2.78, 2.7657142857142856)","(3.4, 4.2, 4.080645161290323)","(5.0, 7.0, 6.848275862068966)"
07-12-2022 18:42:37.444736,"(41.0, 99999, 99990)","(15.0, 22.0, 19.61111111111111)","(5.0, 7.8, 7.685714285714286)","(12.0, 99999, 99990)","(2.45, 2.78, 2.7657142857142856)","(3.4, 4.2, 4.080645161290323)","(5.0, 7.0, 6.848275862068966)"
07-12-2022 18:42:38.655580,"(41.0, 99999, 99990)","(15.0, 21.0, 19.61111111111111)","(5.0, 7.8, 7.7272727272727275)","(12.0, 99999, 99990)","(2.45, 2.78, 2.775384615384615)","(3.4, 4.2, 4.078688524590164)","(5.0, 7.0, 6.837037037037037)"
07-12-2022 18:42:39.922464,"(41.0, 99999, 99990)","(15.0, 21.0, 19.61111111111111)","(5.0, 7.8, 7.7272727272727275)","(12.0, 99999, 99990)","(2.4, 2.78, 2.7736585365853657)","(3.4, 4.2, 4.078688524590164)","(5.0, 7.0, 6.837037037037037)"
07-12-2022 18:42:41.219631,"(41.0, 99999, 99990)","(15.0, 21.0, 19.333333333333332)","(5.0, 7.8, 7.711111111111111)","(12.0, 99999, 99990)","(2.4, 2.8, 2.7736585365853657)","(3.4, 4.2, 4.078688524590164)","(5.0, 7.0, 6.837037037037037)"
07-12-2022 18:42:42.440166,"(41.0, 99999, 99990)","(15.0, 21.0, 19.61111111111111)","(5.0, 7.8, 7.744827586206896)","(12.0, 99999, 99990)","(2.4, 2.8, 2.774074074074074)","(3.4, 4.2, 4.078688524590164)","(5.0, 7.0, 6.8)"
07-12-2022 18:42:43.817545,"(41.0, 99999, 99990)","(15.0, 20.0, 19.5)","(5.0, 7.8, 7.744827586206896)","(12.0, 99999, 99990)","(2.4, 2.78, 2.778181818181818)","(3.4, 4.2, 4.078688524590164)","(5.0, 7.0, 6.8)"
07-12-2022 18:42:45.103239,"(41.0, 99999, 99990)","(15.0, 20.0, 19.5)","(5.0, 7.8, 7.7384615384615385)","(12.0, 99999, 99990)","(2.4, 2.8, 2.7787499999999996)","(3.4, 4.2, 4.078688524590164)","(5.0, 7.0, 6.8)"
07-12-2022 18:42:46.393503,"(41.0, 99999, 99990)","(17.0, 20.0, 19.166666666666668)","(5.0, 7.8, 7.96)","(12.0, 99999, 99990)","(2.4, 2.8, 2.7948837209302324)","(3.4, 4.2, 4.078688524590164)","(5.0, 7.0, 6.8)"
07-12-2022 18:42:47.641341,"(41.0, 99999, 99990)","(17.0, 20.0, 19.166666666666668)","(5.0, 8.2, 7.988235294117647)","(12.0, 99999, 99990)","(2.4, 2.86, 2.7948837209302324)","(3.4, 4.2, 4.083870967741936)","(5.0, 7.0, 6.811764705882353)"
07-12-2022 18:42:48.920821,"(41.0, 99999, 99990)","(17.0, 20.0, 18.5)","(5.0, 8.2, 7.8999999999999995)","(12.0, 99999, 99990)","(2.4, 2.86, 2.7991304347826085)","(3.4, 4.2, 4.08)","(5.0, 7.0, 6.811764705882353)"
07-12-2022 18:42:50.142168,"(41.0, 99999, 99990)","(15.0, 20.0, 18.5)","(5.0, 8.2, 7.825)","(12.0, 99999, 99990)","(2.4, 2.86, 2.80047619047619)","(3.4, 4.2, 4.060714285714286)","(5.0, 7.0, 6.775609756097561)"
07-12-2022 18:42:51.366439,"(41.0, 99999, 99990)","(15.0, 20.0, 18.727272727272727)","(5.0, 8.0, 7.8133333333333335)","(12.0, 99999, 99990)","(2.4, 2.86, 2.7969565217391303)","(3.4, 4.2, 4.146938775510204)","(5.0, 7.0, 6.721212121212121)"
07-12-2022 18:42:52.616623,"(41.0, 99999, 99990)","(15.0, 19.0, 18.727272727272727)","(5.0, 8.0, 8.073684210526315)","(12.0, 99999, 99990)","(2.4, 2.86, 2.80047619047619)","(3.4, 4.2, 4.15593220338983)","(5.0, 7.0, 6.721212121212121)"
07-12-2022 18:42:53.900367,"(41.0, 99999, 99990)","(15.0, 18.5, 17.428571428571427)","(5.0, 8.2, 8.073684210526315)","(12.0, 99999, 99990)","(2.4, 2.86, 2.80047619047619)","(3.4, 4.2, 4.147368421052631)","(5.0, 7.0, 6.778947368421052)"
07-12-2022 18:42:55.102288,"(41.0, 99999, 99990)","(15.0, 18.5, 17.428571428571427)","(5.0, 8.2, 7.885714285714285)","(12.0, 99999, 99990)","(2.4, 2.86, 2.80047619047619)","(3.4, 4.2, 4.147368421052631)","(5.0, 7.0, 6.778947368421052)"
07-12-2022 18:42:56.232085,"(41.0, 99999, 99990)","(15.0, 18.5, 17.024193548387096)","(5.0, 8.0, 7.776470588235294)","(12.0, 99999, 99990)","(2.4, 2.86, 2.831304347826087)","(3.4, 4.2, 4.136363636363636)","(5.0, 7.0, 6.3100000000000005)"
07-12-2022 18:42:57.478165,"(41.0, 99999, 99990)","(15.0, 17.0, 15.591603053435115)","(5.0, 7.8, 8.129411764705882)","(12.0, 99999, 99990)","(2.4, 2.92, 2.839047619047619)","(3.4, 4.2, 4.190909090909091)","(5.0, 6.4, 6.177777777777778)"
07-12-2022 18:42:58.720841,"(41.0, 99999, 99990)","(15.0, 17.0, 16.136363636363637)","(5.0, 8.2, 8.127272727272727)","(12.0, 99999, 99990)","(2.4, 2.92, 2.8975)","(3.4, 4.2, 4.195348837209303)","(5.0, 6.2, 6.048648648648649)"
07-12-2022 18:42:59.988272,"(41.0, 99999, 99990)","(15.0, 16.5, 16.136363636363637)","(5.0, 8.2, 8.127272727272727)","(12.0, 99999, 99990)","(2.4, 2.92, 2.9015384615384616)","(3.4, 4.2, 4.209333333333333)","(5.0, 6.4, 5.987500000000001)"
07-12-2022 18:43:01.468825,"(41.0, 99999, 99990)","(15.0, 16.0, 15.433333333333334)","(5.0, 8.2, 8.142857142857142)","(12.0, 99999, 99990)","(2.4, 2.92, 2.9015384615384616)","(3.4, 4.3, 4.217073170731707)","(5.0, 6.2, 5.998630136986302)"
07-12-2022 18:43:03.034082,"(41.0, 99999, 99990)","(15.0, 15.5, 15.35)","(5.0, 8.2, 8.0)","(12.0, 99999, 99990)","(2.4, 2.92, 2.9015384615384616)","(3.4, 4.3, 4.211111111111111)","(5.0, 6.2, 5.963888888888889)"
07-12-2022 18:43:04.399327,"(41.0, 99999, 99990)","(15.0, 15.5, 15.35)","(5.0, 8.2, 8.0)","(12.0, 99999, 99990)","(2.4, 2.92, 2.9015384615384616)","(3.4, 4.3, 4.211111111111111)","(5.0, 6.0, 5.963888888888889)"
07-12-2022 18:43:05.871598,"(41.0, 99999, 99990)","(15.0, 15.5, 15.3)","(5.0, 8.2, 8.11111111111111)","(12.0, 99999, 99990)","(2.4, 2.92, 2.9085714285714284)","(3.4, 4.3, 4.211111111111111)","(5.0, 6.0, 5.963888888888889)"
07-12-2022 18:43:07.327896,"(41.0, 99999, 99990)","(14.0, 15.5, 15.3)","(5.0, 8.2, 8.152941176470588)","(12.0, 99999, 99990)","(2.4, 2.92, 2.9015384615384616)","(3.4, 4.3, 4.222448979591837)","(5.0, 6.0, 5.987500000000001)"
07-12-2022 18:43:08.651373,"(41.0, 99999, 99990)","(14.0, 15.5, 15.3)","(5.0, 8.2, 8.152941176470588)","(12.0, 99999, 99990)","(2.4, 2.92, 2.9015384615384616)","(3.4, 4.3, 4.222448979591837)","(5.0, 6.2, 5.987500000000001)"
07-12-2022 18:43:09.890368,"(41.0, 99999, 99990)","(14.0, 15.5, 15.409090909090908)","(5.0, 8.2, 8.166666666666666)","(12.0, 99999, 99990)","(2.4, 2.92, 2.9015384615384616)","(3.4, 4.3, 4.222448979591837)","(5.0, 6.2, 5.994029850746269)"
07-12-2022 18:43:11.158730,"(41.0, 99999, 99990)","(14.0, 15.5, 15.409090909090908)","(5.5, 8.4, 8.105263157894736)","(12.0, 99999, 99990)","(2.4, 2.92, 2.9015384615384616)","(3.5, 4.3, 4.222448979591837)","(5.0, 6.2, 6.0)"
07-12-2022 18:43:12.435398,"(41.0, 99999, 99990)","(14.0, 15.5, 15.409090909090908)","(5.5, 8.4, 8.105263157894736)","(12.0, 99999, 99990)","(2.4, 2.92, 2.9015384615384616)","(3.5, 4.3, 4.222448979591837)","(5.0, 6.2, 6.0)"
07-12-2022 18:43:13.732869,"(41.0, 99999, 99990)","(14.0, 15.5, 15.409090909090908)","(5.5, 8.4, 8.166666666666666)","(12.0, 99999, 99990)","(2.4, 2.92, 2.9015384615384616)","(3.5, 4.3, 4.222448979591837)","(5.0, 6.2, 6.0)"
07-12-2022 18:43:14.922541,"(41.0, 99999, 99990)","(14.0, 15.5, 15.409090909090908)","(5.5, 8.4, 8.05)","(12.0, 99999, 99990)","(2.4, 2.92, 2.9028571428571426)","(3.5, 4.3, 4.243181818181818)","(5.0, 6.2, 6.0)"
07-12-2022 18:43:16.171982,"(41.0, 99999, 99990)","(14.0, 15.5, 15.4)","(5.5, 8.4, 8.418181818181818)","(12.0, 99999, 99990)","(2.4, 2.92, 2.912)","(3.5, 4.3, 4.232758620689655)","(5.0, 6.2, 5.994029850746269)"
07-12-2022 18:43:17.442123,"(41.0, 99999, 99990)","(14.0, 15.5, 15.125)","(5.5, 8.6, 8.442105263157895)","(12.0, 99999, 99990)","(2.4, 2.92, 2.9127272727272726)","(3.5, 4.3, 4.243181818181818)","(5.0, 6.2, 5.987692307692308)"
07-12-2022 18:43:18.730396,"(41.0, 99999, 99990)","(14.0, 15.5, 15.125)","(5.5, 8.6, 8.442105263157895)","(12.0, 99999, 99990)","(2.4, 2.92, 2.9547826086956523)","(3.5, 4.3, 4.2542857142857144)","(5.0, 6.2, 5.987692307692308)"
07-12-2022 18:43:20.008023,"(41.0, 99999, 99990)","(14.0, 16.0, 15.318181818181818)","(5.5, 8.6, 8.327272727272726)","(12.0, 99999, 99990)","(2.4, 2.96, 2.9576)","(3.5, 4.4, 4.2542857142857144)","(5.0, 6.2, 5.987692307692308)"
07-12-2022 18:43:21.318354,"(41.0, 99999, 99990)","(14.0, 16.0, 15.166666666666666)","(5.5, 8.6, 8.525)","(12.0, 99999, 99990)","(2.4, 2.96, 2.9576)","(3.5, 4.4, 4.241304347826087)","(5.0, 6.2, 5.987692307692308)"
07-12-2022 18:43:22.599631,"(41.0, 99999, 99990)","(14.0, 15.5, 14.9)","(5.5, 8.6, 8.236363636363636)","(12.0, 99999, 99990)","(2.45, 2.96, 2.9576)","(3.5, 4.3, 4.29047619047619)","(5.0, 6.2, 6.064705882352941)"
07-12-2022 18:43:23.909088,"(41.0, 99999, 99990)","(13.0, 15.5, 14.9)","(5.5, 8.6, 8.236363636363636)","(12.0, 99999, 99990)","(2.45, 2.96, 2.9742307692307692)","(3.5, 4.3, 4.264285714285714)","(5.0, 6.2, 6.062686567164179)"
07-12-2022 18:43:25.198639,"(41.0, 99999, 99990)","(13.0, 15.5, 14.9)","(5.5, 8.6, 8.236363636363636)","(12.0, 99999, 99990)","(2.45, 2.98, 2.9742307692307692)","(3.5, 4.3, 4.248648648648649)","(5.0, 6.2, 6.062686567164179)"
07-12-2022 18:43:26.932960,"(41.0, 99999, 99990)","(13.0, 15.5, 14.9)","(5.5, 9.0, 8.52)","(12.0, 99999, 99990)","(2.45, 2.98, 2.96125)","(3.5, 4.3, 4.248648648648649)","(5.0, 6.2, 6.062686567164179)"
07-12-2022 18:43:28.357741,"(41.0, 99999, 99990)","(13.0, 15.5, 14.9)","(5.5, 9.0, 8.733333333333334)","(12.0, 99999, 99990)","(2.45, 2.98, 2.9391304347826086)","(3.5, 4.3, 4.248648648648649)","(5.0, 6.2, 6.062686567164179)"
07-12-2022 18:43:30.010196,"(41.0, 99999, 99990)","(13.0, 15.5, 14.9)","(5.5, 9.0, 8.615384615384615)","(12.0, 99999, 99990)","(2.5, 2.96, 2.932857142857143)","(3.5, 4.3, 4.235714285714286)","(5.0, 6.2, 6.062686567164179)"
07-12-2022 18:43:31.443949,"(41.0, 99999, 99990)","(13.0, 15.5, 14.433333333333334)","(5.5, 8.8, 9.59142857142857)","(12.0, 99999, 99990)","(2.5, 2.96, 2.912)","(3.5, 4.3, 4.277777777777778)","(5.0, 6.2, 6.140000000000001)"
07-12-2022 18:43:33.147724,"(41.0, 99999, 99990)","(13.0, 15.5, 14.657894736842106)","(5.5, 9.6, 9.587755102040816)","(11.0, 99999, 99990)","(2.45, 2.96, 2.9066666666666667)","(3.5, 4.3, 4.277777777777778)","(4.8, 6.4, 6.09438202247191)"
07-12-2022 18:43:34.732675,"(41.0, 99999, 99990)","(13.0, 15.5, 14.657894736842106)","(5.5, 9.6, 9.587755102040816)","(11.0, 99999, 99990)","(2.45, 2.92, 2.9908333333333332)","(3.5, 4.3, 4.2375)","(4.8, 6.4, 5.9487804878048784)"
07-12-2022 18:43:36.219715,"(41.0, 99999, 99990)","(12.0, 15.5, 14.678571428571429)","(5.5, 9.6, 9.571428571428571)","(11.0, 99999, 99990)","(2.5, 3.0, 2.9985454545454546)","(3.6, 4.3, 4.0928571428571425)","(5.0, 6.4, 5.923076923076923)"
07-12-2022 18:43:37.656016,"(41.0, 99999, 99990)","(12.0, 15.0, 14.678571428571429)","(5.5, 9.6, 9.742857142857144)","(11.0, 99999, 99990)","(2.5, 3.0, 2.9985454545454546)","(3.6, 4.1, 4.066666666666666)","(5.0, 6.0, 5.92)"
07-12-2022 18:43:39.222457,"(41.0, 99999, 99990)","(12.0, 15.0, 14.25)","(5.5, 9.8, 9.742857142857144)","(11.0, 99999, 99990)","(2.5, 3.0, 3.040742857142857)","(3.6, 4.1, 4.005405405405406)","(5.0, 6.0, 5.95)"
07-12-2022 18:43:40.624232,"(41.0, 99999, 99990)","(12.0, 15.0, 14.0)","(5.5, 9.8, 9.742857142857144)","(11.0, 99999, 99990)","(2.5, 3.05, 3.045527950310559)","(3.6, 4.2, 4.0055555555555555)","(5.0, 6.0, 5.914285714285715)"
07-12-2022 18:43:42.356541,"(41.0, 99999, 99990)","(12.0, 15.0, 14.0)","(5.5, 9.8, 10.11111111111111)","(11.0, 99999, 99990)","(2.5, 3.05, 3.0899551569506727)","(3.6, 4.1, 4.002631578947368)","(5.0, 6.0, 5.733333333333333)"
07-12-2022 18:43:44.203364,"(41.0, 99999, 99990)","(12.0, 14.5, 14.5)","(5.5, 10.5, 8.034246575342467)","(11.0, 99999, 99990)","(2.5, 3.1, 2.994074074074074)","(3.6, 4.1, 4.026086956521739)","(5.0, 5.8, 5.6365384615384615)"
07-12-2022 18:43:45.738157,"(41.0, 99999, 99990)","(12.0, 15.0, 14.833333333333334)","(5.5, 9.0, 8.096153846153847)","(11.0, 99999, 99990)","(2.5, 3.0, 3.0342499999999997)","(3.6, 4.1, 4.1000000000000005)","(5.0, 5.8, 5.708602150537635)"
07-12-2022 18:43:47.147696,"(41.0, 99999, 99990)","(12.0, 15.0, 15.5)","(5.5, 9.0, 8.631578947368421)","(11.0, 99999, 99990)","(2.5, 3.05, 3.040597014925373)","(3.6, 4.2, 4.077272727272727)","(5.0, 5.8, 5.6475)"
07-12-2022 18:43:48.480495,"(41.0, 99999, 99990)","(12.0, 16.5, 15.5)","(6.0, 8.8, 8.609523809523811)","(12.0, 99999, 99990)","(2.6, 3.05, 3.040597014925373)","(3.6, 4.1, 4.094444444444444)","(5.0, 5.7, 5.715686274509804)"
07-12-2022 18:43:50.631378,"(41.0, 99999, 99990)","(12.0, 16.5, 14.884615384615385)","(6.0, 8.8, 8.64)","(12.0, 99999, 99990)","(2.6, 3.05, 3.043076923076923)","(3.6, 4.2, 4.094444444444444)","(5.0, 6.0, 5.726829268292683)"
07-12-2022 18:43:52.016184,"(41.0, 99999, 99990)","(12.0, 16.5, 15.1)","(6.0, 8.8, 8.342857142857143)","(12.0, 99999, 99990)","(2.6, 3.05, 3.0437)","(3.6, 4.2, 4.102564102564102)","(5.0, 5.8, 5.755223880597015)"
07-12-2022 18:43:53.584670,"(41.0, 99999, 99990)","(12.0, 16.5, 15.264705882352942)","(6.0, 8.8, 7.8083916083916085)","(12.0, 99999, 99990)","(2.6, 3.05, 3.0441666666666665)","(3.6, 4.2, 4.095774647887324)","(5.0, 5.8, 5.663157894736842)"
07-12-2022 18:43:54.980993,"(41.0, 99999, 99990)","(12.0, 16.5, 15.0)","(6.0, 8.4, 8.32)","(12.0, 99999, 99990)","(2.6, 3.05, 2.940558139534884)","(3.6, 4.2, 4.124390243902439)","(5.0, 5.7, 5.742857142857143)"
07-12-2022 18:43:56.685130,"(41.0, 99999, 99990)","(12.0, 16.5, 15.2)","(6.0, 8.8, 8.927272727272726)","(12.0, 99999, 99990)","(2.6, 2.98, 2.9265)","(3.6, 4.3, 4.175)","(5.0, 5.8, 5.76)"
07-12-2022 18:43:58.064190,"(41.0, 99999, 99990)","(12.0, 16.0, 14.108527131782946)","(6.0, 9.2, 8.48)","(12.0, 99999, 99990)","(2.6, 2.94, 2.8923529411764703)","(3.6, 4.2, 4.20952380952381)","(5.0, 6.0, 5.861538461538462)"
07-12-2022 18:43:59.410416,"(41.0, 99999, 99990)","(12.0, 17.0, 14.702205882352942)","(6.0, 9.2, 8.066666666666666)","(12.0, 99999, 99990)","(2.6, 2.94, 2.8955555555555557)","(3.6, 4.4, 4.272972972972973)","(5.0, 6.0, 5.9)"
07-12-2022 18:44:00.687229,"(41.0, 99999, 99990)","(12.0, 17.0, 14.702205882352942)","(6.0, 8.6, 8.533333333333333)","(12.0, 99999, 99990)","(2.6, 2.94, 2.847179487179487)","(3.6, 4.3, 4.261971830985916)","(5.0, 6.0, 5.868571428571428)"
07-12-2022 18:44:01.974422,"(41.0, 99999, 99990)","(12.0, 17.0, 14.540322580645162)","(6.0, 9.0, 8.4)","(12.0, 99999, 99990)","(2.6, 2.96, 2.864444444444444)","(3.6, 4.3, 4.184536082474226)","(5.0, 6.2, 5.94)"
07-12-2022 18:44:03.416564,"(41.0, 99999, 99990)","(12.0, 17.0, 22.6)","(6.0, 8.8, 8.1)","(12.0, 99999, 99990)","(2.6, 2.96, 2.65)","(3.7, 4.3, 4.72)","(5.0, 6.0, 7.050000000000001)"
07-12-2022 18:44:04.662526,"(41.0, 99999, 99990)","(12.0, 34.0, 26.5)","(6.0, 11.0, 8.1)","(12.0, 99999, 99990)","(2.6, 3.95, 2.9411111111111112)","(3.7, 5.8, 4.84375)","(5.0, 9.4, 6.237500000000001)"
07-12-2022 18:44:05.926252,"(41.0, 99999, 99990)","(12.0, 23.0, 19.166666666666668)","(6.0, 11.0, 8.1)","(12.0, 99999, 99990)","(2.6, 2.98, 2.9411111111111112)","(3.7, 5.8, 3.313333333333333)","(5.0, 8.8, 6.237500000000001)"
07-12-2022 18:44:07.188109,"(41.0, 99999, 99990)","(12.0, 23.0, 19.166666666666668)","(6.0, 11.0, 8.766666666666666)","(12.0, 99999, 99990)","(2.6, 2.98, 2.9411111111111112)","(3.7, 4.1, 4.45)","(5.0, 8.8, 6.237500000000001)"
07-12-2022 18:44:08.518902,"(41.0, 99999, 99990)","(12.0, 23.0, 19.166666666666668)","(6.0, 10.5, 8.766666666666666)","(12.0, 99999, 99990)","(2.6, 2.98, 2.943157894736842)","(3.7, 5.8, 3.243333333333333)","(5.0, 8.8, 6.237500000000001)"
07-12-2022 18:44:09.789345,"(41.0, 99999, 99990)","(12.0, 23.0, 19.166666666666668)","(6.0, 10.5, 8.766666666666666)","(12.0, 99999, 99990)","(2.6, 2.98, 2.5815384615384613)","(3.7, 3.85, 4.37)","(5.0, 8.8, 5.7250000000000005)"
07-12-2022 18:44:10.979696,"(41.0, 99999, 99990)","(12.0, 23.0, 19.166666666666668)","(6.0, 10.5, 9.85)","(12.0, 99999, 99990)","(2.6, 2.92, 2.86)","(3.7, 5.8, 2.8649999999999998)","(5.0, 8.8, 8.08)"
07-12-2022 18:44:12.244391,"(41.0, 99999, 99990)","(12.0, 23.0, 17.75)","(6.0, 10.5, 9.25)","(12.0, 99999, 99990)","(2.6, 2.9, 2.804705882352941)","(3.7, 2.88, 3.42375)","(5.0, 8.8, 5.875)"
07-12-2022 18:44:13.501348,"(41.0, 99999, 99990)","(12.0, 23.0, 17.75)","(6.0, 10.5, 8.0)","(12.0, 99999, 99990)","(2.6, 2.92, 2.815)","(3.7, 3.75, 2.7662458471760796)","(5.0, 8.8, 6.07)"
