,Roxy Danger,Air Head,Tah Tracey,Good Chat,Buckle Up Lila,Primal Dancer,Lyncar Kath,Law Abiding
10-01-2023 11:58:16.439190,"(3.3, 6.2, 5.814285714285714)","(4.2, 4.8, 4.246153846153846)","(2.8, 3.3, 3.27)","(8.5, 9.8, 9.013559322033899)","(4.8, 9.6, 9.085714285714285)","(26.0, 34.0, 29.846153846153847)","(61.0, 180.0, 126.0)","(41.0, 55.0, 49.0)"
10-01-2023 11:58:17.772428,"(3.3, 6.2, 6.0)","(4.2, 4.8, 4.26)","(2.8, 3.3, 3.25)","(8.5, 9.8, 9.013559322033899)","(4.8, 8.0, 7.694545454545454)","(26.0, 34.0, 29.846153846153847)","(61.0, 180.0, 126.0)","(41.0, 55.0, 49.0)"
10-01-2023 11:58:18.928531,"(3.3, 6.2, 5.9818181818181815)","(4.2, 4.8, 4.26)","(2.8, 3.3, 3.25)","(8.5, 9.8, 9.013559322033899)","(4.8, 8.0, 7.694545454545454)","(26.0, 34.0, 29.846153846153847)","(71.0, 180.0, 126.0)","(41.0, 55.0, 49.0)"
10-01-2023 11:58:20.087091,"(3.3, 6.4, 6.166666666666667)","(4.2, 4.8, 4.26)","(2.8, 3.3, 3.2642857142857142)","(8.5, 9.8, 9.013559322033899)","(4.8, 8.0, 7.7625)","(26.0, 34.0, 29.846153846153847)","(71.0, 180.0, 126.0)","(41.0, 55.0, 49.0)"
10-01-2023 11:58:21.211581,"(3.3, 6.4, 6.166666666666667)","(4.2, 4.8, 4.26)","(2.8, 3.3, 3.2583333333333333)","(8.5, 9.8, 9.013559322033899)","(4.8, 8.0, 7.7625)","(26.0, 34.0, 29.846153846153847)","(71.0, 180.0, 126.0)","(41.0, 55.0, 49.0)"
10-01-2023 11:58:22.338940,"(3.3, 6.4, 6.166666666666667)","(4.2, 4.8, 4.26)","(2.8, 3.3, 3.2318181818181815)","(8.5, 9.8, 9.013559322033899)","(4.8, 8.0, 7.7625)","(26.0, 34.0, 29.846153846153847)","(71.0, 180.0, 126.0)","(41.0, 55.0, 49.0)"
10-01-2023 11:58:23.463256,"(3.3, 6.4, 6.166666666666667)","(4.2, 4.8, 4.26)","(2.8, 3.3, 3.2318181818181815)","(8.5, 9.8, 9.013559322033899)","(4.8, 8.0, 7.7625)","(26.0, 34.0, 29.846153846153847)","(71.0, 180.0, 121.15384615384616)","(41.0, 55.0, 49.0)"
10-01-2023 11:58:24.645787,"(3.3, 6.4, 6.166666666666667)","(4.2, 4.8, 4.26)","(2.8, 3.3, 3.2318181818181815)","(8.5, 9.8, 9.013559322033899)","(4.8, 8.0, 7.7762711864406775)","(26.0, 34.0, 29.846153846153847)","(71.0, 180.0, 108.0)","(41.0, 55.0, 49.0)"
10-01-2023 11:58:26.059707,"(3.3, 6.4, 5.954545454545455)","(4.2, 4.8, 4.26)","(2.8, 3.3, 3.2318181818181815)","(8.5, 9.8, 9.013559322033899)","(4.8, 8.0, 7.7762711864406775)","(26.0, 34.0, 29.846153846153847)","(71.0, 180.0, 108.0)","(41.0, 55.0, 49.0)"
10-01-2023 11:58:27.140082,"(3.3, 6.4, 6.108333333333333)","(4.2, 4.8, 4.3)","(2.8, 3.3, 3.2318181818181815)","(8.5, 9.6, 9.17142857142857)","(4.8, 8.0, 7.7762711864406775)","(26.0, 34.0, 29.846153846153847)","(71.0, 180.0, 108.0)","(41.0, 55.0, 49.0)"
10-01-2023 11:58:28.291717,"(3.3, 6.4, 6.108333333333333)","(4.2, 4.8, 4.3)","(2.8, 3.3, 3.2318181818181815)","(8.5, 9.6, 9.125)","(4.8, 8.0, 7.7762711864406775)","(26.0, 34.0, 29.846153846153847)","(71.0, 180.0, 108.0)","(41.0, 55.0, 49.0)"
10-01-2023 11:58:29.398780,"(3.3, 6.4, 6.108333333333333)","(4.2, 4.8, 4.3)","(2.8, 3.3, 3.2318181818181815)","(8.5, 9.6, 9.161538461538461)","(4.8, 8.0, 7.792592592592593)","(26.0, 34.0, 29.846153846153847)","(71.0, 180.0, 108.0)","(41.0, 55.0, 49.0)"
10-01-2023 11:58:30.489536,"(3.3, 6.4, 6.108333333333333)","(4.2, 4.8, 4.3)","(2.8, 3.3, 3.2318181818181815)","(8.5, 9.6, 9.161538461538461)","(4.8, 8.0, 7.792592592592593)","(26.0, 34.0, 29.846153846153847)","(71.0, 180.0, 108.0)","(41.0, 55.0, 49.0)"
10-01-2023 11:58:31.542158,"(3.3, 6.4, 6.108333333333333)","(4.2, 4.8, 4.3)","(2.8, 3.3, 3.2318181818181815)","(8.5, 9.6, 9.161538461538461)","(4.8, 8.0, 7.792592592592593)","(26.0, 34.0, 29.846153846153847)","(71.0, 180.0, 108.0)","(41.0, 55.0, 49.0)"
10-01-2023 11:58:32.647712,"(3.3, 6.4, 5.954545454545455)","(4.2, 4.8, 4.3)","(2.8, 3.3, 3.2318181818181815)","(8.5, 9.6, 9.161538461538461)","(4.8, 8.0, 7.792592592592593)","(26.0, 34.0, 29.846153846153847)","(71.0, 180.0, 108.0)","(41.0, 55.0, 49.0)"
10-01-2023 11:58:33.805428,"(3.3, 6.4, 6.155)","(4.2, 4.8, 4.3)","(2.8, 3.3, 3.2318181818181815)","(8.5, 9.6, 9.161538461538461)","(4.8, 8.0, 7.792592592592593)","(26.0, 34.0, 29.846153846153847)","(71.0, 180.0, 108.0)","(41.0, 55.0, 49.0)"
10-01-2023 11:58:34.945582,"(3.3, 6.4, 6.155)","(4.2, 4.8, 4.3)","(2.8, 3.3, 3.2318181818181815)","(8.5, 9.6, 9.161538461538461)","(4.8, 8.0, 7.792592592592593)","(26.0, 34.0, 29.846153846153847)","(71.0, 180.0, 108.0)","(41.0, 55.0, 49.0)"
10-01-2023 11:58:36.177269,"(3.3, 6.4, 6.155)","(4.2, 4.8, 4.3)","(2.8, 3.3, 3.2318181818181815)","(8.5, 9.6, 9.161538461538461)","(4.8, 8.0, 7.812244897959183)","(26.0, 34.0, 29.846153846153847)","(71.0, 180.0, 108.0)","(41.0, 55.0, 49.0)"
10-01-2023 11:58:37.280432,"(3.3, 6.4, 6.127777777777778)","(4.2, 4.8, 4.3)","(2.8, 3.3, 3.2318181818181815)","(8.5, 9.6, 9.161538461538461)","(4.8, 8.0, 7.812244897959183)","(26.0, 34.0, 29.846153846153847)","(71.0, 180.0, 108.0)","(41.0, 55.0, 49.0)"
10-01-2023 11:58:38.401098,"(3.4, 6.4, 6.127777777777778)","(4.2, 4.8, 4.3)","(2.7, 3.3, 3.2605263157894733)","(8.5, 9.6, 9.161538461538461)","(4.8, 8.0, 7.812244897959183)","(26.0, 34.0, 29.846153846153847)","(71.0, 180.0, 108.0)","(41.0, 55.0, 49.0)"
10-01-2023 11:58:39.502927,"(3.4, 6.4, 6.127777777777778)","(4.2, 4.8, 4.3)","(2.7, 3.3, 3.2605263157894733)","(8.5, 9.6, 9.161538461538461)","(4.8, 8.0, 7.812244897959183)","(26.0, 34.0, 29.846153846153847)","(71.0, 180.0, 108.0)","(41.0, 55.0, 50.714285714285715)"
10-01-2023 11:58:40.610522,"(3.4, 6.4, 6.023076923076923)","(4.2, 4.8, 4.3)","(2.7, 3.3, 3.2605263157894733)","(8.5, 9.6, 9.161538461538461)","(4.8, 8.0, 7.812244897959183)","(26.0, 34.0, 29.846153846153847)","(71.0, 180.0, 108.0)","(41.0, 55.0, 50.714285714285715)"
10-01-2023 11:58:41.721247,"(3.4, 6.4, 6.166666666666667)","(4.2, 4.8, 4.266666666666667)","(2.7, 3.3, 3.2605263157894733)","(8.5, 9.6, 9.161538461538461)","(4.8, 8.0, 7.8769230769230765)","(26.0, 34.0, 29.846153846153847)","(71.0, 180.0, 108.0)","(41.0, 55.0, 50.714285714285715)"
10-01-2023 11:58:42.839353,"(3.4, 6.4, 6.166666666666667)","(4.2, 4.8, 4.266666666666667)","(2.7, 3.3, 3.271153846153846)","(8.5, 9.6, 9.125)","(4.8, 8.0, 7.8769230769230765)","(26.0, 34.0, 29.846153846153847)","(71.0, 180.0, 108.0)","(41.0, 55.0, 50.714285714285715)"
10-01-2023 11:58:43.937780,"(3.4, 6.4, 6.066666666666666)","(4.2, 4.8, 4.266666666666667)","(2.7, 3.3, 3.271153846153846)","(8.5, 9.6, 9.125)","(4.8, 8.0, 7.8769230769230765)","(26.0, 34.0, 29.846153846153847)","(71.0, 180.0, 108.0)","(41.0, 55.0, 50.714285714285715)"
10-01-2023 11:58:44.988568,"(3.4, 6.4, 6.036363636363636)","(4.2, 4.8, 4.3)","(2.7, 3.3, 3.271153846153846)","(8.5, 9.6, 9.125)","(4.8, 8.0, 7.8769230769230765)","(26.0, 34.0, 29.846153846153847)","(71.0, 180.0, 108.0)","(41.0, 55.0, 50.714285714285715)"
10-01-2023 11:58:46.097531,"(3.4, 6.4, 5.9625)","(4.2, 4.8, 4.3)","(2.7, 3.3, 3.271153846153846)","(8.5, 9.6, 9.125)","(4.8, 8.0, 7.8769230769230765)","(26.0, 34.0, 29.846153846153847)","(71.0, 180.0, 108.0)","(41.0, 55.0, 50.714285714285715)"
10-01-2023 11:58:47.174484,"(3.4, 6.4, 5.933333333333334)","(4.2, 4.8, 4.3)","(2.7, 3.3, 3.271153846153846)","(8.5, 9.6, 9.057142857142857)","(4.8, 8.0, 7.8769230769230765)","(26.0, 34.0, 29.846153846153847)","(71.0, 180.0, 108.0)","(41.0, 55.0, 50.714285714285715)"
10-01-2023 11:58:48.198459,"(3.4, 6.4, 6.266666666666667)","(4.2, 4.8, 4.3)","(2.7, 3.3, 3.271153846153846)","(8.5, 9.6, 9.057142857142857)","(4.8, 8.0, 7.917948717948718)","(26.0, 34.0, 29.846153846153847)","(71.0, 180.0, 108.0)","(41.0, 55.0, 50.714285714285715)"
10-01-2023 11:58:49.235225,"(3.4, 6.4, 5.816666666666666)","(4.2, 4.8, 4.266666666666667)","(2.7, 3.3, 3.271153846153846)","(8.5, 9.6, 9.057142857142857)","(4.8, 8.0, 7.917948717948718)","(26.0, 34.0, 29.846153846153847)","(71.0, 180.0, 108.0)","(41.0, 55.0, 50.714285714285715)"
10-01-2023 11:58:50.268414,"(3.4, 6.4, 5.816666666666666)","(4.2, 4.8, 4.3)","(2.7, 3.3, 3.245454545454545)","(8.5, 9.6, 9.057142857142857)","(4.8, 8.0, 7.917948717948718)","(26.0, 34.0, 29.846153846153847)","(71.0, 180.0, 108.0)","(41.0, 55.0, 50.714285714285715)"
10-01-2023 11:58:51.345357,"(3.4, 6.4, 5.816666666666666)","(4.2, 4.8, 4.3)","(2.7, 3.3, 3.28)","(8.5, 9.6, 9.057142857142857)","(4.8, 8.0, 7.917948717948718)","(26.0, 34.0, 29.846153846153847)","(71.0, 180.0, 108.0)","(41.0, 55.0, 50.714285714285715)"
10-01-2023 11:58:52.376894,"(3.4, 6.4, 5.816666666666666)","(4.2, 4.8, 4.3)","(2.7, 3.3, 3.28)","(8.5, 9.6, 9.057142857142857)","(4.8, 8.0, 7.917948717948718)","(26.0, 34.0, 29.846153846153847)","(71.0, 180.0, 108.0)","(41.0, 55.0, 50.714285714285715)"
10-01-2023 11:58:53.428928,"(3.4, 6.4, 5.816666666666666)","(4.2, 4.8, 4.3)","(2.7, 3.3, 3.28)","(8.5, 9.6, 9.057142857142857)","(4.8, 8.0, 7.917948717948718)","(26.0, 34.0, 29.846153846153847)","(71.0, 180.0, 108.0)","(41.0, 55.0, 50.714285714285715)"
10-01-2023 11:58:54.479324,"(3.4, 6.4, 6.08)","(4.2, 4.8, 4.3)","(2.7, 3.3, 3.28)","(8.5, 9.6, 9.057142857142857)","(4.8, 8.0, 7.958620689655173)","(26.0, 34.0, 29.846153846153847)","(71.0, 180.0, 108.0)","(41.0, 55.0, 50.714285714285715)"
10-01-2023 11:58:55.525835,"(3.4, 6.4, 6.052173913043478)","(4.2, 4.8, 4.3)","(2.7, 3.3, 3.28)","(8.5, 9.6, 9.057142857142857)","(4.8, 8.0, 7.958620689655173)","(26.0, 34.0, 29.846153846153847)","(71.0, 180.0, 108.0)","(41.0, 55.0, 50.714285714285715)"
10-01-2023 11:58:56.624188,"(3.4, 6.4, 6.052173913043478)","(4.2, 4.8, 4.3)","(2.7, 3.3, 3.28)","(8.5, 9.6, 9.057142857142857)","(4.8, 8.0, 7.958620689655173)","(26.0, 34.0, 29.846153846153847)","(71.0, 180.0, 108.0)","(41.0, 55.0, 50.714285714285715)"
10-01-2023 11:58:57.744964,"(3.4, 6.4, 6.052173913043478)","(4.2, 4.8, 4.3)","(2.7, 3.3, 3.28)","(8.5, 9.6, 9.057142857142857)","(4.8, 8.0, 7.958620689655173)","(26.0, 34.0, 29.846153846153847)","(71.0, 180.0, 108.0)","(41.0, 55.0, 50.714285714285715)"
10-01-2023 11:58:58.874246,"(3.4, 6.4, 6.052173913043478)","(4.2, 4.8, 4.3)","(2.8, 3.3, 3.28)","(8.5, 9.6, 9.057142857142857)","(4.8, 8.0, 7.958620689655173)","(26.0, 34.0, 29.846153846153847)","(81.0, 180.0, 108.0)","(41.0, 55.0, 50.714285714285715)"
10-01-2023 11:59:00.009917,"(3.4, 6.4, 6.052173913043478)","(4.2, 4.8, 4.3)","(2.8, 3.3, 3.28)","(8.5, 9.6, 9.057142857142857)","(4.8, 8.0, 7.958620689655173)","(26.0, 34.0, 29.846153846153847)","(81.0, 180.0, 108.0)","(41.0, 55.0, 50.714285714285715)"
10-01-2023 11:59:01.100249,"(3.4, 6.4, 6.052173913043478)","(4.2, 4.8, 4.3)","(2.8, 3.3, 3.28)","(8.5, 9.6, 9.057142857142857)","(4.8, 8.0, 7.958620689655173)","(26.0, 34.0, 29.846153846153847)","(81.0, 180.0, 108.0)","(41.0, 55.0, 50.714285714285715)"
10-01-2023 11:59:02.354192,"(3.4, 6.4, 6.052173913043478)","(4.2, 4.8, 4.3)","(2.8, 3.3, 3.28)","(8.5, 9.6, 9.066666666666666)","(4.8, 8.0, 8.057142857142857)","(26.0, 34.0, 29.846153846153847)","(81.0, 180.0, 108.0)","(41.0, 55.0, 51.25)"
10-01-2023 11:59:03.521377,"(3.4, 6.4, 6.023529411764706)","(4.2, 4.8, 4.233333333333333)","(2.8, 3.3, 3.28)","(8.5, 9.6, 8.88888888888889)","(4.8, 8.4, 8.057142857142857)","(26.0, 34.0, 29.846153846153847)","(81.0, 180.0, 108.0)","(41.0, 55.0, 51.25)"
10-01-2023 11:59:04.621249,"(3.4, 6.4, 6.191304347826087)","(4.2, 4.8, 4.233333333333333)","(2.8, 3.3, 3.2439999999999998)","(8.5, 9.2, 8.861538461538462)","(4.8, 8.2, 8.131428571428572)","(26.0, 34.0, 29.846153846153847)","(81.0, 180.0, 108.0)","(41.0, 55.0, 51.25)"
10-01-2023 11:59:05.737784,"(3.4, 6.4, 6.191304347826087)","(4.2, 4.8, 4.233333333333333)","(2.8, 3.3, 3.28)","(8.5, 9.2, 8.861538461538462)","(4.8, 8.2, 8.131428571428572)","(26.0, 34.0, 29.846153846153847)","(81.0, 180.0, 108.0)","(41.0, 55.0, 51.25)"
10-01-2023 11:59:06.930958,"(3.4, 6.4, 6.191304347826087)","(4.2, 4.8, 4.233333333333333)","(2.8, 3.3, 3.28)","(8.5, 9.2, 8.834782608695653)","(4.8, 8.2, 8.102702702702702)","(26.0, 34.0, 29.846153846153847)","(81.0, 180.0, 108.0)","(41.0, 55.0, 51.25)"
10-01-2023 11:59:08.022485,"(3.4, 6.4, 6.191304347826087)","(4.2, 4.8, 4.233333333333333)","(2.8, 3.3, 3.2439999999999998)","(8.5, 9.2, 8.834782608695653)","(4.8, 8.2, 7.9818181818181815)","(26.0, 34.0, 31.0)","(81.0, 180.0, 108.0)","(41.0, 55.0, 49.54545454545455)"
10-01-2023 11:59:09.108579,"(3.4, 6.4, 6.166666666666667)","(4.2, 4.8, 4.228571428571429)","(2.8, 3.3, 3.28)","(8.5, 9.2, 8.844444444444445)","(4.8, 8.2, 8.133333333333333)","(26.0, 34.0, 29.846153846153847)","(81.0, 180.0, 108.0)","(41.0, 55.0, 50.111111111111114)"
10-01-2023 11:59:10.172622,"(3.4, 6.4, 6.12)","(4.2, 4.8, 4.228571428571429)","(2.8, 3.3, 3.28)","(8.5, 9.2, 8.844444444444445)","(4.8, 8.2, 8.11111111111111)","(26.0, 34.0, 31.0)","(81.0, 180.0, 108.0)","(41.0, 55.0, 50.6)"
10-01-2023 11:59:11.241938,"(3.4, 6.4, 6.213333333333334)","(4.2, 4.8, 4.228571428571429)","(2.8, 3.3, 3.2439999999999998)","(8.5, 9.2, 8.844444444444445)","(4.8, 8.2, 8.11111111111111)","(26.0, 34.0, 31.0)","(81.0, 180.0, 108.0)","(41.0, 55.0, 50.6)"
10-01-2023 11:59:12.342529,"(3.4, 6.4, 6.283333333333333)","(4.2, 4.8, 4.228571428571429)","(2.8, 3.3, 3.28)","(8.5, 9.0, 8.26153846153846)","(4.8, 8.0, 7.953846153846154)","(26.0, 34.0, 29.846153846153847)","(81.0, 180.0, 108.0)","(41.0, 55.0, 50.6)"
10-01-2023 11:59:13.490992,"(3.4, 6.4, 6.31764705882353)","(4.2, 4.8, 4.228571428571429)","(2.8, 3.3, 3.2439999999999998)","(8.5, 9.0, 8.6)","(4.8, 8.0, 7.925)","(26.0, 34.0, 31.0)","(81.0, 180.0, 108.0)","(41.0, 55.0, 50.6)"
10-01-2023 11:59:14.649760,"(3.4, 6.4, 6.31764705882353)","(4.2, 4.8, 4.228571428571429)","(2.8, 3.3, 3.2439999999999998)","(8.5, 9.0, 8.714285714285714)","(4.8, 8.0, 7.964705882352941)","(26.0, 34.0, 31.0)","(81.0, 180.0, 108.0)","(41.0, 55.0, 50.6)"
10-01-2023 11:59:15.852855,"(3.4, 6.4, 6.283333333333333)","(4.2, 4.8, 4.233333333333333)","(2.8, 3.3, 3.28)","(8.5, 9.0, 8.54782608695652)","(4.8, 8.0, 7.969230769230769)","(26.0, 34.0, 31.0)","(81.0, 180.0, 108.0)","(41.0, 55.0, 50.6)"
10-01-2023 11:59:17.025896,"(3.4, 6.4, 6.31764705882353)","(4.2, 4.8, 4.233333333333333)","(2.8, 3.3, 3.2439999999999998)","(8.5, 9.0, 8.54782608695652)","(4.8, 8.0, 7.978947368421053)","(26.0, 34.0, 31.0)","(81.0, 180.0, 108.0)","(41.0, 55.0, 50.6)"
10-01-2023 11:59:18.181679,"(3.4, 6.4, 6.12)","(4.2, 4.8, 4.233333333333333)","(2.8, 3.3, 3.28)","(8.5, 9.0, 8.709677419354838)","(4.8, 8.2, 8.342857142857143)","(26.0, 34.0, 29.846153846153847)","(81.0, 180.0, 108.0)","(41.0, 55.0, 50.6)"
10-01-2023 11:59:19.277376,"(3.4, 6.4, 6.166666666666667)","(4.2, 4.8, 4.228571428571429)","(2.8, 3.3, 3.28)","(8.5, 9.0, 8.709677419354838)","(4.8, 8.4, 8.342857142857143)","(26.0, 34.0, 31.0)","(81.0, 180.0, 108.0)","(41.0, 55.0, 50.6)"
10-01-2023 11:59:20.416837,"(3.4, 6.4, 6.12)","(4.2, 4.8, 4.228571428571429)","(2.8, 3.3, 3.2439999999999998)","(8.5, 9.0, 8.657142857142857)","(4.8, 9.0, 8.804)","(26.0, 34.0, 31.0)","(81.0, 180.0, 114.0)","(41.0, 55.0, 50.6)"
10-01-2023 11:59:21.552010,"(3.4, 6.4, 6.2444444444444445)","(4.2, 4.8, 4.228571428571429)","(2.8, 3.3, 3.2439999999999998)","(8.5, 8.8, 8.589473684210526)","(4.8, 9.0, 8.75294117647059)","(26.0, 34.0, 29.846153846153847)","(81.0, 170.0, 114.0)","(41.0, 55.0, 50.6)"
10-01-2023 11:59:22.609390,"(3.4, 6.4, 6.2444444444444445)","(4.2, 4.8, 4.228571428571429)","(2.8, 3.3, 3.28)","(8.0, 8.8, 8.589473684210526)","(5.5, 9.0, 8.75294117647059)","(26.0, 34.0, 31.0)","(71.0, 170.0, 114.0)","(31.0, 55.0, 50.6)"
10-01-2023 11:59:23.653525,"(3.7, 6.4, 6.300000000000001)","(4.2, 4.8, 4.219354838709678)","(2.8, 3.3, 3.2439999999999998)","(8.0, 8.8, 8.589473684210526)","(5.5, 9.0, 8.65)","(26.0, 34.0, 31.0)","(71.0, 170.0, 114.0)","(31.0, 55.0, 50.6)"
10-01-2023 11:59:24.777073,"(3.7, 6.4, 6.270967741935484)","(4.2, 4.7, 4.235714285714286)","(2.8, 3.3, 3.2439999999999998)","(8.0, 8.8, 8.66046511627907)","(5.5, 9.0, 8.65)","(26.0, 34.0, 29.846153846153847)","(71.0, 170.0, 105.83333333333333)","(31.0, 55.0, 50.6)"
10-01-2023 11:59:25.831471,"(3.7, 6.4, 6.300000000000001)","(4.2, 4.7, 4.223809523809524)","(2.8, 3.3, 3.28)","(8.0, 8.8, 8.66046511627907)","(5.5, 9.0, 8.75294117647059)","(26.0, 34.0, 29.846153846153847)","(71.0, 170.0, 108.75)","(31.0, 55.0, 50.6)"
10-01-2023 11:59:26.910563,"(3.7, 6.4, 6.272727272727273)","(4.2, 4.7, 4.223809523809524)","(2.8, 3.3, 3.28)","(8.0, 8.8, 8.66046511627907)","(5.5, 9.0, 8.65)","(26.0, 34.0, 32.07142857142857)","(71.0, 170.0, 108.75)","(31.0, 55.0, 50.6)"
10-01-2023 11:59:28.076409,"(3.7, 6.4, 6.2444444444444445)","(4.2, 4.7, 4.223809523809524)","(2.8, 3.3, 3.2439999999999998)","(8.0, 8.8, 8.66046511627907)","(5.5, 9.0, 8.65)","(26.0, 34.0, 32.07142857142857)","(71.0, 170.0, 108.75)","(31.0, 55.0, 50.6)"
10-01-2023 11:59:29.162333,"(3.7, 6.4, 6.266666666666667)","(4.2, 4.7, 4.223809523809524)","(2.8, 3.3, 3.28)","(8.0, 8.8, 8.66046511627907)","(5.5, 9.0, 8.65)","(26.0, 34.0, 32.07142857142857)","(71.0, 170.0, 108.75)","(31.0, 55.0, 50.6)"
10-01-2023 11:59:30.260736,"(3.7, 6.4, 6.31764705882353)","(4.2, 4.7, 4.223809523809524)","(2.8, 3.3, 3.2363636363636363)","(8.0, 8.8, 8.59047619047619)","(5.5, 9.0, 8.846153846153847)","(26.0, 34.0, 31.11111111111111)","(71.0, 170.0, 108.75)","(31.0, 55.0, 50.6)"
10-01-2023 11:59:31.389484,"(3.7, 6.4, 6.283333333333333)","(4.2, 4.7, 4.223809523809524)","(2.8, 3.3, 3.28)","(8.0, 8.8, 8.59047619047619)","(5.5, 9.0, 8.846153846153847)","(26.0, 34.0, 31.11111111111111)","(71.0, 170.0, 108.75)","(31.0, 55.0, 51.333333333333336)"
10-01-2023 11:59:32.454455,"(3.7, 6.4, 6.283333333333333)","(4.2, 4.7, 4.216129032258065)","(2.8, 3.3, 3.28)","(8.0, 8.8, 8.59047619047619)","(5.5, 9.0, 8.846153846153847)","(26.0, 34.0, 31.11111111111111)","(71.0, 170.0, 108.75)","(31.0, 55.0, 51.61538461538461)"
10-01-2023 11:59:33.480388,"(3.7, 6.4, 6.31764705882353)","(4.2, 4.7, 4.217857142857143)","(2.8, 3.3, 3.2439999999999998)","(8.0, 8.8, 8.59047619047619)","(5.5, 9.0, 8.91304347826087)","(26.0, 34.0, 31.11111111111111)","(71.0, 170.0, 108.75)","(31.0, 55.0, 51.61538461538461)"
10-01-2023 11:59:34.612774,"(3.7, 6.6, 6.3)","(4.2, 4.6, 4.24)","(2.8, 3.3, 3.2439999999999998)","(8.0, 8.8, 8.630769230769232)","(5.5, 9.4, 9.088888888888889)","(26.0, 34.0, 31.11111111111111)","(71.0, 170.0, 108.75)","(31.0, 55.0, 51.61538461538461)"
10-01-2023 11:59:35.706302,"(3.7, 6.6, 6.388235294117647)","(4.2, 4.6, 4.24)","(2.8, 3.3, 3.2439999999999998)","(8.0, 8.8, 8.630769230769232)","(5.5, 9.4, 9.088888888888889)","(26.0, 34.0, 31.11111111111111)","(71.0, 170.0, 108.75)","(31.0, 55.0, 51.61538461538461)"
10-01-2023 11:59:36.854004,"(3.7, 6.6, 6.371428571428571)","(4.2, 4.6, 4.226666666666667)","(2.8, 3.3, 3.28)","(8.0, 8.8, 8.630769230769232)","(5.5, 9.4, 8.954545454545455)","(26.0, 34.0, 31.11111111111111)","(71.0, 170.0, 122.27272727272728)","(31.0, 55.0, 51.61538461538461)"
10-01-2023 11:59:37.920209,"(3.7, 6.6, 6.525)","(4.2, 4.6, 4.226666666666667)","(2.8, 3.3, 3.25)","(8.0, 8.8, 8.630769230769232)","(5.5, 9.0, 8.954545454545455)","(26.0, 34.0, 31.11111111111111)","(71.0, 170.0, 124.16666666666667)","(31.0, 55.0, 51.61538461538461)"
10-01-2023 11:59:39.070317,"(3.7, 6.6, 6.553846153846154)","(4.2, 4.6, 4.226666666666667)","(2.8, 3.3, 3.2411764705882353)","(8.0, 8.8, 8.614285714285716)","(5.5, 9.0, 8.954545454545455)","(26.0, 34.0, 31.11111111111111)","(71.0, 170.0, 135.0)","(31.0, 55.0, 51.61538461538461)"
10-01-2023 11:59:40.223647,"(3.7, 6.6, 6.525)","(4.2, 4.6, 4.216)","(2.8, 3.3, 3.209090909090909)","(8.0, 8.8, 8.614285714285716)","(5.5, 9.0, 8.954545454545455)","(26.0, 34.0, 31.11111111111111)","(71.0, 170.0, 135.0)","(31.0, 55.0, 49.0)"
10-01-2023 11:59:41.331490,"(3.7, 6.6, 6.553846153846154)","(4.2, 4.6, 4.216)","(2.8, 3.3, 3.209090909090909)","(8.0, 8.8, 8.614285714285716)","(5.5, 9.0, 8.954545454545455)","(26.0, 34.0, 31.11111111111111)","(71.0, 170.0, 135.0)","(31.0, 55.0, 50.5)"
10-01-2023 11:59:42.372124,"(3.7, 6.6, 6.525)","(4.2, 4.6, 4.216)","(2.8, 3.3, 3.2411764705882353)","(8.0, 8.8, 8.614285714285716)","(5.5, 9.0, 8.954545454545455)","(26.0, 34.0, 31.11111111111111)","(71.0, 170.0, 135.0)","(31.0, 55.0, 49.0)"
10-01-2023 11:59:43.553482,"(3.7, 6.6, 6.466666666666667)","(4.2, 4.6, 4.216)","(2.8, 3.3, 3.2411764705882353)","(8.0, 8.8, 8.614285714285716)","(5.5, 9.4, 9.088888888888889)","(26.0, 34.0, 31.11111111111111)","(71.0, 170.0, 133.33333333333334)","(31.0, 55.0, 51.333333333333336)"
10-01-2023 11:59:44.705999,"(3.7, 6.6, 6.371428571428571)","(4.2, 4.6, 4.216)","(2.8, 3.3, 3.209090909090909)","(8.0, 8.8, 8.614285714285716)","(5.5, 9.4, 9.088888888888889)","(26.0, 34.0, 31.11111111111111)","(71.0, 170.0, 111.07142857142857)","(31.0, 55.0, 51.333333333333336)"
10-01-2023 11:59:45.771670,"(3.7, 6.6, 6.466666666666667)","(4.2, 4.6, 4.219047619047619)","(2.8, 3.3, 3.2714285714285714)","(8.0, 8.8, 8.614285714285716)","(5.5, 9.4, 8.954545454545455)","(26.0, 34.0, 31.11111111111111)","(71.0, 170.0, 111.07142857142857)","(31.0, 55.0, 51.333333333333336)"
10-01-2023 11:59:46.820787,"(3.7, 6.6, 6.553846153846154)","(4.2, 4.6, 4.219047619047619)","(2.8, 3.3, 3.25)","(8.0, 8.8, 8.614285714285716)","(5.5, 9.0, 8.954545454545455)","(26.0, 34.0, 31.11111111111111)","(71.0, 170.0, 111.07142857142857)","(31.0, 55.0, 51.333333333333336)"
10-01-2023 11:59:47.846556,"(3.7, 6.6, 6.525)","(4.2, 4.6, 4.216)","(2.8, 3.3, 3.209090909090909)","(8.0, 8.8, 8.593548387096774)","(5.5, 9.0, 8.954545454545455)","(26.0, 34.0, 31.11111111111111)","(71.0, 170.0, 111.07142857142857)","(31.0, 55.0, 51.333333333333336)"
10-01-2023 11:59:48.898647,"(3.7, 6.6, 6.553846153846154)","(4.2, 4.6, 4.216)","(2.8, 3.3, 3.2411764705882353)","(8.0, 8.8, 8.553846153846154)","(5.5, 9.0, 8.954545454545455)","(26.0, 34.0, 31.11111111111111)","(71.0, 170.0, 111.07142857142857)","(31.0, 55.0, 51.333333333333336)"
10-01-2023 11:59:49.962181,"(3.7, 6.6, 6.525)","(4.2, 4.6, 4.216)","(2.8, 3.3, 3.2714285714285714)","(8.0, 8.8, 8.593548387096774)","(5.5, 9.0, 8.954545454545455)","(26.0, 34.0, 31.11111111111111)","(71.0, 170.0, 111.07142857142857)","(31.0, 55.0, 51.333333333333336)"
10-01-2023 11:59:51.055790,"(3.7, 6.6, 6.553846153846154)","(4.2, 4.6, 4.216)","(2.8, 3.3, 3.209090909090909)","(8.0, 8.8, 8.614285714285716)","(5.5, 9.0, 9.013793103448275)","(26.0, 34.0, 31.11111111111111)","(71.0, 170.0, 111.07142857142857)","(31.0, 55.0, 51.333333333333336)"
10-01-2023 11:59:52.056224,"(3.7, 6.6, 6.466666666666667)","(4.2, 4.6, 4.216)","(2.8, 3.3, 3.209090909090909)","(8.0, 8.8, 8.614285714285716)","(5.5, 9.4, 9.0)","(26.0, 34.0, 31.11111111111111)","(71.0, 170.0, 111.07142857142857)","(31.0, 55.0, 51.333333333333336)"
10-01-2023 11:59:53.108301,"(3.7, 6.6, 6.371428571428571)","(4.2, 4.6, 4.219047619047619)","(2.8, 3.3, 3.209090909090909)","(8.0, 8.8, 8.614285714285716)","(5.5, 9.4, 9.0)","(26.0, 34.0, 31.11111111111111)","(71.0, 170.0, 111.07142857142857)","(31.0, 55.0, 51.333333333333336)"
10-01-2023 11:59:54.173303,"(3.7, 6.6, 6.371428571428571)","(4.2, 4.6, 4.216)","(2.8, 3.3, 3.209090909090909)","(8.0, 8.8, 8.614285714285716)","(5.5, 9.4, 9.311111111111112)","(26.0, 34.0, 31.11111111111111)","(71.0, 170.0, 111.07142857142857)","(31.0, 55.0, 51.333333333333336)"
10-01-2023 11:59:55.358905,"(3.7, 6.6, 6.553846153846154)","(4.2, 4.6, 4.216)","(2.8, 3.3, 3.209090909090909)","(8.0, 8.8, 8.233333333333333)","(5.5, 8.8, 8.75)","(26.0, 34.0, 31.11111111111111)","(71.0, 170.0, 111.07142857142857)","(31.0, 55.0, 51.333333333333336)"
10-01-2023 11:59:56.432449,"(3.7, 6.6, 6.525)","(4.2, 4.6, 4.3446808510638295)","(2.8, 3.3, 3.175)","(8.0, 8.8, 8.490909090909092)","(5.5, 8.8, 8.75)","(26.0, 34.0, 31.214285714285715)","(71.0, 170.0, 111.07142857142857)","(31.0, 55.0, 51.333333333333336)"
10-01-2023 11:59:57.467278,"(3.7, 6.6, 6.553846153846154)","(4.2, 4.6, 4.3674418604651155)","(2.8, 3.3, 3.175)","(8.0, 8.8, 8.490909090909092)","(5.5, 8.8, 8.75)","(26.0, 34.0, 31.214285714285715)","(71.0, 170.0, 112.3076923076923)","(31.0, 55.0, 51.333333333333336)"
10-01-2023 11:59:58.575442,"(3.7, 6.0, 5.825454545454545)","(4.2, 4.6, 4.3674418604651155)","(2.8, 3.3, 3.209090909090909)","(8.0, 8.8, 8.505263157894737)","(5.5, 8.8, 9.169230769230769)","(26.0, 34.0, 31.214285714285715)","(71.0, 170.0, 112.3076923076923)","(31.0, 55.0, 51.333333333333336)"
10-01-2023 11:59:59.668829,"(3.7, 6.0, 5.816326530612245)","(4.2, 4.6, 4.28421052631579)","(2.8, 3.3, 3.163157894736842)","(8.0, 8.8, 8.505263157894737)","(5.5, 9.6, 9.169230769230769)","(26.0, 34.0, 31.214285714285715)","(71.0, 170.0, 112.3076923076923)","(31.0, 55.0, 51.333333333333336)"
10-01-2023 12:00:00.752912,"(3.7, 6.0, 5.790697674418605)","(4.2, 4.6, 4.28421052631579)","(2.8, 3.3, 3.163157894736842)","(8.0, 9.0, 8.818181818181818)","(5.5, 9.6, 9.213793103448275)","(26.0, 34.0, 31.214285714285715)","(71.0, 170.0, 112.3076923076923)","(31.0, 55.0, 51.333333333333336)"
10-01-2023 12:00:01.856243,"(3.7, 6.0, 5.790697674418605)","(4.2, 4.6, 4.28421052631579)","(2.8, 3.3, 3.163157894736842)","(8.0, 9.0, 8.817391304347828)","(5.5, 9.6, 9.213793103448275)","(26.0, 34.0, 31.214285714285715)","(71.0, 170.0, 112.3076923076923)","(31.0, 55.0, 51.333333333333336)"
10-01-2023 12:00:02.859933,"(3.7, 6.0, 5.756756756756757)","(4.2, 4.6, 4.28421052631579)","(2.8, 3.3, 3.163157894736842)","(8.0, 9.0, 8.817391304347828)","(5.5, 9.6, 9.213793103448275)","(26.0, 34.0, 31.214285714285715)","(71.0, 170.0, 112.3076923076923)","(31.0, 55.0, 48.714285714285715)"
10-01-2023 12:00:03.904072,"(3.7, 6.0, 5.85)","(4.2, 4.6, 4.28421052631579)","(2.8, 3.3, 3.163157894736842)","(8.0, 9.0, 8.817391304347828)","(5.5, 9.6, 9.213793103448275)","(26.0, 34.0, 31.214285714285715)","(71.0, 170.0, 112.3076923076923)","(31.0, 55.0, 50.111111111111114)"
10-01-2023 12:00:04.991150,"(3.7, 6.0, 5.828571428571428)","(4.2, 4.6, 4.28421052631579)","(2.8, 3.3, 3.163157894736842)","(8.0, 9.0, 8.817391304347828)","(5.5, 9.6, 9.213793103448275)","(26.0, 34.0, 31.214285714285715)","(71.0, 170.0, 112.3076923076923)","(31.0, 55.0, 48.714285714285715)"
10-01-2023 12:00:06.036497,"(3.7, 6.0, 5.85)","(4.2, 4.6, 4.28421052631579)","(2.8, 3.3, 3.163157894736842)","(8.0, 9.0, 8.817391304347828)","(5.5, 9.6, 9.213793103448275)","(26.0, 34.0, 31.214285714285715)","(71.0, 170.0, 112.3076923076923)","(31.0, 55.0, 50.111111111111114)"
10-01-2023 12:00:07.070892,"(3.7, 6.0, 5.828571428571428)","(4.2, 4.6, 4.327272727272727)","(2.8, 3.3, 3.163157894736842)","(8.0, 9.0, 8.817391304347828)","(5.5, 9.6, 9.213793103448275)","(26.0, 34.0, 31.214285714285715)","(71.0, 170.0, 112.3076923076923)","(31.0, 55.0, 48.714285714285715)"
10-01-2023 12:00:08.142993,"(3.7, 6.0, 5.85)","(4.2, 4.6, 4.327272727272727)","(2.8, 3.3, 3.163157894736842)","(8.0, 9.0, 8.817391304347828)","(5.5, 9.6, 9.213793103448275)","(26.0, 34.0, 31.214285714285715)","(71.0, 170.0, 112.3076923076923)","(31.0, 55.0, 50.111111111111114)"
10-01-2023 12:00:09.191731,"(3.7, 6.0, 5.75)","(4.2, 4.6, 4.327272727272727)","(2.8, 3.3, 3.163157894736842)","(8.0, 9.0, 8.817391304347828)","(5.5, 9.6, 9.213793103448275)","(26.0, 34.0, 31.214285714285715)","(71.0, 170.0, 112.3076923076923)","(31.0, 55.0, 48.714285714285715)"
10-01-2023 12:00:10.208685,"(3.7, 6.0, 5.71875)","(4.2, 4.6, 4.327272727272727)","(2.8, 3.3, 3.163157894736842)","(8.0, 9.0, 8.817391304347828)","(5.5, 9.6, 9.213793103448275)","(26.0, 34.0, 31.214285714285715)","(71.0, 170.0, 112.3076923076923)","(31.0, 55.0, 48.714285714285715)"
10-01-2023 12:00:11.337427,"(3.7, 6.0, 5.71875)","(4.2, 4.6, 4.327272727272727)","(2.8, 3.3, 3.163157894736842)","(8.0, 9.0, 8.817391304347828)","(5.5, 9.6, 9.213793103448275)","(26.0, 34.0, 31.214285714285715)","(71.0, 170.0, 112.3076923076923)","(31.0, 55.0, 50.111111111111114)"
10-01-2023 12:00:12.397046,"(3.7, 6.0, 5.85)","(4.2, 4.6, 4.327272727272727)","(2.8, 3.3, 3.163157894736842)","(8.0, 9.0, 8.817391304347828)","(5.5, 9.6, 9.213793103448275)","(26.0, 34.0, 31.214285714285715)","(71.0, 170.0, 112.3076923076923)","(31.0, 55.0, 48.714285714285715)"
10-01-2023 12:00:13.443496,"(3.7, 6.0, 5.866666666666666)","(4.2, 4.6, 4.2875)","(2.8, 3.3, 3.163157894736842)","(8.0, 9.0, 8.817391304347828)","(5.5, 9.6, 9.0)","(26.0, 34.0, 31.214285714285715)","(71.0, 170.0, 112.3076923076923)","(31.0, 55.0, 50.111111111111114)"
10-01-2023 12:00:14.549183,"(3.7, 6.0, 5.88)","(4.2, 4.6, 4.2875)","(2.8, 3.3, 3.163157894736842)","(8.0, 9.0, 8.817391304347828)","(5.5, 9.6, 9.371428571428572)","(26.0, 34.0, 31.94736842105263)","(71.0, 170.0, 112.3076923076923)","(31.0, 55.0, 48.714285714285715)"
10-01-2023 12:00:15.629132,"(3.7, 6.0, 5.88)","(4.2, 4.6, 4.2875)","(2.8, 3.3, 3.163157894736842)","(8.0, 9.0, 8.817391304347828)","(5.5, 9.6, 9.666666666666666)","(26.0, 34.0, 31.94736842105263)","(71.0, 170.0, 112.3076923076923)","(31.0, 55.0, 48.714285714285715)"
10-01-2023 12:00:16.715669,"(3.7, 6.0, 5.88)","(4.2, 4.6, 4.2875)","(2.8, 3.3, 3.163157894736842)","(8.0, 9.0, 8.817391304347828)","(5.5, 10.0, 9.525925925925925)","(26.0, 34.0, 31.94736842105263)","(71.0, 170.0, 112.3076923076923)","(31.0, 55.0, 50.111111111111114)"
10-01-2023 12:00:17.752696,"(3.7, 6.0, 5.866666666666666)","(4.2, 4.6, 4.2875)","(2.8, 3.3, 3.163157894736842)","(8.0, 9.0, 8.817391304347828)","(5.5, 10.0, 9.525925925925925)","(26.0, 34.0, 31.94736842105263)","(71.0, 170.0, 112.3076923076923)","(31.0, 55.0, 48.714285714285715)"
10-01-2023 12:00:18.831916,"(3.7, 6.0, 5.866666666666666)","(4.2, 4.6, 4.2875)","(2.8, 3.3, 3.163157894736842)","(8.0, 9.0, 8.817391304347828)","(5.5, 10.0, 9.654054054054054)","(26.0, 34.0, 31.94736842105263)","(71.0, 170.0, 112.3076923076923)","(31.0, 55.0, 48.714285714285715)"
10-01-2023 12:00:19.879092,"(3.7, 6.0, 5.914285714285715)","(4.2, 4.6, 4.2875)","(2.8, 3.3, 3.163157894736842)","(8.0, 9.0, 8.817391304347828)","(5.5, 10.0, 9.654054054054054)","(26.0, 34.0, 31.94736842105263)","(71.0, 170.0, 112.3076923076923)","(31.0, 55.0, 50.111111111111114)"
10-01-2023 12:00:20.961401,"(3.7, 6.0, 5.933333333333334)","(4.2, 4.6, 4.2875)","(2.8, 3.3, 3.163157894736842)","(8.0, 9.0, 8.817391304347828)","(5.5, 10.0, 9.654054054054054)","(26.0, 34.0, 31.94736842105263)","(71.0, 170.0, 112.3076923076923)","(31.0, 55.0, 48.714285714285715)"
10-01-2023 12:00:22.022896,"(3.7, 6.0, 5.94)","(4.2, 4.6, 4.2875)","(2.8, 3.3, 3.163157894736842)","(8.0, 9.0, 8.817391304347828)","(5.5, 10.0, 9.654054054054054)","(26.0, 34.0, 31.94736842105263)","(71.0, 170.0, 112.3076923076923)","(31.0, 55.0, 50.111111111111114)"
10-01-2023 12:00:23.012181,"(3.7, 6.0, 5.94)","(4.2, 4.6, 4.2875)","(2.8, 3.3, 3.163157894736842)","(8.0, 9.0, 8.817391304347828)","(5.5, 10.0, 9.727659574468085)","(26.0, 34.0, 31.94736842105263)","(71.0, 170.0, 112.3076923076923)","(31.0, 55.0, 48.714285714285715)"
10-01-2023 12:00:24.047431,"(3.7, 6.0, 5.94)","(4.2, 4.6, 4.2875)","(2.8, 3.3, 3.163157894736842)","(8.0, 9.0, 8.817391304347828)","(5.5, 10.0, 9.663157894736843)","(26.0, 34.0, 31.94736842105263)","(71.0, 170.0, 112.3076923076923)","(31.0, 55.0, 50.111111111111114)"
10-01-2023 12:00:25.084503,"(3.7, 6.0, 5.94)","(4.2, 4.6, 4.2875)","(2.8, 3.3, 3.163157894736842)","(8.0, 9.0, 8.817391304347828)","(5.5, 10.0, 9.663157894736843)","(26.0, 34.0, 31.94736842105263)","(71.0, 170.0, 112.3076923076923)","(31.0, 55.0, 48.714285714285715)"
10-01-2023 12:00:26.137133,"(3.7, 6.0, 5.933333333333334)","(4.2, 4.6, 4.2875)","(2.8, 3.3, 3.163157894736842)","(8.0, 9.0, 8.817391304347828)","(5.5, 10.0, 9.663157894736843)","(26.0, 34.0, 31.94736842105263)","(71.0, 170.0, 112.3076923076923)","(31.0, 55.0, 48.714285714285715)"
10-01-2023 12:00:27.222430,"(3.7, 6.0, 5.933333333333334)","(4.2, 4.6, 4.322222222222222)","(2.8, 3.3, 3.163157894736842)","(8.0, 9.0, 8.817391304347828)","(5.5, 10.0, 9.663157894736843)","(26.0, 34.0, 31.94736842105263)","(71.0, 170.0, 112.3076923076923)","(31.0, 55.0, 50.111111111111114)"
10-01-2023 12:00:28.392020,"(3.7, 6.0, 5.933333333333334)","(4.2, 4.5, 4.390909090909091)","(2.8, 3.3, 3.163157894736842)","(8.0, 9.0, 8.817391304347828)","(5.5, 10.0, 9.663157894736843)","(26.0, 34.0, 31.94736842105263)","(71.0, 170.0, 112.3076923076923)","(31.0, 55.0, 48.714285714285715)"
10-01-2023 12:00:29.489396,"(3.7, 6.0, 5.94)","(4.2, 4.5, 4.263636363636364)","(2.8, 3.3, 3.163157894736842)","(8.0, 9.0, 8.817391304347828)","(5.5, 10.0, 9.466666666666667)","(26.0, 34.0, 32.411764705882355)","(71.0, 170.0, 112.3076923076923)","(31.0, 55.0, 48.714285714285715)"
10-01-2023 12:00:30.655614,"(3.7, 6.0, 5.94)","(4.2, 4.5, 4.248837209302326)","(2.8, 3.3, 3.163157894736842)","(8.0, 9.0, 8.817391304347828)","(5.5, 10.0, 9.552)","(26.0, 34.0, 32.411764705882355)","(71.0, 170.0, 112.3076923076923)","(31.0, 55.0, 50.111111111111114)"
10-01-2023 12:00:31.683185,"(3.7, 6.0, 5.94)","(4.2, 4.5, 4.248837209302326)","(2.8, 3.3, 3.163157894736842)","(8.0, 9.0, 8.817391304347828)","(5.5, 10.0, 9.552)","(26.0, 34.0, 32.411764705882355)","(71.0, 170.0, 112.3076923076923)","(31.0, 55.0, 48.714285714285715)"
10-01-2023 12:00:32.756952,"(3.7, 6.0, 5.94)","(4.2, 4.5, 4.248837209302326)","(2.8, 3.3, 3.163157894736842)","(8.0, 9.0, 8.817391304347828)","(5.5, 10.0, 9.552)","(26.0, 34.0, 32.411764705882355)","(71.0, 170.0, 112.3076923076923)","(31.0, 55.0, 50.111111111111114)"
10-01-2023 12:00:33.808583,"(3.7, 6.0, 5.94)","(4.2, 4.5, 4.248837209302326)","(2.8, 3.3, 3.163157894736842)","(8.0, 9.0, 8.817391304347828)","(5.5, 10.0, 9.552)","(26.0, 34.0, 32.411764705882355)","(71.0, 170.0, 112.3076923076923)","(31.0, 55.0, 48.714285714285715)"
10-01-2023 12:00:34.883714,"(3.7, 6.0, 5.933333333333334)","(4.2, 4.5, 4.248837209302326)","(2.8, 3.3, 3.163157894736842)","(8.0, 9.0, 8.817391304347828)","(5.5, 10.0, 9.68)","(26.0, 34.0, 32.411764705882355)","(71.0, 170.0, 112.3076923076923)","(31.0, 55.0, 48.714285714285715)"
10-01-2023 12:00:36.046185,"(3.7, 6.0, 5.933333333333334)","(4.2, 4.5, 4.248837209302326)","(2.8, 3.3, 3.163157894736842)","(8.0, 9.0, 8.5)","(5.5, 10.0, 9.726829268292683)","(26.0, 34.0, 32.411764705882355)","(71.0, 170.0, 112.3076923076923)","(31.0, 55.0, 50.111111111111114)"
10-01-2023 12:00:37.220189,"(3.7, 6.0, 5.94)","(4.2, 4.5, 4.242857142857143)","(2.8, 3.3, 3.163157894736842)","(8.0, 9.0, 8.5)","(5.5, 10.0, 9.726829268292683)","(26.0, 34.0, 32.411764705882355)","(71.0, 170.0, 112.3076923076923)","(31.0, 55.0, 48.714285714285715)"
10-01-2023 12:00:38.394805,"(3.7, 6.0, 5.94)","(4.2, 4.5, 4.250943396226415)","(2.8, 3.3, 3.163157894736842)","(8.0, 9.0, 8.5)","(5.5, 10.0, 9.726829268292683)","(26.0, 34.0, 32.411764705882355)","(71.0, 170.0, 112.3076923076923)","(31.0, 55.0, 48.714285714285715)"
10-01-2023 12:00:39.646648,"(3.7, 6.0, 5.94)","(4.2, 4.5, 4.230612244897959)","(2.8, 3.3, 3.163157894736842)","(8.0, 9.0, 8.5)","(5.5, 10.0, 9.726829268292683)","(26.0, 34.0, 32.411764705882355)","(71.0, 170.0, 112.3076923076923)","(31.0, 55.0, 50.111111111111114)"
10-01-2023 12:00:40.797512,"(3.7, 6.0, 5.94)","(4.2, 4.5, 4.230612244897959)","(2.8, 3.3, 3.163157894736842)","(8.0, 9.0, 8.5)","(5.5, 10.0, 9.726829268292683)","(26.0, 34.0, 32.411764705882355)","(71.0, 170.0, 112.3076923076923)","(31.0, 55.0, 48.714285714285715)"
10-01-2023 12:00:41.895790,"(3.7, 6.0, 5.94)","(4.2, 4.5, 4.261904761904762)","(2.8, 3.3, 3.163157894736842)","(8.0, 9.0, 8.5)","(5.5, 10.0, 9.726829268292683)","(26.0, 34.0, 32.411764705882355)","(71.0, 170.0, 112.3076923076923)","(31.0, 55.0, 48.714285714285715)"
10-01-2023 12:00:43.008191,"(3.8, 6.0, 5.933333333333334)","(4.2, 4.5, 4.251111111111111)","(2.8, 3.3, 3.163157894736842)","(7.5, 9.0, 8.634146341463415)","(5.5, 10.0, 9.726829268292683)","(26.0, 34.0, 32.411764705882355)","(71.0, 170.0, 112.3076923076923)","(31.0, 55.0, 50.111111111111114)"
10-01-2023 12:00:44.158943,"(3.8, 6.0, 5.933333333333334)","(4.2, 4.5, 4.251111111111111)","(2.8, 3.3, 3.163157894736842)","(7.5, 9.0, 8.676923076923076)","(5.5, 10.0, 9.726829268292683)","(26.0, 34.0, 32.411764705882355)","(71.0, 170.0, 112.3076923076923)","(31.0, 55.0, 48.714285714285715)"
10-01-2023 12:00:45.322126,"(3.8, 6.0, 5.933333333333334)","(4.2, 4.5, 4.197297297297297)","(2.8, 3.3, 3.16)","(7.5, 9.0, 8.7)","(5.5, 10.0, 9.726829268292683)","(26.0, 34.0, 32.411764705882355)","(71.0, 170.0, 112.3076923076923)","(31.0, 55.0, 50.111111111111114)"
10-01-2023 12:00:46.429099,"(3.8, 6.0, 5.94)","(4.2, 4.5, 4.16060606060606)","(2.8, 3.3, 3.16)","(7.5, 9.0, 8.7)","(5.5, 10.0, 9.726829268292683)","(26.0, 34.0, 32.411764705882355)","(71.0, 170.0, 112.3076923076923)","(31.0, 55.0, 50.111111111111114)"
10-01-2023 12:00:47.561107,"(3.8, 6.0, 5.94)","(4.2, 4.4, 4.19375)","(2.8, 3.3, 3.16)","(7.5, 9.0, 8.7)","(5.5, 10.0, 9.726829268292683)","(26.0, 34.0, 30.678571428571427)","(71.0, 170.0, 112.3076923076923)","(31.0, 55.0, 48.714285714285715)"
10-01-2023 12:00:48.757591,"(3.8, 6.0, 5.94)","(4.2, 4.4, 4.164285714285714)","(2.8, 3.3, 3.16)","(7.5, 9.0, 8.7)","(5.5, 10.0, 9.726829268292683)","(26.0, 34.0, 30.678571428571427)","(71.0, 170.0, 112.3076923076923)","(31.0, 55.0, 48.714285714285715)"
10-01-2023 12:00:49.888946,"(3.8, 6.0, 5.94)","(4.2, 4.4, 4.13)","(2.8, 3.3, 3.16)","(7.5, 9.0, 8.7)","(5.5, 10.0, 9.726829268292683)","(26.0, 34.0, 30.847457627118644)","(71.0, 170.0, 112.3076923076923)","(31.0, 55.0, 50.111111111111114)"
10-01-2023 12:00:50.962664,"(3.8, 6.0, 5.94)","(4.2, 4.4, 4.1225)","(2.8, 3.3, 3.16)","(7.5, 9.0, 8.721739130434782)","(5.5, 10.0, 9.726829268292683)","(26.0, 34.0, 30.847457627118644)","(71.0, 170.0, 112.3076923076923)","(31.0, 55.0, 48.714285714285715)"
10-01-2023 12:00:52.028587,"(3.8, 6.0, 5.933333333333334)","(4.2, 4.4, 4.142857142857142)","(2.8, 3.3, 3.16)","(7.5, 9.0, 8.9)","(5.5, 10.0, 9.726829268292683)","(26.0, 34.0, 30.63157894736842)","(71.0, 170.0, 112.3076923076923)","(31.0, 55.0, 50.111111111111114)"
10-01-2023 12:00:53.082157,"(3.8, 6.0, 5.933333333333334)","(4.2, 4.4, 4.142857142857142)","(2.8, 3.3, 3.16)","(7.5, 9.0, 8.9)","(5.5, 10.0, 8.435714285714287)","(26.0, 34.0, 30.63157894736842)","(71.0, 170.0, 112.3076923076923)","(31.0, 55.0, 48.714285714285715)"
10-01-2023 12:00:54.152725,"(3.8, 6.0, 5.911764705882353)","(4.2, 4.4, 4.175)","(2.8, 3.3, 3.188)","(7.5, 9.0, 8.866666666666667)","(5.5, 8.6, 8.221052631578948)","(26.0, 34.0, 30.903225806451612)","(71.0, 170.0, 112.3076923076923)","(31.0, 55.0, 48.714285714285715)"
10-01-2023 12:00:55.154403,"(3.8, 6.0, 5.711111111111111)","(4.2, 4.4, 4.175)","(2.8, 3.3, 3.188)","(7.5, 9.0, 8.866666666666667)","(5.5, 8.6, 8.221052631578948)","(26.0, 34.0, 30.903225806451612)","(71.0, 170.0, 112.3076923076923)","(31.0, 55.0, 50.111111111111114)"
10-01-2023 12:00:56.210261,"(3.8, 6.0, 5.7562500000000005)","(4.2, 4.4, 4.1899999999999995)","(2.8, 3.35, 3.239705882352941)","(7.5, 9.0, 8.866666666666667)","(5.5, 8.6, 8.428571428571429)","(26.0, 34.0, 30.903225806451612)","(71.0, 170.0, 112.3076923076923)","(31.0, 55.0, 50.111111111111114)"
10-01-2023 12:00:57.207220,"(3.8, 6.0, 5.711111111111111)","(4.2, 4.4, 4.1899999999999995)","(2.8, 3.35, 3.2423076923076923)","(7.5, 9.0, 8.864)","(5.5, 8.6, 8.415384615384616)","(26.0, 34.0, 30.63157894736842)","(71.0, 170.0, 112.3076923076923)","(31.0, 55.0, 48.714285714285715)"
10-01-2023 12:00:58.281889,"(3.8, 6.0, 5.711111111111111)","(4.2, 4.4, 4.169230769230769)","(2.8, 3.35, 3.338888888888889)","(7.5, 9.0, 8.864)","(5.5, 8.6, 8.52258064516129)","(26.0, 34.0, 30.8)","(71.0, 170.0, 112.3076923076923)","(31.0, 55.0, 48.714285714285715)"
10-01-2023 12:00:59.464606,"(3.8, 6.0, 5.711111111111111)","(4.2, 4.4, 4.2125)","(2.8, 3.35, 3.338888888888889)","(7.5, 9.0, 8.864)","(5.5, 8.6, 8.559999999999999)","(26.0, 34.0, 30.8)","(71.0, 170.0, 112.3076923076923)","(31.0, 55.0, 48.714285714285715)"
10-01-2023 12:01:00.609368,"(3.8, 6.0, 5.711111111111111)","(4.2, 4.3, 4.175)","(2.8, 3.35, 3.338888888888889)","(7.5, 9.0, 8.864)","(5.5, 8.6, 8.559999999999999)","(26.0, 34.0, 30.8)","(71.0, 170.0, 112.3076923076923)","(31.0, 55.0, 50.111111111111114)"
10-01-2023 12:01:01.804810,"(3.8, 6.0, 5.8375)","(4.2, 4.3, 4.157142857142857)","(2.8, 3.35, 3.338888888888889)","(7.5, 9.0, 8.864)","(5.5, 8.6, 8.559999999999999)","(26.0, 34.0, 30.8)","(71.0, 170.0, 112.3076923076923)","(31.0, 55.0, 48.714285714285715)"
10-01-2023 12:01:02.870266,"(3.8, 6.0, 5.832258064516129)","(4.2, 4.3, 4.157142857142857)","(2.8, 3.35, 3.338888888888889)","(7.5, 9.0, 8.864)","(5.5, 8.6, 8.559999999999999)","(26.0, 34.0, 30.8)","(71.0, 170.0, 112.3076923076923)","(31.0, 55.0, 48.714285714285715)"
10-01-2023 12:01:04.028640,"(3.8, 6.0, 5.832258064516129)","(4.2, 4.3, 4.157142857142857)","(2.8, 3.35, 3.338888888888889)","(7.5, 9.0, 8.864)","(5.5, 8.6, 9.1)","(26.0, 34.0, 30.8)","(71.0, 170.0, 112.3076923076923)","(31.0, 55.0, 50.111111111111114)"
10-01-2023 12:01:05.061715,"(3.8, 6.0, 5.855555555555555)","(4.2, 4.3, 4.157142857142857)","(2.8, 3.35, 3.338888888888889)","(7.5, 9.0, 8.864)","(5.5, 9.4, 9.05)","(26.0, 34.0, 30.8)","(71.0, 170.0, 112.3076923076923)","(31.0, 55.0, 48.714285714285715)"
10-01-2023 12:01:06.240317,"(3.8, 6.0, 5.832258064516129)","(4.2, 4.3, 4.157142857142857)","(2.8, 3.35, 3.2978260869565217)","(7.5, 9.0, 8.864)","(5.5, 9.4, 9.188235294117646)","(26.0, 34.0, 30.8)","(71.0, 170.0, 112.3076923076923)","(31.0, 55.0, 51.857142857142854)"
10-01-2023 12:01:07.261450,"(3.8, 6.0, 5.832258064516129)","(4.2, 4.3, 4.157142857142857)","(2.8, 3.35, 3.2978260869565217)","(7.5, 9.0, 8.864)","(5.5, 9.4, 9.188235294117646)","(26.0, 34.0, 30.8)","(71.0, 170.0, 104.375)","(31.0, 55.0, 51.857142857142854)"
10-01-2023 12:01:08.347366,"(3.8, 6.0, 5.832258064516129)","(4.2, 4.3, 4.157142857142857)","(2.8, 3.35, 3.338888888888889)","(7.5, 9.0, 8.864)","(5.5, 9.4, 9.188235294117646)","(26.0, 34.0, 30.8)","(71.0, 170.0, 104.375)","(31.0, 55.0, 51.857142857142854)"
10-01-2023 12:01:09.351576,"(3.8, 6.0, 5.7214285714285715)","(4.2, 4.3, 4.157142857142857)","(2.8, 3.35, 3.338888888888889)","(7.5, 9.0, 8.642105263157895)","(5.5, 9.4, 9.188235294117646)","(26.0, 34.0, 30.8)","(71.0, 170.0, 104.375)","(31.0, 55.0, 51.857142857142854)"
10-01-2023 12:01:10.346756,"(4.0, 6.0, 5.7562500000000005)","(3.9, 4.3, 4.157142857142857)","(2.7, 3.35, 3.342)","(7.5, 9.0, 8.642105263157895)","(5.5, 9.4, 9.25)","(26.0, 34.0, 30.903225806451612)","(71.0, 170.0, 106.36363636363636)","(31.0, 55.0, 51.857142857142854)"
10-01-2023 12:01:11.334952,"(4.0, 5.7, 5.311111111111111)","(3.9, 4.3, 4.157142857142857)","(2.7, 3.35, 3.342)","(7.5, 9.0, 8.642105263157895)","(5.5, 9.4, 9.25)","(26.0, 34.0, 30.903225806451612)","(71.0, 170.0, 106.36363636363636)","(31.0, 55.0, 51.857142857142854)"
10-01-2023 12:01:12.670397,"(4.0, 5.6, 5.391304347826087)","(3.9, 4.3, 4.157142857142857)","(2.7, 3.4, 3.235294117647059)","(7.5, 9.0, 8.721739130434782)","(5.5, 9.4, 9.25)","(26.0, 34.0, 30.903225806451612)","(71.0, 170.0, 106.36363636363636)","(31.0, 55.0, 51.857142857142854)"
10-01-2023 12:01:13.734156,"(4.0, 5.6, 5.119999999999999)","(3.9, 4.3, 4.166666666666666)","(2.7, 3.4, 3.2526315789473683)","(7.5, 9.0, 8.721739130434782)","(5.5, 9.4, 9.25)","(26.0, 34.0, 30.903225806451612)","(71.0, 170.0, 106.36363636363636)","(31.0, 55.0, 51.857142857142854)"
10-01-2023 12:01:15.088058,"(4.0, 5.6, 5.446341463414634)","(3.9, 4.3, 4.154545454545454)","(2.7, 3.35, 3.3333333333333335)","(7.5, 9.0, 8.690909090909091)","(5.5, 9.4, 9.342857142857143)","(26.0, 34.0, 30.903225806451612)","(71.0, 170.0, 106.36363636363636)","(31.0, 55.0, 51.857142857142854)"
10-01-2023 12:01:16.187455,"(4.0, 5.6, 5.446341463414634)","(3.9, 4.3, 4.154545454545454)","(2.7, 3.35, 3.2600000000000002)","(7.5, 9.0, 8.690909090909091)","(5.5, 9.4, 9.338983050847459)","(26.0, 34.0, 30.903225806451612)","(71.0, 170.0, 106.36363636363636)","(31.0, 55.0, 51.857142857142854)"
10-01-2023 12:01:17.231167,"(4.0, 5.6, 5.456818181818181)","(3.9, 4.3, 4.154545454545454)","(2.7, 3.35, 3.2600000000000002)","(7.5, 9.0, 8.690909090909091)","(5.5, 9.4, 9.1)","(26.0, 34.0, 30.903225806451612)","(71.0, 170.0, 106.36363636363636)","(31.0, 55.0, 51.857142857142854)"
10-01-2023 12:01:18.399028,"(4.0, 5.6, 5.456818181818181)","(3.9, 4.3, 4.154545454545454)","(2.7, 3.35, 3.2600000000000002)","(7.5, 9.0, 8.683333333333334)","(5.5, 9.4, 9.233333333333334)","(26.0, 34.0, 30.903225806451612)","(71.0, 170.0, 106.36363636363636)","(31.0, 55.0, 51.0)"
10-01-2023 12:01:19.476568,"(4.0, 5.6, 5.456818181818181)","(3.9, 4.3, 4.154545454545454)","(2.7, 3.35, 3.325)","(7.5, 8.8, 8.7)","(5.5, 9.4, 9.233333333333334)","(26.0, 34.0, 30.73469387755102)","(71.0, 170.0, 106.36363636363636)","(31.0, 55.0, 50.15384615384615)"
10-01-2023 12:01:20.510163,"(4.0, 5.6, 5.462068965517242)","(3.9, 4.3, 4.154545454545454)","(2.7, 3.35, 3.25)","(7.5, 9.0, 8.695238095238095)","(5.5, 9.4, 9.200000000000001)","(26.0, 34.0, 30.73469387755102)","(71.0, 170.0, 106.36363636363636)","(31.0, 55.0, 50.15384615384615)"
10-01-2023 12:01:21.587084,"(4.0, 5.6, 5.5285714285714285)","(3.9, 4.3, 4.154545454545454)","(2.7, 3.35, 3.3125)","(7.5, 9.4, 9.313513513513513)","(5.5, 9.4, 9.200000000000001)","(26.0, 34.0, 31.28813559322034)","(71.0, 170.0, 106.36363636363636)","(31.0, 55.0, 50.15384615384615)"
10-01-2023 12:01:22.627939,"(4.0, 5.6, 5.541176470588235)","(3.9, 4.3, 4.154545454545454)","(2.7, 3.35, 3.3125)","(7.5, 9.6, 9.4)","(5.5, 9.4, 9.200000000000001)","(26.0, 34.0, 31.177419354838708)","(71.0, 170.0, 106.36363636363636)","(31.0, 55.0, 50.15384615384615)"
10-01-2023 12:01:23.693464,"(4.0, 5.6, 5.56875)","(3.9, 4.3, 4.154545454545454)","(2.7, 3.35, 3.25)","(7.5, 9.4, 9.25)","(5.5, 9.4, 9.200000000000001)","(26.0, 34.0, 31.426470588235293)","(71.0, 170.0, 106.36363636363636)","(31.0, 55.0, 50.15384615384615)"
10-01-2023 12:01:24.770929,"(4.0, 5.6, 5.58125)","(3.9, 4.3, 4.0875)","(2.7, 3.35, 3.3125)","(7.5, 9.4, 9.25)","(5.5, 9.4, 9.200000000000001)","(26.0, 34.0, 31.426470588235293)","(71.0, 170.0, 106.36363636363636)","(31.0, 55.0, 49.85714285714286)"
10-01-2023 12:01:25.794123,"(4.0, 5.6, 5.5777777777777775)","(3.9, 4.2, 4.083333333333333)","(2.7, 3.35, 3.2600000000000002)","(7.5, 9.2, 9.066666666666666)","(5.5, 9.4, 8.8)","(26.0, 34.0, 31.426470588235293)","(71.0, 170.0, 106.36363636363636)","(31.0, 55.0, 49.85714285714286)"
10-01-2023 12:01:26.865101,"(4.0, 5.6, 5.5777777777777775)","(3.9, 4.2, 4.142857142857143)","(2.7, 3.35, 3.3200000000000003)","(7.5, 9.2, 8.993333333333334)","(5.5, 9.4, 8.950000000000001)","(26.0, 34.0, 31.426470588235293)","(71.0, 170.0, 106.36363636363636)","(31.0, 55.0, 49.85714285714286)"
10-01-2023 12:01:27.941175,"(4.0, 5.6, 5.5777777777777775)","(3.7, 4.2, 4.038095238095238)","(2.7, 3.35, 3.3312500000000003)","(7.0, 9.0, 8.986666666666666)","(6.0, 9.4, 9.1)","(26.0, 34.0, 31.426470588235293)","(81.0, 170.0, 106.36363636363636)","(31.0, 55.0, 49.85714285714286)"
10-01-2023 12:01:28.973863,"(4.0, 5.7, 5.515652173913043)","(3.7, 4.2, 4.038095238095238)","(2.7, 3.35, 3.280769230769231)","(7.0, 9.0, 9.143749999999999)","(6.0, 10.0, 9.1)","(26.0, 34.0, 31.142857142857142)","(81.0, 170.0, 106.36363636363636)","(31.0, 55.0, 49.85714285714286)"
10-01-2023 12:01:30.038735,"(4.0, 5.7, 5.505504587155963)","(3.7, 4.2, 4.038095238095238)","(2.7, 3.35, 3.2875)","(7.0, 9.2, 9.159090909090908)","(6.0, 10.0, 9.166666666666666)","(26.0, 34.0, 31.627118644067796)","(81.0, 170.0, 106.36363636363636)","(31.0, 55.0, 49.85714285714286)"
10-01-2023 12:01:31.087185,"(4.0, 5.7, 5.505504587155963)","(3.7, 4.2, 4.038095238095238)","(2.7, 3.35, 3.3312500000000003)","(7.0, 9.0, 8.965217391304348)","(6.0, 10.0, 9.0)","(26.0, 34.0, 31.714285714285715)","(81.0, 170.0, 106.36363636363636)","(31.0, 55.0, 49.85714285714286)"
10-01-2023 12:01:32.119077,"(4.0, 5.7, 5.512389380530974)","(3.7, 4.2, 4.064)","(2.7, 3.35, 3.3026315789473686)","(7.0, 9.0, 8.929411764705883)","(6.0, 9.0, 8.92)","(26.0, 34.0, 31.866666666666667)","(81.0, 170.0, 106.36363636363636)","(31.0, 55.0, 49.85714285714286)"
10-01-2023 12:01:33.174162,"(4.0, 5.7, 5.512389380530974)","(3.7, 4.2, 4.052173913043478)","(2.7, 3.4, 3.253061224489796)","(7.0, 8.8, 8.786666666666667)","(6.0, 9.0, 8.96)","(26.0, 34.0, 37.84313725490196)","(81.0, 170.0, 106.36363636363636)","(31.0, 55.0, 49.85714285714286)"
10-01-2023 12:01:34.720059,"(4.0, 5.7, 5.515652173913043)","(3.8, 4.2, 4.052173913043478)","(2.8, 3.4, 3.31)","(7.5, 8.8, 8.7)","(6.0, 9.0, 8.96)","(26.0, 38.0, 39.43396226415094)","(71.0, 170.0, 106.36363636363636)","(31.0, 55.0, 49.85714285714286)"
10-01-2023 12:01:35.918721,"(3.9, 5.7, 5.515652173913043)","(3.8, 4.2, 4.052173913043478)","(2.8, 3.4, 3.30625)","(7.5, 8.8, 8.773333333333333)","(6.0, 9.0, 8.925)","(26.0, 40.0, 38.62068965517241)","(71.0, 170.0, 106.36363636363636)","(31.0, 55.0, 49.85714285714286)"
10-01-2023 12:01:37.018575,"(3.9, 5.7, 5.600943396226414)","(3.8, 4.2, 4.052173913043478)","(2.8, 3.4, 3.30625)","(7.5, 8.8, 8.773333333333333)","(6.0, 9.0, 9.028571428571428)","(26.0, 40.0, 38.62068965517241)","(71.0, 170.0, 106.36363636363636)","(31.0, 55.0, 49.85714285714286)"
10-01-2023 12:01:38.409979,"(4.0, 5.7, 5.600925925925925)","(3.7, 4.2, 4.038095238095238)","(2.8, 3.4, 3.3)","(7.0, 8.8, 8.773333333333333)","(6.0, 9.2, 9.280000000000001)","(26.0, 40.0, 38.62068965517241)","(71.0, 170.0, 106.36363636363636)","(31.0, 55.0, 49.85714285714286)"
10-01-2023 12:01:39.920017,"(4.0, 5.7, 5.588888888888889)","(3.7, 4.2, 4.038095238095238)","(2.8, 3.4, 3.3092105263157894)","(7.0, 8.8, 8.75)","(6.0, 9.4, 9.466666666666667)","(26.0, 40.0, 38.490566037735846)","(71.0, 170.0, 106.36363636363636)","(31.0, 55.0, 49.85714285714286)"
10-01-2023 12:01:41.093599,"(4.0, 5.6, 5.588888888888889)","(3.7, 4.2, 4.038095238095238)","(2.8, 3.4, 3.3)","(7.0, 8.8, 8.56)","(6.0, 9.8, 9.457142857142857)","(26.0, 40.0, 38.490566037735846)","(71.0, 170.0, 106.36363636363636)","(31.0, 55.0, 47.666666666666664)"
10-01-2023 12:01:42.326906,"(4.0, 5.6, 5.5055555555555555)","(3.7, 4.2, 4.038095238095238)","(2.8, 3.4, 3.3134615384615382)","(7.0, 8.6, 8.305882352941177)","(6.0, 9.8, 9.84)","(26.0, 40.0, 34.666666666666664)","(71.0, 170.0, 106.36363636363636)","(31.0, 55.0, 47.666666666666664)"
10-01-2023 12:01:43.386622,"(4.0, 5.6, 5.4972972972972975)","(3.7, 4.2, 4.038095238095238)","(2.8, 3.4, 3.3134615384615382)","(7.0, 8.4, 8.094736842105263)","(6.0, 10.0, 10.0625)","(26.0, 40.0, 37.44)","(71.0, 170.0, 106.36363636363636)","(31.0, 55.0, 47.666666666666664)"
10-01-2023 12:01:44.486604,"(4.0, 5.6, 5.52093023255814)","(3.7, 4.2, 4.038095238095238)","(2.8, 3.4, 3.3081632653061224)","(7.0, 8.2, 8.24)","(6.0, 10.5, 9.741666666666667)","(26.0, 40.0, 38.22222222222222)","(71.0, 170.0, 106.36363636363636)","(31.0, 55.0, 47.666666666666664)"
10-01-2023 12:01:45.548093,"(4.0, 5.6, 5.486666666666666)","(3.7, 4.2, 4.038095238095238)","(2.8, 3.4, 3.3081632653061224)","(7.0, 8.4, 8.24)","(6.0, 10.5, 9.888235294117647)","(26.0, 40.0, 38.22222222222222)","(71.0, 170.0, 106.36363636363636)","(31.0, 55.0, 47.666666666666664)"
10-01-2023 12:01:46.626874,"(4.0, 5.6, 5.486666666666666)","(3.7, 4.2, 4.038095238095238)","(2.8, 3.4, 3.3081632653061224)","(7.0, 8.4, 8.24)","(6.0, 10.5, 9.888235294117647)","(26.0, 40.0, 38.608695652173914)","(71.0, 170.0, 105.83333333333333)","(31.0, 55.0, 47.666666666666664)"
10-01-2023 12:01:47.643306,"(4.0, 5.6, 5.486666666666666)","(3.7, 4.2, 4.038095238095238)","(2.8, 3.4, 3.3081632653061224)","(7.0, 8.4, 8.24)","(6.0, 10.5, 9.73181818181818)","(26.0, 40.0, 38.745098039215684)","(71.0, 170.0, 142.5)","(31.0, 55.0, 49.46153846153846)"
10-01-2023 12:01:48.719413,"(4.0, 5.6, 5.502857142857143)","(3.7, 4.2, 4.076470588235294)","(2.8, 3.4, 3.3027777777777776)","(7.0, 8.4, 8.311111111111112)","(6.0, 10.5, 9.705555555555556)","(26.0, 40.0, 38.745098039215684)","(71.0, 170.0, 142.5)","(31.0, 55.0, 49.82352941176471)"
10-01-2023 12:01:49.765059,"(4.0, 5.6, 5.502857142857143)","(3.7, 4.1, 4.047058823529412)","(2.8, 3.4, 3.307894736842105)","(7.0, 8.4, 8.311111111111112)","(6.0, 10.5, 10.255555555555556)","(26.0, 40.0, 38.745098039215684)","(71.0, 170.0, 143.75)","(31.0, 55.0, 49.82352941176471)"
10-01-2023 12:01:50.827517,"(4.0, 5.7, 5.517741935483871)","(3.7, 4.1, 3.9734375)","(2.8, 3.4, 3.307894736842105)","(7.0, 8.4, 8.290909090909091)","(6.0, 10.5, 9.958333333333332)","(26.0, 40.0, 38.745098039215684)","(71.0, 170.0, 143.75)","(31.0, 55.0, 47.666666666666664)"
10-01-2023 12:01:51.898511,"(4.0, 5.7, 5.517741935483871)","(3.7, 4.1, 3.9875)","(2.8, 3.4, 3.3313725490196076)","(7.0, 8.4, 8.290909090909091)","(6.0, 10.5, 10.157894736842104)","(26.0, 40.0, 38.745098039215684)","(71.0, 170.0, 143.75)","(31.0, 55.0, 51.57142857142857)"
10-01-2023 12:01:52.954247,"(4.0, 5.7, 5.517741935483871)","(3.7, 4.1, 3.9553571428571432)","(2.8, 3.4, 3.3313725490196076)","(7.0, 8.4, 8.290909090909091)","(6.0, 10.5, 9.958333333333332)","(26.0, 40.0, 38.745098039215684)","(71.0, 170.0, 117.5)","(31.0, 55.0, 51.57142857142857)"
10-01-2023 12:01:54.030579,"(4.0, 5.7, 5.517741935483871)","(3.7, 4.1, 3.9539473684210527)","(2.8, 3.4, 3.3313725490196076)","(7.0, 8.4, 8.304761904761905)","(6.0, 10.5, 10.133333333333333)","(26.0, 40.0, 38.745098039215684)","(71.0, 170.0, 117.5)","(31.0, 55.0, 51.57142857142857)"
10-01-2023 12:01:55.118382,"(4.0, 5.7, 5.522047244094488)","(3.7, 4.1, 3.9539473684210527)","(2.8, 3.35, 3.2894736842105265)","(7.0, 8.4, 8.17391304347826)","(6.0, 10.5, 10.316666666666666)","(26.0, 40.0, 38.745098039215684)","(71.0, 170.0, 143.75)","(31.0, 55.0, 51.57142857142857)"
10-01-2023 12:01:56.203360,"(4.0, 5.7, 5.522047244094488)","(3.7, 4.1, 3.9792452830188676)","(2.8, 3.4, 3.3313725490196076)","(7.0, 8.2, 8.05)","(6.0, 10.5, 10.316666666666666)","(26.0, 40.0, 38.745098039215684)","(71.0, 170.0, 143.75)","(31.0, 55.0, 51.57142857142857)"
10-01-2023 12:01:57.297210,"(4.0, 5.7, 5.522047244094488)","(3.7, 4.1, 3.9702702702702704)","(2.8, 3.4, 3.322222222222222)","(7.0, 8.2, 8.028571428571428)","(6.0, 10.5, 10.316666666666666)","(26.0, 40.0, 38.72)","(71.0, 170.0, 117.5)","(31.0, 55.0, 51.57142857142857)"
10-01-2023 12:01:58.457425,"(4.0, 5.7, 5.526153846153846)","(3.7, 4.1, 4.021951219512195)","(2.8, 3.4, 3.321276595744681)","(7.0, 8.2, 7.8545454545454545)","(6.0, 10.5, 10.316666666666666)","(26.0, 40.0, 38.72)","(71.0, 170.0, 117.5)","(31.0, 55.0, 51.57142857142857)"
10-01-2023 12:01:59.627800,"(4.0, 5.7, 5.522047244094488)","(3.7, 4.1, 4.051851851851851)","(2.8, 3.4, 3.3740384615384613)","(7.0, 8.0, 7.885714285714285)","(6.0, 10.5, 9.68235294117647)","(26.0, 40.0, 39.04347826086956)","(71.0, 170.0, 143.75)","(31.0, 55.0, 51.57142857142857)"
10-01-2023 12:02:00.724483,"(4.0, 5.7, 5.522047244094488)","(3.7, 4.1, 4.010526315789473)","(2.8, 3.4, 3.3740384615384613)","(7.0, 8.0, 7.85)","(6.0, 11.0, 9.755555555555555)","(26.0, 40.0, 39.04347826086956)","(71.0, 170.0, 143.75)","(31.0, 55.0, 51.57142857142857)"
10-01-2023 12:02:01.799216,"(4.0, 5.7, 5.522047244094488)","(3.7, 4.1, 4.0227272727272725)","(2.8, 3.4, 3.3644736842105263)","(7.0, 8.0, 7.699999999999999)","(6.0, 11.0, 9.755555555555555)","(26.0, 40.0, 39.0958904109589)","(71.0, 170.0, 108.75)","(31.0, 55.0, 51.57142857142857)"
10-01-2023 12:02:02.875486,"(4.0, 5.3, 5.2615384615384615)","(3.7, 4.1, 4.021052631578947)","(2.8, 3.45, 3.4185714285714286)","(7.0, 8.2, 7.88421052631579)","(6.0, 11.0, 9.755555555555555)","(26.0, 40.0, 39.46666666666667)","(71.0, 170.0, 130.0)","(31.0, 55.0, 51.57142857142857)"
10-01-2023 12:02:04.020946,"(4.0, 5.3, 5.2105263157894735)","(3.7, 4.1, 4.048275862068965)","(2.8, 3.45, 3.4170731707317072)","(7.0, 8.2, 7.8969696969696965)","(6.0, 11.0, 9.755555555555555)","(26.0, 40.0, 37.5)","(71.0, 160.0, 146.66666666666666)","(31.0, 55.0, 51.57142857142857)"
10-01-2023 12:02:05.072484,"(4.0, 5.3, 5.225)","(3.7, 4.2, 4.1692307692307695)","(2.8, 3.5, 3.4170731707317072)","(7.0, 8.2, 7.8969696969696965)","(6.0, 11.0, 9.755555555555555)","(26.0, 38.0, 38.30769230769231)","(71.0, 160.0, 140.0)","(31.0, 55.0, 51.57142857142857)"
10-01-2023 12:02:06.099152,"(4.0, 5.3, 5.251724137931035)","(3.7, 4.2, 4.15)","(2.8, 3.45, 3.411290322580645)","(7.0, 8.2, 7.8969696969696965)","(6.0, 11.0, 9.755555555555555)","(26.0, 40.0, 38.30769230769231)","(71.0, 160.0, 150.0)","(31.0, 55.0, 51.57142857142857)"
10-01-2023 12:02:07.176446,"(4.0, 5.5, 5.419047619047619)","(3.7, 4.2, 4.111111111111112)","(2.8, 3.4, 3.3583333333333334)","(7.0, 8.2, 7.9)","(6.0, 11.0, 10.314285714285715)","(26.0, 40.0, 38.30769230769231)","(71.0, 160.0, 140.0)","(31.0, 55.0, 51.57142857142857)"
10-01-2023 12:02:08.182130,"(4.0, 5.5, 5.376190476190476)","(3.7, 4.2, 4.144)","(2.8, 3.45, 3.357142857142857)","(7.0, 8.0, 7.9)","(6.0, 11.0, 10.435294117647059)","(26.0, 40.0, 37.714285714285715)","(71.0, 160.0, 140.0)","(31.0, 55.0, 51.57142857142857)"
10-01-2023 12:02:09.196353,"(4.0, 5.5, 5.369565217391305)","(3.7, 4.2, 4.144)","(2.8, 3.4, 3.373076923076923)","(7.0, 8.0, 7.9)","(6.0, 11.0, 10.571428571428571)","(26.0, 40.0, 37.714285714285715)","(71.0, 160.0, 152.5)","(31.0, 55.0, 51.57142857142857)"
10-01-2023 12:02:10.205703,"(4.0, 5.5, 5.452173913043478)","(3.7, 4.2, 4.11764705882353)","(2.8, 3.35, 3.330769230769231)","(7.0, 8.0, 7.742857142857143)","(6.0, 11.0, 10.5)","(26.0, 40.0, 37.714285714285715)","(71.0, 160.0, 140.0)","(31.0, 55.0, 51.57142857142857)"
10-01-2023 12:02:11.240068,"(4.0, 5.6, 5.523809523809524)","(3.7, 4.2, 4.030769230769231)","(2.8, 3.4, 3.311111111111111)","(7.0, 8.0, 7.64)","(6.0, 11.0, 10.583333333333334)","(26.0, 40.0, 37.714285714285715)","(71.0, 160.0, 140.0)","(31.0, 55.0, 51.57142857142857)"
10-01-2023 12:02:12.264161,"(4.0, 5.6, 5.457142857142857)","(3.7, 4.2, 4.09)","(2.8, 3.35, 3.308974358974359)","(7.0, 8.0, 7.64)","(6.0, 11.0, 10.583333333333334)","(26.0, 40.0, 37.714285714285715)","(71.0, 160.0, 152.5)","(31.0, 55.0, 51.4)"
10-01-2023 12:02:13.376303,"(4.0, 5.5, 5.418181818181818)","(3.7, 4.2, 4.128571428571428)","(2.8, 3.35, 3.2666666666666666)","(7.0, 8.0, 7.63076923076923)","(6.0, 11.0, 10.5625)","(26.0, 40.0, 37.714285714285715)","(71.0, 160.0, 145.0)","(31.0, 55.0, 47.0)"
10-01-2023 12:02:14.466401,"(4.0, 5.6, 5.48)","(3.7, 4.2, 4.128571428571428)","(2.8, 3.3, 3.2666666666666666)","(7.0, 8.0, 7.742857142857143)","(6.0, 11.0, 10.75)","(26.0, 40.0, 37.714285714285715)","(71.0, 160.0, 145.0)","(31.0, 55.0, 47.0)"
10-01-2023 12:02:15.579769,"(4.0, 5.6, 5.5125)","(3.7, 4.2, 4.1230769230769235)","(2.8, 3.3, 3.2941176470588234)","(7.0, 8.0, 7.660869565217391)","(6.0, 11.0, 10.54)","(26.0, 40.0, 37.41935483870968)","(71.0, 160.0, 137.05882352941177)","(31.0, 55.0, 47.0)"
10-01-2023 12:02:16.689827,"(4.0, 5.6, 5.494736842105263)","(3.7, 4.2, 4.152380952380953)","(2.8, 3.3, 3.2470588235294118)","(7.0, 7.8, 7.733333333333333)","(6.0, 11.5, 10.76923076923077)","(26.0, 40.0, 37.41935483870968)","(71.0, 170.0, 152.5)","(31.0, 55.0, 47.0)"
10-01-2023 12:02:17.810087,"(4.0, 5.6, 5.457142857142857)","(3.7, 4.2, 4.1375)","(2.8, 3.3, 3.2470588235294118)","(7.0, 8.0, 7.82)","(6.0, 11.5, 10.882352941176471)","(26.0, 40.0, 37.714285714285715)","(71.0, 160.0, 145.0)","(31.0, 55.0, 47.0)"
10-01-2023 12:02:18.928670,"(4.0, 5.6, 5.466666666666667)","(3.7, 4.1, 4.074999999999999)","(2.8, 3.3, 3.24375)","(6.5, 8.0, 7.82)","(6.0, 11.5, 10.676470588235293)","(26.0, 40.0, 37.714285714285715)","(71.0, 160.0, 145.0)","(31.0, 55.0, 47.0)"
10-01-2023 12:02:20.065171,"(4.0, 5.6, 5.544444444444444)","(3.7, 4.0, 3.9675000000000002)","(2.8, 3.3, 3.253448275862069)","(6.5, 8.0, 7.784)","(6.0, 11.5, 10.833333333333334)","(26.0, 40.0, 37.77777777777778)","(71.0, 160.0, 152.5)","(31.0, 55.0, 47.0)"
10-01-2023 12:02:21.192181,"(4.0, 5.7, 5.517777777777778)","(3.7, 4.0, 3.9923076923076923)","(2.8, 3.3, 3.2962264150943397)","(6.5, 8.0, 7.64)","(6.5, 11.5, 11.088235294117647)","(31.0, 40.0, 37.77777777777778)","(91.0, 160.0, 145.0)","(31.0, 55.0, 47.0)"
10-01-2023 12:02:22.305155,"(4.0, 5.7, 5.5192)","(3.7, 3.95, 3.8058823529411767)","(2.8, 3.35, 3.3119565217391305)","(6.5, 8.0, 7.914285714285715)","(6.5, 11.5, 10.787234042553191)","(31.0, 40.0, 37.94285714285714)","(91.0, 160.0, 132.66666666666666)","(31.0, 55.0, 47.0)"
10-01-2023 12:02:23.412052,"(4.0, 5.7, 5.517391304347826)","(3.7, 3.85, 3.8058823529411767)","(2.8, 3.4, 3.307)","(6.5, 8.0, 7.988888888888889)","(6.5, 12.0, 10.787234042553191)","(31.0, 40.0, 38.05128205128205)","(91.0, 170.0, 133.63636363636363)","(31.0, 55.0, 47.0)"
10-01-2023 12:02:24.430448,"(4.0, 5.7, 5.518965517241379)","(3.7, 3.9, 3.825)","(2.8, 3.4, 3.291860465116279)","(6.5, 8.0, 7.936842105263158)","(6.5, 12.0, 10.909090909090908)","(31.0, 40.0, 38.05128205128205)","(81.0, 170.0, 133.63636363636363)","(31.0, 55.0, 51.4)"
10-01-2023 12:02:25.484613,"(4.0, 5.7, 5.518965517241379)","(3.7, 3.85, 3.7944444444444443)","(2.8, 3.4, 3.3642857142857143)","(6.5, 8.2, 7.936842105263158)","(6.5, 12.0, 11.131578947368421)","(31.0, 40.0, 38.0)","(81.0, 170.0, 135.0)","(31.0, 55.0, 53.2)"
10-01-2023 12:02:26.527577,"(4.0, 5.6, 5.553333333333333)","(3.7, 3.85, 3.7891304347826087)","(2.8, 3.4, 3.3791666666666664)","(6.5, 8.2, 7.855172413793103)","(6.5, 12.0, 11.158536585365853)","(31.0, 40.0, 37.82857142857143)","(81.0, 170.0, 142.0)","(31.0, 55.0, 53.2)"
10-01-2023 12:02:27.579734,"(4.0, 5.6, 5.5649999999999995)","(3.6, 3.8, 3.75625)","(2.8, 3.4, 3.3989690721649484)","(6.5, 8.2, 7.905882352941176)","(7.0, 12.0, 11.25)","(31.0, 40.0, 38.0)","(71.0, 170.0, 135.0)","(31.0, 55.0, 53.2)"
10-01-2023 12:02:28.676613,"(4.0, 5.6, 5.5562499999999995)","(3.6, 3.8, 3.7333333333333334)","(2.8, 3.4, 3.4392018779342726)","(6.5, 8.2, 7.894736842105263)","(7.0, 12.0, 11.409090909090908)","(31.0, 40.0, 38.0)","(71.0, 170.0, 135.0)","(31.0, 55.0, 53.2)"
10-01-2023 12:02:29.772783,"(4.0, 5.6, 5.5)","(3.6, 3.75, 3.7363636363636363)","(2.8, 3.45, 3.448611111111111)","(6.5, 8.2, 7.949999999999999)","(7.0, 12.0, 11.458333333333334)","(31.0, 40.0, 36.470588235294116)","(71.0, 170.0, 135.0)","(31.0, 55.0, 53.2)"
10-01-2023 12:02:30.881018,"(4.0, 5.6, 5.516666666666667)","(3.6, 3.75, 3.725)","(2.8, 3.45, 3.432758620689655)","(6.5, 8.2, 7.949999999999999)","(7.0, 12.0, 11.409090909090908)","(31.0, 40.0, 37.857142857142854)","(71.0, 170.0, 111.66666666666667)","(31.0, 55.0, 53.2)"
10-01-2023 12:02:31.956138,"(4.0, 5.6, 5.516666666666667)","(3.6, 3.75, 3.7403846153846154)","(2.8, 3.5, 3.446)","(6.5, 8.2, 7.95609756097561)","(7.0, 12.0, 11.434782608695652)","(31.0, 40.0, 37.857142857142854)","(71.0, 170.0, 103.52941176470588)","(31.0, 55.0, 53.2)"
10-01-2023 12:02:33.036911,"(4.0, 5.6, 5.523076923076923)","(3.6, 3.7, 3.6893442622950823)","(2.8, 3.45, 3.4349397590361446)","(6.5, 8.2, 7.828571428571428)","(7.0, 12.0, 11.447368421052632)","(31.0, 40.0, 37.5)","(71.0, 160.0, 114.78260869565217)","(31.0, 55.0, 50.84615384615385)"
10-01-2023 12:02:34.088368,"(4.0, 5.5, 5.421951219512195)","(3.6, 4.1, 3.9555555555555553)","(2.8, 3.45, 3.436503067484663)","(6.5, 8.0, 7.745454545454545)","(7.0, 11.5, 11.56578947368421)","(31.0, 40.0, 37.65217391304348)","(71.0, 160.0, 120.0)","(31.0, 55.0, 51.625)"
10-01-2023 12:02:35.127999,"(4.0, 5.5, 5.3933333333333335)","(3.6, 4.0, 3.9833333333333334)","(2.8, 3.45, 3.436503067484663)","(6.5, 8.0, 7.8133333333333335)","(7.0, 12.0, 11.56578947368421)","(31.0, 38.0, 37.69230769230769)","(71.0, 160.0, 122.22222222222223)","(31.0, 55.0, 51.625)"
10-01-2023 12:02:36.260565,"(4.0, 5.5, 5.3933333333333335)","(3.6, 4.0, 3.988888888888889)","(2.8, 3.45, 3.38695652173913)","(6.5, 8.0, 7.745454545454545)","(7.0, 12.0, 11.56578947368421)","(31.0, 38.0, 37.69230769230769)","(81.0, 160.0, 122.22222222222223)","(31.0, 55.0, 51.625)"
10-01-2023 12:02:37.345681,"(4.0, 5.5, 5.3933333333333335)","(3.5, 4.1, 4.027777777777778)","(3.0, 3.4, 3.38695652173913)","(7.0, 8.0, 7.745454545454545)","(7.0, 12.0, 11.56578947368421)","(31.0, 38.0, 37.69230769230769)","(61.0, 160.0, 122.22222222222223)","(31.0, 55.0, 48.0)"
10-01-2023 12:02:38.440927,"(4.0, 5.3, 5.269767441860465)","(3.5, 4.1, 4.02258064516129)","(3.0, 3.4, 3.39609375)","(7.0, 8.0, 7.781395348837209)","(7.0, 12.0, 11.25)","(31.0, 38.0, 37.65853658536585)","(61.0, 160.0, 122.22222222222223)","(31.0, 55.0, 51.294117647058826)"
10-01-2023 12:02:39.614014,"(4.0, 5.4, 5.2712871287128715)","(3.5, 4.1, 4.056666666666667)","(3.0, 3.35, 3.3223175965665237)","(7.0, 8.2, 7.874418604651162)","(7.0, 12.0, 11.38888888888889)","(31.0, 40.0, 37.65853658536585)","(71.0, 160.0, 123.57142857142857)","(31.0, 55.0, 51.294117647058826)"
10-01-2023 12:02:40.771444,"(4.0, 5.4, 5.253932584269663)","(3.5, 4.1, 4.047058823529412)","(3.0, 3.35, 3.2754901960784313)","(7.0, 8.2, 7.936842105263158)","(7.0, 12.0, 11.76923076923077)","(31.0, 40.0, 37.65853658536585)","(71.0, 160.0, 123.57142857142857)","(31.0, 55.0, 51.294117647058826)"
10-01-2023 12:02:41.910690,"(4.0, 5.4, 5.257142857142857)","(3.5, 4.1, 4.047058823529412)","(3.0, 3.3, 3.265753424657534)","(7.0, 8.2, 7.936842105263158)","(7.0, 12.0, 11.764705882352942)","(31.0, 40.0, 37.65853658536585)","(71.0, 160.0, 123.57142857142857)","(31.0, 55.0, 51.294117647058826)"
10-01-2023 12:02:43.033441,"(4.0, 5.4, 5.2555555555555555)","(3.5, 4.1, 4.047058823529412)","(3.0, 3.3, 3.2346153846153847)","(7.0, 8.2, 7.929729729729729)","(7.0, 12.0, 11.666666666666666)","(31.0, 40.0, 37.65853658536585)","(71.0, 160.0, 123.57142857142857)","(31.0, 55.0, 51.294117647058826)"
10-01-2023 12:02:44.207858,"(4.0, 5.4, 5.253932584269663)","(3.5, 4.1, 4.01875)","(3.0, 3.3, 3.2333333333333334)","(7.0, 8.2, 8.036363636363637)","(7.0, 12.0, 11.36)","(31.0, 40.0, 37.21739130434783)","(71.0, 160.0, 145.83333333333334)","(31.0, 55.0, 51.294117647058826)"
10-01-2023 12:02:45.355590,"(4.0, 5.4, 5.253932584269663)","(3.5, 4.2, 4.017647058823529)","(3.0, 3.3, 3.2306818181818184)","(7.0, 8.2, 7.9375)","(7.0, 12.0, 11.61111111111111)","(31.0, 40.0, 37.333333333333336)","(71.0, 150.0, 145.83333333333334)","(31.0, 55.0, 51.5)"
10-01-2023 12:02:46.457400,"(4.0, 5.4, 5.233333333333333)","(3.5, 4.2, 4.062222222222222)","(3.0, 3.25, 3.2306818181818184)","(7.0, 8.2, 7.9375)","(7.0, 12.0, 11.605263157894736)","(31.0, 40.0, 37.333333333333336)","(71.0, 150.0, 145.83333333333334)","(31.0, 55.0, 49.75)"
10-01-2023 12:02:47.562373,"(4.0, 5.4, 5.250574712643679)","(3.5, 4.1, 4.083333333333333)","(3.0, 3.3, 3.259259259259259)","(7.0, 8.2, 7.96774193548387)","(7.0, 12.0, 11.605263157894736)","(31.0, 40.0, 37.333333333333336)","(71.0, 150.0, 145.0)","(31.0, 55.0, 51.5)"
10-01-2023 12:02:48.695829,"(4.0, 5.4, 5.250574712643679)","(3.5, 4.1, 4.083333333333333)","(3.0, 3.3, 3.250793650793651)","(7.0, 8.2, 8.27142857142857)","(7.0, 12.0, 11.642857142857142)","(31.0, 40.0, 37.44)","(71.0, 150.0, 136.66666666666666)","(31.0, 55.0, 51.5)"
10-01-2023 12:02:49.738468,"(4.0, 5.3, 5.218181818181818)","(3.5, 4.1, 4.053846153846154)","(3.0, 3.3, 3.2294117647058824)","(7.0, 8.6, 8.399999999999999)","(7.0, 12.0, 11.635593220338983)","(31.0, 40.0, 37.5)","(71.0, 150.0, 121.9047619047619)","(31.0, 55.0, 52.1875)"
10-01-2023 12:02:50.846070,"(4.0, 5.1, 5.028125)","(3.5, 4.2, 4.038095238095238)","(3.0, 3.35, 3.263157894736842)","(7.0, 8.6, 8.530434782608696)","(7.0, 12.5, 11.81081081081081)","(31.0, 40.0, 38.30769230769231)","(71.0, 160.0, 124.70588235294117)","(31.0, 55.0, 52.5)"
10-01-2023 12:02:51.969185,"(4.0, 5.1, 5.034751773049646)","(3.5, 4.1, 4.067948717948718)","(3.0, 3.35, 3.263157894736842)","(7.0, 8.6, 8.328813559322032)","(7.0, 12.5, 11.7987012987013)","(31.0, 40.0, 37.904761904761905)","(71.0, 160.0, 122.3529411764706)","(31.0, 55.0, 52.5)"
10-01-2023 12:02:53.052088,"(4.0, 5.1, 5.041666666666666)","(3.5, 4.1, 4.070454545454545)","(3.0, 3.35, 3.3092592592592593)","(7.0, 8.6, 8.317241379310344)","(7.0, 12.5, 11.791139240506329)","(31.0, 40.0, 37.904761904761905)","(71.0, 160.0, 122.5)","(31.0, 55.0, 53.8)"
10-01-2023 12:02:54.150435,"(4.0, 5.3, 5.235294117647059)","(3.5, 4.0, 3.9659574468085106)","(3.0, 3.35, 3.3156250000000003)","(7.0, 8.6, 8.35135135135135)","(7.0, 12.5, 11.791139240506329)","(31.0, 40.0, 37.904761904761905)","(71.0, 160.0, 113.125)","(31.0, 55.0, 53.8)"
10-01-2023 12:02:55.253358,"(4.0, 5.3, 5.23695652173913)","(3.5, 3.95, 3.9171428571428573)","(3.0, 3.35, 3.2454545454545456)","(7.0, 8.6, 8.42909090909091)","(7.0, 12.5, 12.45)","(31.0, 40.0, 36.61538461538461)","(71.0, 160.0, 120.0)","(31.0, 55.0, 53.8)"
10-01-2023 12:02:56.335789,"(4.0, 5.3, 5.251515151515152)","(3.5, 3.95, 3.910344827586207)","(3.0, 3.3, 3.197802197802198)","(7.0, 8.6, 8.323809523809524)","(7.0, 12.5, 12.37037037037037)","(31.0, 40.0, 36.666666666666664)","(71.0, 160.0, 112.94117647058823)","(31.0, 55.0, 50.0)"
10-01-2023 12:02:57.465741,"(4.0, 5.2, 5.184615384615385)","(3.5, 4.3, 4.293145161290322)","(3.0, 3.2, 3.197802197802198)","(7.0, 8.4, 8.309090909090909)","(7.0, 13.0, 12.384615384615385)","(31.0, 40.0, 36.25)","(71.0, 160.0, 112.94117647058823)","(31.0, 55.0, 51.785714285714285)"
10-01-2023 12:02:58.547355,"(4.0, 5.2, 5.1567567567567565)","(3.5, 4.3, 4.293625498007968)","(3.0, 3.2, 3.185714285714286)","(7.0, 8.4, 8.2)","(7.0, 13.0, 12.40625)","(31.0, 40.0, 36.666666666666664)","(71.0, 160.0, 115.88235294117646)","(31.0, 55.0, 50.0)"
10-01-2023 12:02:59.687334,"(4.0, 5.2, 5.149333333333334)","(3.5, 4.4, 4.3768656716417915)","(3.0, 3.2, 3.15375)","(7.0, 8.2, 7.9818181818181815)","(7.0, 13.0, 12.419354838709678)","(31.0, 38.0, 36.666666666666664)","(71.0, 160.0, 142.0)","(31.0, 55.0, 53.166666666666664)"
10-01-2023 12:03:00.813109,"(4.0, 4.9, 4.8961538461538465)","(3.5, 4.3, 4.287793427230047)","(3.0, 3.35, 3.339240506329114)","(7.0, 8.2, 7.8999999999999995)","(7.0, 12.5, 12.426229508196721)","(31.0, 38.0, 36.666666666666664)","(71.0, 150.0, 142.0)","(31.0, 55.0, 50.76923076923077)"
10-01-2023 12:03:01.934378,"(4.0, 4.9, 4.891666666666667)","(3.4, 4.3, 4.289705882352941)","(3.0, 3.4, 3.2607142857142857)","(7.0, 8.2, 7.904615384615385)","(7.0, 13.0, 12.457142857142857)","(31.0, 38.0, 36.666666666666664)","(71.0, 150.0, 136.66666666666666)","(31.0, 55.0, 51.294117647058826)"
10-01-2023 12:03:03.109048,"(4.0, 5.0, 4.856097560975609)","(3.4, 4.3, 4.278787878787878)","(3.0, 3.3, 3.2772727272727273)","(7.0, 8.2, 7.904615384615385)","(7.0, 13.0, 12.457142857142857)","(31.0, 38.0, 36.666666666666664)","(71.0, 150.0, 117.61904761904762)","(31.0, 55.0, 49.75)"
10-01-2023 12:03:04.282893,"(4.0, 5.0, 4.874358974358974)","(3.4, 4.2, 4.193181818181818)","(3.0, 3.3, 3.279166666666667)","(7.0, 8.2, 8.008)","(7.5, 13.0, 12.435483870967742)","(31.0, 38.0, 36.666666666666664)","(71.0, 150.0, 114.21052631578948)","(31.0, 55.0, 49.75)"
10-01-2023 12:03:05.435926,"(4.0, 5.0, 4.912727272727273)","(3.4, 4.2, 4.034013605442177)","(3.0, 3.3, 3.2984375)","(7.0, 8.2, 8.094545454545454)","(7.5, 13.0, 12.515151515151516)","(31.0, 38.0, 36.666666666666664)","(71.0, 150.0, 114.21052631578948)","(31.0, 55.0, 51.294117647058826)"
10-01-2023 12:03:06.630454,"(4.0, 5.0, 4.9655172413793105)","(3.4, 4.2, 4.088888888888889)","(3.0, 3.35, 3.2797297297297296)","(7.0, 8.2, 8.216666666666667)","(7.5, 13.0, 12.515151515151516)","(31.0, 38.0, 36.666666666666664)","(71.0, 150.0, 126.0)","(31.0, 55.0, 49.46153846153846)"
10-01-2023 12:03:07.705654,"(4.0, 5.0, 4.9655172413793105)","(3.4, 4.1, 4.088888888888889)","(3.0, 3.35, 3.233783783783784)","(7.0, 8.4, 8.338461538461537)","(7.5, 13.0, 12.482758620689655)","(31.0, 38.0, 36.666666666666664)","(71.0, 130.0, 126.0)","(31.0, 55.0, 49.46153846153846)"
10-01-2023 12:03:08.809576,"(4.0, 5.1, 4.97)","(3.4, 4.0, 4.048076923076923)","(3.0, 3.3, 3.229047619047619)","(7.0, 8.6, 8.7)","(7.5, 13.0, 12.539473684210526)","(31.0, 38.0, 37.333333333333336)","(71.0, 130.0, 123.33333333333333)","(31.0, 55.0, 51.0)"
10-01-2023 12:03:09.897655,"(4.0, 5.1, 5.012)","(3.4, 4.1, 4.063265306122449)","(3.0, 3.25, 3.229047619047619)","(7.0, 8.8, 8.625)","(7.5, 13.0, 12.525641025641026)","(31.0, 38.0, 37.2)","(71.0, 130.0, 126.0)","(31.0, 55.0, 49.46153846153846)"
10-01-2023 12:03:10.973622,"(4.0, 5.1, 5.09375)","(3.4, 4.1, 4.012727272727273)","(3.0, 3.3, 3.256818181818182)","(7.0, 8.8, 8.506666666666668)","(7.5, 13.0, 12.546666666666667)","(31.0, 38.0, 36.666666666666664)","(71.0, 130.0, 126.0)","(31.0, 55.0, 49.46153846153846)"
10-01-2023 12:03:12.183262,"(4.0, 5.2, 5.066666666666666)","(3.4, 4.1, 4.014473684210526)","(3.0, 3.3, 3.241121495327103)","(7.0, 8.8, 8.45)","(7.5, 13.0, 12.525641025641026)","(31.0, 38.0, 36.25)","(71.0, 130.0, 120.0)","(31.0, 55.0, 51.0)"
10-01-2023 12:03:13.342473,"(4.0, 5.2, 5.101754385964912)","(3.4, 4.1, 3.9544776119402987)","(3.0, 3.3, 3.263768115942029)","(7.0, 8.6, 8.523076923076923)","(7.5, 13.0, 12.525641025641026)","(31.0, 40.0, 36.8421052631579)","(71.0, 130.0, 118.0)","(31.0, 55.0, 49.46153846153846)"
10-01-2023 12:03:14.534766,"(4.0, 5.2, 5.105084745762712)","(3.4, 4.1, 3.9765822784810125)","(3.0, 3.3, 3.2745454545454544)","(7.0, 8.6, 8.351724137931035)","(7.5, 13.0, 12.512820512820513)","(31.0, 40.0, 36.8421052631579)","(71.0, 120.0, 118.0)","(31.0, 55.0, 49.46153846153846)"
10-01-2023 12:03:15.701648,"(4.0, 5.2, 5.126086956521739)","(3.4, 4.1, 3.9765822784810125)","(3.0, 3.3, 3.275961538461538)","(7.0, 8.6, 8.266666666666667)","(7.5, 13.0, 12.512820512820513)","(31.0, 40.0, 36.25)","(71.0, 120.0, 115.0)","(31.0, 55.0, 51.0)"
10-01-2023 12:03:16.908468,"(4.0, 5.3, 5.211363636363637)","(3.4, 4.0, 3.9916666666666663)","(3.0, 3.3, 3.25625)","(7.0, 8.4, 8.48)","(7.5, 13.0, 11.011627906976745)","(31.0, 40.0, 37.333333333333336)","(71.0, 120.0, 112.85714285714286)","(31.0, 55.0, 52.3)"
10-01-2023 12:03:18.072036,"(4.0, 5.4, 5.254545454545455)","(3.4, 4.1, 4.06)","(3.0, 3.3, 3.253191489361702)","(7.0, 8.8, 8.614634146341464)","(7.5, 11.5, 11.340909090909092)","(31.0, 40.0, 37.333333333333336)","(71.0, 150.0, 124.0)","(31.0, 55.0, 53.875)"
10-01-2023 12:03:19.208230,"(4.0, 5.4, 5.254545454545455)","(3.4, 4.1, 4.097241379310344)","(3.0, 3.3, 3.248235294117647)","(7.0, 8.8, 8.614634146341464)","(7.5, 11.5, 11.219626168224298)","(31.0, 40.0, 37.91304347826087)","(71.0, 150.0, 124.0)","(31.0, 55.0, 53.875)"
10-01-2023 12:03:20.311848,"(4.0, 5.3, 5.257575757575758)","(3.4, 4.2, 4.164243614931238)","(3.0, 3.3, 3.2463414634146344)","(7.0, 8.8, 8.504761904761905)","(7.5, 11.5, 11.169565217391304)","(31.0, 40.0, 37.91304347826087)","(71.0, 150.0, 124.0)","(31.0, 55.0, 53.875)"
10-01-2023 12:03:21.428517,"(4.0, 5.4, 5.283870967741936)","(3.4, 4.2, 4.15893536121673)","(3.0, 3.3, 3.2463414634146344)","(7.0, 8.6, 8.504761904761905)","(7.5, 11.5, 11.152542372881356)","(31.0, 40.0, 38.31578947368421)","(71.0, 150.0, 119.41176470588235)","(31.0, 55.0, 53.875)"
10-01-2023 12:03:22.580483,"(4.0, 5.4, 5.288695652173914)","(3.4, 4.2, 4.15893536121673)","(3.0, 3.3, 3.2463414634146344)","(7.0, 8.6, 8.430555555555555)","(7.5, 11.5, 11.18141592920354)","(31.0, 40.0, 38.31578947368421)","(71.0, 150.0, 112.85714285714286)","(31.0, 55.0, 53.875)"
10-01-2023 12:03:23.701596,"(4.0, 5.4, 5.288695652173914)","(3.5, 4.2, 4.15893536121673)","(2.9, 3.3, 3.2624999999999997)","(7.0, 8.6, 8.321518987341772)","(8.0, 11.5, 11.2)","(26.0, 40.0, 37.86666666666667)","(71.0, 150.0, 112.85714285714286)","(31.0, 55.0, 53.875)"
10-01-2023 12:03:24.857389,"(4.0, 5.4, 5.283636363636364)","(3.5, 4.2, 4.15893536121673)","(2.9, 3.3, 3.2624999999999997)","(7.0, 8.6, 8.352173913043478)","(8.0, 11.5, 11.818181818181818)","(26.0, 40.0, 37.55555555555556)","(71.0, 150.0, 112.85714285714286)","(31.0, 55.0, 53.125)"
10-01-2023 12:03:25.992030,"(4.0, 5.4, 5.288695652173914)","(3.5, 4.2, 4.1574387947269305)","(2.9, 3.3, 3.252054794520548)","(7.0, 8.4, 8.258823529411766)","(8.0, 12.0, 11.816326530612244)","(26.0, 38.0, 37.55555555555556)","(71.0, 150.0, 112.85714285714286)","(31.0, 55.0, 52.857142857142854)"
10-01-2023 12:03:27.102931,"(4.0, 5.4, 5.288695652173914)","(3.5, 4.2, 4.1574387947269305)","(2.9, 3.3, 3.252054794520548)","(7.0, 8.4, 8.277777777777779)","(8.0, 12.0, 11.851063829787234)","(26.0, 38.0, 37.0)","(71.0, 150.0, 112.85714285714286)","(31.0, 55.0, 53.125)"
10-01-2023 12:03:28.343718,"(4.0, 5.4, 5.28256880733945)","(3.5, 4.2, 4.1574387947269305)","(2.9, 3.3, 3.252173913043478)","(7.0, 8.4, 8.113636363636363)","(8.0, 12.0, 11.793103448275861)","(26.0, 38.0, 37.64705882352941)","(71.0, 150.0, 112.85714285714286)","(31.0, 55.0, 52.84)"
10-01-2023 12:03:29.584531,"(4.0, 5.4, 5.288695652173914)","(3.5, 4.2, 4.1574387947269305)","(2.9, 3.3, 3.2459016393442623)","(7.0, 8.4, 8.085)","(8.0, 12.0, 11.542553191489361)","(26.0, 38.0, 37.61290322580645)","(71.0, 150.0, 112.85714285714286)","(31.0, 55.0, 52.75)"
10-01-2023 12:03:30.854450,"(4.0, 5.4, 5.294214876033058)","(3.5, 4.2, 4.164521193092622)","(2.9, 3.3, 3.2383177570093458)","(7.0, 8.4, 8.043478260869565)","(8.0, 12.5, 11.76865671641791)","(26.0, 38.0, 37.61290322580645)","(71.0, 150.0, 112.85714285714286)","(31.0, 55.0, 52.13636363636364)"
10-01-2023 12:03:32.056477,"(4.0, 5.4, 5.308571428571429)","(3.5, 4.2, 4.16555023923445)","(2.9, 3.3, 3.217283950617284)","(7.0, 8.2, 7.908695652173913)","(8.0, 12.5, 11.871794871794872)","(26.0, 38.0, 37.733333333333334)","(71.0, 150.0, 123.6842105263158)","(31.0, 55.0, 52.0)"
10-01-2023 12:03:33.162184,"(4.0, 5.4, 5.340740740740741)","(3.5, 4.2, 4.16555023923445)","(2.9, 3.25, 3.217283950617284)","(7.0, 8.2, 8.01509433962264)","(8.0, 12.5, 11.855263157894736)","(26.0, 38.0, 38.36363636363636)","(71.0, 150.0, 112.85714285714286)","(31.0, 55.0, 52.0)"
10-01-2023 12:03:34.423283,"(4.0, 5.4, 5.34)","(3.5, 4.2, 4.131967213114754)","(2.9, 3.2, 3.1346938775510202)","(7.0, 8.2, 8.02962962962963)","(8.0, 12.5, 11.806122448979592)","(26.0, 40.0, 38.36363636363636)","(71.0, 150.0, 112.85714285714286)","(31.0, 55.0, 52.0)"
10-01-2023 12:03:35.542004,"(4.0, 5.4, 5.343529411764706)","(3.5, 4.2, 4.139175257731958)","(2.9, 3.15, 3.134375)","(7.0, 8.2, 8.028070175438597)","(8.0, 12.5, 12.027777777777779)","(26.0, 40.0, 39.666666666666664)","(71.0, 150.0, 112.85714285714286)","(31.0, 55.0, 52.0)"
10-01-2023 12:03:36.726068,"(4.0, 5.6, 5.527272727272727)","(3.5, 4.2, 4.1358490566037736)","(2.9, 3.15, 3.1117816091954023)","(7.0, 8.2, 8.014285714285714)","(8.0, 12.5, 11.934782608695652)","(26.0, 40.0, 37.0)","(71.0, 150.0, 112.85714285714286)","(31.0, 55.0, 52.0)"
10-01-2023 12:03:37.953635,"(4.0, 5.6, 5.543396226415094)","(3.5, 4.2, 4.133333333333333)","(2.9, 3.15, 3.1084239130434783)","(7.0, 8.2, 8.046875)","(8.0, 12.0, 12.026315789473685)","(26.0, 40.0, 37.0)","(71.0, 150.0, 112.85714285714286)","(31.0, 55.0, 52.0)"
10-01-2023 12:03:39.102447,"(4.0, 5.6, 5.5473684210526315)","(3.5, 4.2, 4.128205128205128)","(2.9, 3.15, 3.084905660377358)","(7.0, 8.2, 7.938271604938271)","(8.0, 12.5, 12.049668874172186)","(26.0, 40.0, 37.0)","(71.0, 150.0, 112.85714285714286)","(31.0, 55.0, 52.0)"
10-01-2023 12:03:40.306800,"(4.0, 5.7, 5.638181818181819)","(3.5, 4.2, 4.125663716814159)","(2.9, 3.15, 3.0922594142259414)","(7.0, 8.2, 7.9135135135135135)","(8.0, 12.5, 12.035483870967742)","(26.0, 40.0, 37.0)","(71.0, 150.0, 112.85714285714286)","(31.0, 55.0, 52.0)"
10-01-2023 12:03:41.552063,"(4.0, 5.7, 5.642372881355932)","(3.5, 4.2, 4.125663716814159)","(2.9, 3.15, 3.091276595744681)","(7.0, 8.2, 8.023188405797102)","(8.0, 12.5, 12.04109589041096)","(26.0, 40.0, 36.266666666666666)","(71.0, 150.0, 113.63636363636364)","(31.0, 55.0, 52.0)"
10-01-2023 12:03:42.799000,"(4.0, 5.7, 5.642372881355932)","(3.5, 4.2, 4.122641509433962)","(2.9, 3.15, 3.086194029850746)","(7.0, 8.2, 8.023188405797102)","(8.0, 12.5, 12.04109589041096)","(26.0, 40.0, 38.17391304347826)","(71.0, 150.0, 112.85714285714286)","(31.0, 55.0, 52.0)"
10-01-2023 12:03:43.998903,"(4.0, 5.7, 5.647692307692308)","(3.5, 4.2, 4.124770642201835)","(2.9, 3.1, 3.1078125)","(7.0, 8.2, 8.023188405797102)","(8.0, 12.5, 12.04109589041096)","(26.0, 40.0, 38.17391304347826)","(71.0, 150.0, 112.85714285714286)","(31.0, 55.0, 52.0)"
10-01-2023 12:03:45.083398,"(4.0, 5.7, 5.647692307692308)","(3.5, 4.2, 4.124770642201835)","(2.9, 3.15, 3.106923076923077)","(7.0, 8.2, 8.023529411764706)","(8.0, 12.5, 12.04109589041096)","(26.0, 40.0, 38.212765957446805)","(71.0, 150.0, 112.85714285714286)","(31.0, 55.0, 52.0)"
10-01-2023 12:03:46.180480,"(4.0, 5.7, 5.626666666666666)","(3.5, 4.2, 4.113684210526316)","(2.9, 3.15, 3.1055555555555556)","(7.0, 8.2, 8.023529411764706)","(8.0, 12.5, 12.04109589041096)","(26.0, 40.0, 37.666666666666664)","(71.0, 150.0, 113.63636363636364)","(31.0, 55.0, 52.0)"
10-01-2023 12:03:47.332682,"(4.0, 5.7, 5.677777777777778)","(3.5, 4.2, 4.1125)","(2.9, 3.15, 3.106190476190476)","(7.0, 8.2, 8.023529411764706)","(8.0, 12.5, 12.04109589041096)","(26.0, 38.0, 37.542857142857144)","(71.0, 150.0, 113.63636363636364)","(31.0, 55.0, 52.0)"
10-01-2023 12:03:48.480522,"(4.0, 5.7, 5.68125)","(3.5, 4.2, 4.108080808080808)","(2.8, 3.15, 3.106190476190476)","(7.0, 8.2, 8.023880597014925)","(8.0, 12.5, 12.034722222222221)","(26.0, 38.0, 37.5)","(71.0, 150.0, 112.85714285714286)","(31.0, 55.0, 52.0)"
10-01-2023 12:03:49.596220,"(4.0, 5.7, 5.683870967741935)","(3.5, 4.2, 4.169777777777778)","(2.8, 3.15, 3.135072463768116)","(7.0, 8.2, 8.023880597014925)","(8.0, 12.5, 12.034722222222221)","(26.0, 38.0, 37.542857142857144)","(71.0, 150.0, 113.63636363636364)","(31.0, 55.0, 52.0)"
10-01-2023 12:03:50.747263,"(4.0, 5.7, 5.693333333333333)","(3.5, 4.2, 4.161596958174905)","(2.8, 3.15, 3.1370431893687707)","(7.0, 8.2, 7.934831460674157)","(8.0, 12.5, 12.034722222222221)","(26.0, 38.0, 37.26315789473684)","(71.0, 150.0, 113.63636363636364)","(31.0, 55.0, 52.0)"
10-01-2023 12:03:51.930353,"(4.0, 5.8, 5.741463414634146)","(3.5, 4.2, 4.161596958174905)","(2.8, 3.15, 3.1370431893687707)","(7.0, 8.2, 7.951724137931034)","(8.0, 12.5, 12.04421768707483)","(26.0, 38.0, 37.26315789473684)","(71.0, 150.0, 113.63636363636364)","(31.0, 55.0, 52.0)"
10-01-2023 12:03:53.134544,"(4.0, 5.7, 5.683018867924528)","(3.5, 4.2, 4.160079840319361)","(2.8, 3.15, 3.1370431893687707)","(7.0, 8.2, 7.948837209302325)","(8.0, 12.5, 12.04421768707483)","(26.0, 38.0, 37.0)","(71.0, 150.0, 113.63636363636364)","(31.0, 55.0, 52.0)"
10-01-2023 12:03:54.317228,"(4.0, 5.7, 5.682352941176471)","(3.5, 4.1, 4.094666666666666)","(2.8, 3.15, 3.114021164021164)","(7.0, 8.2, 7.948837209302325)","(8.0, 12.5, 12.166666666666666)","(26.0, 40.0, 38.625)","(71.0, 150.0, 113.63636363636364)","(31.0, 55.0, 52.0)"
10-01-2023 12:03:55.477251,"(4.0, 5.6, 5.519642857142857)","(3.5, 4.2, 4.120454545454545)","(2.8, 3.15, 3.1292553191489363)","(7.0, 8.2, 7.9655172413793105)","(8.0, 12.5, 12.149122807017545)","(26.0, 42.0, 39.07692307692308)","(71.0, 150.0, 113.63636363636364)","(31.0, 55.0, 51.294117647058826)"
10-01-2023 12:03:56.666944,"(4.0, 5.4, 5.3122807017543865)","(3.5, 4.2, 4.123357664233576)","(2.8, 3.15, 3.121875)","(7.0, 8.0, 8.111627906976745)","(8.0, 12.5, 12.035211267605634)","(26.0, 40.0, 39.294117647058826)","(71.0, 150.0, 127.5)","(31.0, 55.0, 51.294117647058826)"
10-01-2023 12:03:57.821761,"(4.0, 5.4, 5.258333333333334)","(3.5, 4.2, 4.123357664233576)","(2.8, 3.15, 3.14921875)","(7.0, 8.4, 8.265060240963855)","(8.0, 12.5, 11.99673202614379)","(26.0, 40.0, 39.294117647058826)","(71.0, 150.0, 147.3684210526316)","(31.0, 55.0, 52.3)"
10-01-2023 12:03:58.929035,"(4.0, 5.2, 5.092307692307692)","(3.5, 4.2, 4.1284210526315785)","(2.8, 3.25, 3.1966257668711657)","(7.0, 8.4, 8.231372549019609)","(8.0, 12.5, 11.996894409937887)","(26.0, 40.0, 38.193548387096776)","(71.0, 150.0, 123.33333333333333)","(31.0, 55.0, 52.78947368421053)"
10-01-2023 12:04:00.074040,"(4.2, 5.2, 5.142424242424243)","(3.5, 4.2, 4.133980582524272)","(2.8, 3.25, 3.1966257668711657)","(7.0, 8.4, 8.219354838709677)","(8.0, 12.5, 11.99367088607595)","(26.0, 40.0, 37.629629629629626)","(71.0, 150.0, 136.1904761904762)","(31.0, 55.0, 58.94736842105263)"
10-01-2023 12:04:01.190882,"(4.2, 5.2, 5.095238095238095)","(3.5, 4.2, 4.11081081081081)","(2.8, 3.25, 3.1924)","(7.0, 8.4, 8.196)","(8.0, 12.5, 11.961538461538462)","(26.0, 40.0, 37.76)","(71.0, 140.0, 137.89473684210526)","(31.0, 60.0, 57.0)"
10-01-2023 12:04:02.344857,"(4.2, 5.2, 5.144444444444444)","(3.5, 4.2, 4.108602150537634)","(2.8, 3.25, 3.2413333333333334)","(7.0, 8.2, 8.278688524590164)","(8.0, 12.5, 12.048780487804878)","(26.0, 40.0, 38.8)","(71.0, 140.0, 145.0)","(31.0, 60.0, 57.72727272727273)"
10-01-2023 12:04:03.507551,"(4.2, 5.1, 5.065591397849462)","(3.5, 4.2, 4.124444444444444)","(2.8, 3.25, 3.2473282442748093)","(7.0, 8.4, 8.266666666666666)","(8.0, 12.5, 11.897058823529411)","(26.0, 40.0, 38.857142857142854)","(71.0, 150.0, 145.0)","(31.0, 60.0, 57.72727272727273)"
10-01-2023 12:04:04.583884,"(4.2, 5.1, 5.084782608695652)","(3.5, 4.2, 4.11542288557214)","(2.8, 3.3, 3.2473282442748093)","(7.0, 8.4, 8.266666666666666)","(8.0, 12.0, 11.734375)","(26.0, 40.0, 39.77777777777778)","(71.0, 150.0, 146.92307692307693)","(31.0, 60.0, 56.666666666666664)"
10-01-2023 12:04:05.729894,"(4.2, 5.1, 5.079487179487179)","(3.5, 4.1, 4.05)","(2.8, 3.3, 3.2896739130434782)","(7.0, 8.4, 8.121167883211678)","(8.0, 12.0, 11.758620689655173)","(26.0, 42.0, 40.166666666666664)","(71.0, 150.0, 146.92307692307693)","(31.0, 60.0, 59.375)"
10-01-2023 12:04:06.879426,"(4.2, 5.0, 4.963636363636364)","(3.5, 4.1, 4.004347826086956)","(2.8, 3.35, 3.3622448979591835)","(7.0, 8.2, 8.096629213483146)","(8.0, 12.0, 11.696428571428571)","(26.0, 42.0, 40.37037037037037)","(71.0, 150.0, 146.92307692307693)","(31.0, 60.0, 61.101694915254235)"
10-01-2023 12:04:08.036258,"(4.2, 5.0, 4.993406593406593)","(3.5, 4.1, 4.006603773584906)","(2.8, 3.4, 3.373943661971831)","(7.0, 8.2, 8.08314606741573)","(8.0, 12.0, 11.657142857142857)","(26.0, 42.0, 40.206896551724135)","(71.0, 150.0, 148.0952380952381)","(31.0, 65.0, 60.689655172413794)"
10-01-2023 12:04:09.161467,"(4.2, 5.0, 4.9936842105263155)","(3.5, 4.1, 4.001282051282051)","(2.8, 3.4, 3.3607692307692307)","(7.0, 8.2, 8.514285714285714)","(8.0, 12.0, 11.657142857142857)","(26.0, 42.0, 39.93939393939394)","(71.0, 150.0, 148.0952380952381)","(31.0, 65.0, 60.689655172413794)"
10-01-2023 12:04:10.291679,"(4.2, 5.1, 5.034042553191489)","(3.5, 4.1, 4.047826086956522)","(2.8, 3.4, 3.371969696969697)","(7.0, 8.6, 8.574074074074074)","(8.0, 12.0, 11.88)","(26.0, 42.0, 39.84615384615385)","(71.0, 150.0, 148.46153846153845)","(31.0, 65.0, 60.689655172413794)"
10-01-2023 12:04:11.462677,"(4.2, 4.9, 4.880434782608696)","(3.5, 4.0, 3.9555555555555557)","(2.8, 3.4, 3.3911764705882352)","(7.0, 8.6, 8.595833333333333)","(8.0, 12.0, 11.985915492957746)","(26.0, 40.0, 39.09090909090909)","(71.0, 150.0, 150.32258064516128)","(31.0, 65.0, 60.90163934426229)"
10-01-2023 12:04:12.690910,"(4.2, 5.0, 4.915254237288136)","(3.5, 3.95, 3.912626262626263)","(2.8, 3.45, 3.423684210526316)","(7.0, 8.6, 8.613333333333333)","(8.0, 12.0, 12.01923076923077)","(26.0, 42.0, 39.395348837209305)","(71.0, 160.0, 146.95652173913044)","(31.0, 65.0, 61.36363636363637)"
10-01-2023 12:04:13.826614,"(4.2, 4.9, 4.753846153846154)","(3.5, 3.9, 3.8855855855855856)","(2.8, 3.45, 3.4351063829787236)","(7.0, 8.8, 8.814117647058824)","(8.0, 12.5, 12.052884615384615)","(26.0, 42.0, 40.15)","(71.0, 160.0, 125.71428571428571)","(31.0, 65.0, 61.57142857142857)"
10-01-2023 12:04:15.014461,"(4.2, 4.8, 4.753061224489796)","(3.5, 3.9, 3.8614864864864864)","(2.8, 3.45, 3.4476851851851853)","(7.0, 9.0, 8.657142857142858)","(8.0, 12.5, 12.096153846153847)","(26.0, 42.0, 38.93617021276596)","(71.0, 160.0, 125.71428571428571)","(31.0, 65.0, 61.61764705882353)"
10-01-2023 12:04:16.113357,"(4.2, 4.9, 4.805454545454546)","(3.5, 3.8, 3.776829268292683)","(2.8, 3.45, 3.4476851851851853)","(7.0, 8.8, 8.61311475409836)","(8.0, 12.5, 12.114406779661017)","(26.0, 42.0, 39.69230769230769)","(71.0, 160.0, 124.0)","(31.0, 65.0, 62.0)"
10-01-2023 12:04:17.219324,"(4.2, 4.9, 4.805263157894737)","(3.5, 3.85, 3.788666666666667)","(2.8, 3.45, 3.4482558139534887)","(7.0, 8.8, 8.61311475409836)","(8.0, 12.5, 12.114406779661017)","(26.0, 40.0, 37.6)","(71.0, 160.0, 127.27272727272727)","(31.0, 65.0, 62.16216216216216)"
10-01-2023 12:04:18.268258,"(4.2, 4.9, 4.853658536585366)","(3.5, 3.85, 3.815753424657534)","(2.8, 3.5, 3.484302325581395)","(7.0, 8.4, 8.387500000000001)","(8.0, 12.5, 12.13888888888889)","(26.0, 40.0, 37.333333333333336)","(71.0, 160.0, 134.28571428571428)","(31.0, 65.0, 61.81818181818182)"
10-01-2023 12:04:19.294207,"(4.2, 4.9, 4.856410256410257)","(3.5, 3.85, 3.8198275862068964)","(2.8, 3.5, 3.493888888888889)","(7.0, 8.4, 8.329411764705883)","(8.0, 12.5, 12.13888888888889)","(26.0, 40.0, 37.073170731707314)","(71.0, 160.0, 134.28571428571428)","(31.0, 65.0, 61.666666666666664)"
10-01-2023 12:04:20.435301,"(4.2, 4.9, 4.859756097560976)","(3.5, 3.85, 3.8198275862068964)","(2.8, 3.5, 3.5126984126984127)","(7.0, 8.4, 8.58)","(8.0, 12.5, 12.119047619047619)","(26.0, 40.0, 37.4)","(71.0, 160.0, 134.28571428571428)","(31.0, 65.0, 61.714285714285715)"
10-01-2023 12:04:21.491667,"(4.2, 4.7, 4.676315789473684)","(3.5, 3.85, 3.822463768115942)","(2.8, 3.55, 3.519480519480519)","(7.0, 8.6, 8.58)","(8.0, 12.5, 12.12295081967213)","(26.0, 40.0, 37.0)","(71.0, 160.0, 134.28571428571428)","(31.0, 65.0, 62.05128205128205)"
10-01-2023 12:04:22.512284,"(3.9, 4.8, 4.7272727272727275)","(3.4, 3.8, 3.7851063829787233)","(2.9, 3.55, 3.5314516129032256)","(7.0, 8.8, 8.495049504950495)","(8.0, 12.5, 12.137795275590552)","(31.0, 40.0, 37.333333333333336)","(81.0, 160.0, 130.0)","(41.0, 65.0, 62.16216216216216)"
10-01-2023 12:04:23.676212,"(3.9, 4.8, 4.7098360655737705)","(3.4, 3.85, 3.7750000000000004)","(2.9, 3.55, 3.532758620689655)","(7.0, 8.8, 8.550877192982457)","(8.0, 12.5, 11.78763440860215)","(31.0, 40.0, 37.368421052631575)","(81.0, 160.0, 130.0)","(41.0, 65.0, 62.16216216216216)"
10-01-2023 12:04:24.817529,"(3.9, 4.8, 4.711475409836066)","(3.4, 3.85, 3.801111111111111)","(2.9, 3.55, 3.532456140350877)","(7.0, 8.8, 8.550877192982457)","(8.0, 12.0, 11.771341463414634)","(31.0, 40.0, 37.368421052631575)","(81.0, 160.0, 130.0)","(41.0, 65.0, 62.16216216216216)"
10-01-2023 12:04:25.854628,"(3.9, 4.8, 4.728301886792453)","(3.4, 3.85, 3.801111111111111)","(2.9, 3.55, 3.532456140350877)","(7.0, 8.8, 8.67741935483871)","(8.0, 12.0, 11.696652719665272)","(31.0, 40.0, 38.13333333333333)","(81.0, 160.0, 136.92307692307693)","(41.0, 65.0, 61.6)"
10-01-2023 12:04:26.992439,"(3.9, 4.8, 4.746296296296296)","(3.4, 3.8, 3.772105263157895)","(2.9, 3.55, 3.6177248677248675)","(7.0, 8.8, 8.94)","(8.0, 12.0, 11.683127572016462)","(31.0, 40.0, 38.142857142857146)","(81.0, 160.0, 136.92307692307693)","(41.0, 65.0, 61.6)"
10-01-2023 12:04:28.141690,"(3.9, 4.8, 4.727450980392157)","(3.4, 3.8, 3.7442105263157894)","(2.9, 3.65, 3.6434306569343065)","(7.0, 9.2, 8.449180327868852)","(8.0, 12.0, 11.665909090909091)","(31.0, 40.0, 38.142857142857146)","(81.0, 160.0, 131.42857142857142)","(41.0, 65.0, 61.0)"
10-01-2023 12:04:29.285747,"(3.9, 4.8, 4.771830985915493)","(3.4, 3.75, 3.6716666666666664)","(2.9, 3.7, 3.6625)","(7.0, 8.6, 8.326829268292682)","(8.0, 12.0, 11.7018779342723)","(31.0, 40.0, 38.54545454545455)","(81.0, 160.0, 132.0)","(41.0, 65.0, 61.07142857142857)"
10-01-2023 12:04:30.406420,"(3.9, 4.9, 4.80943396226415)","(3.4, 3.75, 3.738)","(2.9, 3.6, 3.5946236559139786)","(7.0, 8.4, 8.193023255813953)","(8.0, 12.0, 11.60909090909091)","(31.0, 40.0, 38.476190476190474)","(81.0, 160.0, 142.35294117647058)","(41.0, 65.0, 61.73076923076923)"
10-01-2023 12:04:31.518051,"(3.9, 4.8, 4.771153846153846)","(3.4, 3.75, 3.7059322033898305)","(2.9, 3.7, 3.6732758620689654)","(7.0, 8.2, 8.28314606741573)","(8.0, 12.0, 11.607843137254902)","(31.0, 40.0, 38.15384615384615)","(81.0, 160.0, 136.66666666666666)","(41.0, 65.0, 61.8)"
10-01-2023 12:04:32.625084,"(3.9, 4.9, 4.766666666666667)","(3.4, 3.75, 3.747297297297297)","(2.9, 3.7, 9998.5)","(7.0, 8.4, 9998.5)","(8.0, 12.0, 9998.5)","(31.0, 40.0, 9998.5)","(81.0, 160.0, 9998.5)","(41.0, 65.0, 9998.5)"
10-01-2023 12:04:33.656184,"(3.9, 99998, 9998.5)","(3.4, 99998, 9998.5)","(2.9, 99998, 9998.5)","(7.0, 99998, 9998.5)","(8.0, 99998, 9998.5)","(31.0, 99998, 9998.5)","(81.0, 99998, 9998.5)","(41.0, 99998, 9998.5)"
10-01-2023 12:04:34.697576,"(3.9, 99998, 9998.5)","(3.4, 99998, 9998.5)","(2.9, 99998, 9998.5)","(7.0, 99998, 9998.5)","(8.0, 99998, 9998.5)","(31.0, 99998, 9998.5)","(81.0, 99998, 9998.5)","(41.0, 99998, 9998.5)"
10-01-2023 12:04:35.762952,"(3.9, 99998, 9998.5)","(3.4, 99998, 9998.5)","(2.9, 99998, 9998.5)","(7.0, 99998, 9998.5)","(8.0, 99998, 9998.5)","(31.0, 99998, 9998.5)","(81.0, 99998, 9998.5)","(41.0, 99998, 9998.5)"
10-01-2023 12:04:36.811019,"(3.9, 99998, 9998.5)","(3.4, 99998, 9998.5)","(2.9, 99998, 9998.5)","(7.0, 99998, 9998.5)","(8.0, 99998, 9998.5)","(31.0, 99998, 9998.5)","(81.0, 99998, 9998.5)","(41.0, 99998, 9998.5)"
10-01-2023 12:04:37.840017,"(3.9, 99998, 9998.5)","(3.4, 99998, 9998.5)","(2.9, 99998, 9998.5)","(7.0, 99998, 9998.5)","(8.0, 99998, 9998.5)","(31.0, 99998, 9998.5)","(81.0, 99998, 9998.5)","(41.0, 99998, 9998.5)"
10-01-2023 12:04:38.955269,"(3.9, 99998, 9998.5)","(3.4, 99998, 9998.5)","(2.9, 99998, 9998.5)","(7.0, 99998, 9998.5)","(8.0, 99998, 9998.5)","(31.0, 99998, 9998.5)","(81.0, 99998, 9998.5)","(41.0, 99998, 9998.5)"
10-01-2023 12:04:40.042878,"(3.9, 99998, 9998.5)","(3.4, 99998, 9998.5)","(2.9, 99998, 9998.5)","(7.0, 99998, 9998.5)","(8.0, 99998, 9998.5)","(31.0, 99998, 9998.5)","(81.0, 99998, 9998.5)","(41.0, 99998, 9998.5)"
10-01-2023 12:04:41.094472,"(3.9, 99998, 9998.5)","(3.4, 99998, 9998.5)","(2.9, 99998, 9998.5)","(7.0, 99998, 9998.5)","(8.0, 99998, 9998.5)","(31.0, 99998, 9998.5)","(81.0, 99998, 9998.5)","(41.0, 99998, 9998.5)"
10-01-2023 12:04:42.174244,"(3.9, 99998, 9998.5)","(3.4, 99998, 9998.5)","(2.9, 99998, 9998.5)","(7.0, 99998, 9998.5)","(8.0, 99998, 9998.5)","(31.0, 99998, 9998.5)","(81.0, 99998, 9998.5)","(41.0, 99998, 9998.5)"
10-01-2023 12:04:43.217411,"(3.9, 99998, 9998.5)","(3.4, 99998, 9998.5)","(2.9, 99998, 9998.5)","(7.0, 99998, 9998.5)","(8.0, 99998, 9998.5)","(31.0, 99998, 9998.5)","(81.0, 99998, 9998.5)","(41.0, 99998, 9998.5)"
10-01-2023 12:04:44.342976,"(3.9, 99998, 9998.5)","(3.4, 99998, 9998.5)","(2.9, 99998, 9998.5)","(7.0, 99998, 9998.5)","(8.0, 99998, 9998.5)","(31.0, 99998, 9998.5)","(81.0, 99998, 9998.5)","(41.0, 99998, 9998.5)"
