,Ride On Beauty,K K Can,Lunar Prayer,Salty Saul,Black Panda,Bet The Queen,Grams Gal,Shania Sea,Lady Licious
12-01-2023 11:24:18.538550,"(1.01, 99999, 99990)","(5.5, 7.2, 6.45)","(5.0, 6.0, 5.653846153846154)","(12.0, 15.0, 12.98181818181818)","(2.9, 3.2, 2.9783333333333335)","(6.5, 9.0, 6.666666666666667)","(20.0, 85.0, 51.5)","(6.0, 99999, 99990)","(8.5, 14.0, 12.984615384615385)"
12-01-2023 11:24:19.727443,"(1.01, 99999, 99990)","(5.5, 7.2, 6.45)","(5.0, 6.0, 5.653846153846154)","(12.0, 15.0, 12.98181818181818)","(2.9, 3.2, 2.9783333333333335)","(6.5, 9.0, 6.666666666666667)","(20.0, 85.0, 51.5)","(6.0, 99999, 99990)","(8.5, 14.0, 12.984615384615385)"
12-01-2023 11:24:20.913684,"(1.01, 99999, 99990)","(5.5, 7.2, 6.45)","(5.0, 6.2, 5.633333333333333)","(12.0, 15.0, 12.98181818181818)","(2.9, 3.2, 2.934)","(6.5, 9.0, 6.666666666666667)","(20.0, 85.0, 51.5)","(6.0, 99999, 99990)","(8.5, 14.0, 12.984615384615385)"
12-01-2023 11:24:22.049691,"(1.01, 99999, 99990)","(5.5, 7.2, 6.45)","(5.0, 6.2, 5.633333333333333)","(12.0, 15.0, 12.98181818181818)","(2.9, 3.2, 2.934)","(6.5, 9.0, 6.666666666666667)","(20.0, 85.0, 40.33333333333333)","(6.0, 99999, 99990)","(8.5, 14.0, 12.984615384615385)"
12-01-2023 11:24:23.264960,"(1.01, 99999, 99990)","(5.5, 7.2, 6.45)","(5.0, 6.2, 5.633333333333333)","(12.0, 15.0, 12.98181818181818)","(2.9, 3.2, 2.934)","(6.5, 9.0, 6.666666666666667)","(20.0, 85.0, 27.57142857142857)","(6.0, 99999, 99990)","(8.5, 14.0, 12.984615384615385)"
12-01-2023 11:24:24.448394,"(1.01, 99999, 99990)","(5.5, 7.2, 6.45)","(5.0, 6.2, 5.394736842105264)","(12.0, 15.0, 12.98181818181818)","(2.9, 3.2, 2.934)","(6.5, 9.0, 6.666666666666667)","(20.0, 85.0, 27.57142857142857)","(6.0, 99999, 99990)","(8.5, 14.0, 12.984615384615385)"
12-01-2023 11:24:25.658367,"(1.01, 99999, 99990)","(5.5, 7.2, 6.45)","(5.0, 6.0, 5.035714285714286)","(12.0, 15.0, 12.98181818181818)","(2.9, 3.2, 2.934)","(6.5, 9.0, 6.666666666666667)","(20.0, 85.0, 27.57142857142857)","(6.0, 99999, 99990)","(8.5, 14.0, 12.984615384615385)"
12-01-2023 11:24:26.854953,"(1.01, 99999, 99990)","(5.5, 7.2, 6.45)","(5.0, 5.9, 5.2)","(12.0, 15.0, 12.98181818181818)","(2.9, 3.2, 2.934)","(6.5, 9.0, 6.666666666666667)","(20.0, 85.0, 27.57142857142857)","(6.0, 99999, 99990)","(8.5, 14.0, 12.984615384615385)"
12-01-2023 11:24:27.897926,"(1.01, 99999, 99990)","(5.0, 7.2, 6.45)","(4.6, 5.9, 5.2)","(11.0, 15.0, 12.98181818181818)","(2.5, 3.2, 2.934)","(6.0, 9.0, 6.666666666666667)","(17.0, 85.0, 27.57142857142857)","(1.01, 99999, 99990)","(7.5, 14.0, 12.984615384615385)"
12-01-2023 11:24:29.027134,"(1.01, 99999, 99990)","(5.0, 7.2, 6.45)","(4.6, 5.9, 5.2)","(11.0, 15.0, 12.98181818181818)","(2.5, 3.2, 2.934)","(6.0, 9.0, 7.763636363636364)","(17.0, 85.0, 27.57142857142857)","(1.01, 99999, 99990)","(7.5, 14.0, 12.984615384615385)"
12-01-2023 11:24:30.144390,"(1.01, 99999, 99990)","(5.0, 7.2, 6.45)","(4.6, 5.7, 5.1)","(11.0, 15.0, 12.98181818181818)","(2.5, 3.2, 2.934)","(6.0, 9.0, 8.174193548387096)","(17.0, 85.0, 28.0)","(1.01, 99999, 99990)","(7.5, 14.0, 12.984615384615385)"
12-01-2023 11:24:31.244174,"(1.01, 99999, 99990)","(5.0, 7.2, 6.45)","(4.6, 5.8, 5.05)","(11.0, 15.0, 11.399999999999999)","(2.5, 3.2, 2.934)","(6.0, 9.0, 8.174193548387096)","(17.0, 48.0, 28.0)","(1.01, 99999, 99990)","(7.5, 14.0, 13.4)"
12-01-2023 11:24:32.324040,"(1.01, 99999, 99990)","(5.0, 7.2, 6.45)","(4.6, 5.8, 5.05)","(11.0, 15.0, 11.399999999999999)","(2.5, 3.2, 3.145714285714286)","(6.0, 9.0, 6.7700000000000005)","(17.0, 48.0, 28.0)","(1.01, 99999, 99990)","(7.5, 14.0, 13.4)"
12-01-2023 11:24:33.443829,"(1.01, 99999, 99990)","(5.0, 7.2, 6.45)","(4.6, 6.0, 5.125)","(11.0, 15.0, 11.399999999999999)","(2.5, 3.2, 2.972)","(6.0, 8.8, 7.057142857142857)","(17.0, 48.0, 28.0)","(1.01, 99999, 99990)","(7.5, 14.0, 13.4)"
12-01-2023 11:24:34.580438,"(1.01, 99999, 99990)","(5.0, 7.2, 6.45)","(4.6, 6.0, 5.318181818181818)","(11.0, 15.0, 11.82857142857143)","(2.5, 3.2, 2.972)","(6.0, 8.6, 6.478571428571429)","(17.0, 48.0, 28.0)","(1.01, 99999, 99990)","(7.5, 14.0, 13.4)"
12-01-2023 11:24:35.767159,"(1.01, 99999, 99990)","(5.0, 7.2, 6.45)","(4.6, 6.0, 5.711538461538462)","(11.0, 15.0, 9.6)","(2.5, 3.2, 2.972)","(6.0, 8.6, 6.478571428571429)","(17.0, 48.0, 28.0)","(1.01, 99999, 99990)","(7.5, 14.0, 13.4)"
12-01-2023 11:24:36.897042,"(1.01, 99999, 99990)","(5.0, 7.2, 6.45)","(4.6, 6.0, 5.711538461538462)","(11.0, 15.0, 11.399999999999999)","(2.5, 3.2, 2.972)","(6.0, 8.6, 6.478571428571429)","(17.0, 48.0, 28.0)","(1.01, 99999, 99990)","(7.5, 14.0, 13.4)"
12-01-2023 11:24:38.052969,"(1.01, 99999, 99990)","(5.0, 7.2, 6.45)","(4.6, 6.0, 5.711538461538462)","(11.0, 15.0, 11.399999999999999)","(2.5, 3.2, 2.936470588235294)","(6.0, 8.6, 7.412)","(17.0, 48.0, 32.0)","(1.01, 99999, 99990)","(7.5, 14.0, 13.4)"
12-01-2023 11:24:39.222365,"(1.01, 99999, 99990)","(5.0, 7.2, 6.45)","(4.6, 6.0, 5.1875)","(11.0, 15.0, 12.78)","(2.5, 3.15, 2.936470588235294)","(6.0, 8.6, 7.412)","(17.0, 46.0, 32.0)","(1.01, 99999, 99990)","(7.5, 14.0, 13.4)"
12-01-2023 11:24:40.394047,"(1.01, 99999, 99990)","(5.0, 7.2, 6.45)","(4.6, 6.0, 5.717391304347826)","(11.0, 15.0, 13.766666666666666)","(2.5, 3.15, 2.936470588235294)","(6.0, 8.6, 7.412)","(17.0, 46.0, 32.0)","(1.01, 99999, 99990)","(7.5, 14.0, 13.4)"
12-01-2023 11:24:41.483791,"(1.01, 99999, 99990)","(5.0, 7.2, 6.45)","(4.6, 6.0, 5.4)","(11.0, 15.0, 13.766666666666666)","(2.5, 3.15, 2.936470588235294)","(6.0, 8.6, 7.412)","(17.0, 46.0, 32.0)","(1.01, 99999, 99990)","(7.5, 14.0, 13.4)"
12-01-2023 11:24:42.535328,"(1.01, 99999, 99990)","(5.0, 7.2, 6.45)","(4.6, 6.0, 5.647058823529411)","(11.0, 15.0, 13.766666666666666)","(2.5, 3.0, 2.8283720930232557)","(6.0, 8.6, 7.412)","(17.0, 46.0, 32.0)","(1.01, 99999, 99990)","(7.5, 14.0, 13.4)"
12-01-2023 11:24:43.642574,"(1.01, 99999, 99990)","(5.0, 7.2, 7.066666666666666)","(4.6, 6.0, 5.3125)","(11.0, 15.0, 13.766666666666666)","(2.5, 3.0, 2.8283720930232557)","(6.0, 8.6, 7.412)","(17.0, 46.0, 32.0)","(1.01, 99999, 99990)","(7.5, 14.0, 13.4)"
12-01-2023 11:24:44.746067,"(1.01, 99999, 99990)","(5.0, 7.4, 7.031578947368422)","(4.6, 6.0, 5.3125)","(11.0, 15.0, 14.146153846153846)","(2.5, 3.0, 2.8283720930232557)","(6.0, 8.6, 7.412)","(17.0, 46.0, 32.0)","(1.01, 99999, 99990)","(7.5, 14.0, 13.4)"
12-01-2023 11:24:45.783781,"(1.01, 99999, 99990)","(5.0, 7.4, 6.98)","(4.6, 6.2, 5.7625)","(11.0, 15.0, 14.146153846153846)","(2.5, 3.0, 2.8714285714285714)","(6.0, 8.6, 7.412)","(17.0, 46.0, 32.0)","(1.01, 99999, 99990)","(7.5, 14.0, 13.4)"
12-01-2023 11:24:46.909789,"(1.01, 99999, 99990)","(5.0, 7.4, 7.306666666666667)","(4.6, 6.0, 5.648)","(11.0, 15.0, 14.146153846153846)","(2.5, 2.98, 2.895625)","(6.0, 8.6, 7.412)","(17.0, 46.0, 32.0)","(1.01, 99999, 99990)","(7.5, 14.0, 13.4)"
12-01-2023 11:24:48.023923,"(1.01, 99999, 99990)","(5.0, 7.4, 7.3125)","(4.6, 6.0, 5.648)","(11.0, 15.0, 14.146153846153846)","(2.5, 2.98, 2.895625)","(6.0, 8.6, 7.412)","(17.0, 46.0, 32.0)","(1.01, 99999, 99990)","(7.5, 14.0, 13.4)"
12-01-2023 11:24:49.218486,"(1.01, 99999, 99990)","(5.0, 7.4, 7.3125)","(4.6, 6.0, 5.333333333333333)","(11.0, 15.0, 14.146153846153846)","(2.5, 2.98, 2.895625)","(6.0, 8.6, 7.412)","(17.0, 46.0, 32.0)","(1.01, 99999, 99990)","(7.5, 14.0, 13.4)"
12-01-2023 11:24:50.380560,"(1.01, 99999, 99990)","(5.0, 7.4, 7.3125)","(4.6, 6.0, 5.333333333333333)","(11.0, 15.0, 14.146153846153846)","(2.5, 2.98, 2.8876923076923076)","(6.0, 8.6, 6.478571428571429)","(17.0, 46.0, 32.0)","(1.01, 99999, 99990)","(7.5, 14.0, 13.4)"
12-01-2023 11:24:51.633822,"(1.01, 99999, 99990)","(5.0, 7.4, 7.3125)","(4.6, 6.0, 5.333333333333333)","(11.0, 15.0, 12.666666666666668)","(2.5, 2.98, 2.8876923076923076)","(6.0, 8.6, 6.478571428571429)","(17.0, 46.0, 32.0)","(1.01, 99999, 99990)","(7.5, 14.0, 13.4)"
12-01-2023 11:24:52.993738,"(1.01, 99999, 99990)","(5.0, 7.4, 7.3125)","(4.6, 6.0, 5.333333333333333)","(11.0, 15.0, 10.1)","(2.5, 2.98, 2.8876923076923076)","(6.0, 8.6, 6.478571428571429)","(17.0, 46.0, 32.0)","(1.01, 99999, 99990)","(7.5, 14.0, 13.4)"
12-01-2023 11:24:54.323238,"(1.01, 99999, 99990)","(5.0, 7.4, 7.3125)","(4.6, 6.0, 5.333333333333333)","(11.0, 15.0, 11.399999999999999)","(2.5, 2.98, 2.8876923076923076)","(6.0, 8.6, 6.7625)","(17.0, 46.0, 32.0)","(1.01, 99999, 99990)","(7.5, 14.0, 13.316666666666666)"
12-01-2023 11:24:55.667831,"(1.01, 99999, 99990)","(5.0, 7.4, 7.1000000000000005)","(4.6, 6.0, 5.3076923076923075)","(11.0, 15.0, 11.82857142857143)","(2.5, 2.98, 2.8876923076923076)","(6.0, 8.2, 6.392857142857143)","(17.0, 46.0, 32.0)","(1.01, 99999, 99990)","(7.5, 14.5, 13.685714285714287)"
12-01-2023 11:24:56.718180,"(1.01, 99999, 99990)","(5.0, 7.4, 7.32)","(4.6, 6.0, 5.3076923076923075)","(11.0, 15.0, 11.82857142857143)","(2.5, 2.98, 2.8876923076923076)","(6.0, 8.2, 6.392857142857143)","(17.0, 46.0, 32.0)","(1.01, 99999, 99990)","(7.5, 14.0, 13.316666666666666)"
12-01-2023 11:24:57.853130,"(1.01, 99999, 99990)","(5.0, 7.4, 7.32)","(4.6, 6.0, 5.3076923076923075)","(11.0, 15.0, 13.15)","(2.5, 2.98, 2.8876923076923076)","(6.0, 8.2, 6.392857142857143)","(17.0, 46.0, 32.0)","(1.01, 99999, 99990)","(7.5, 14.5, 13.316666666666666)"
12-01-2023 11:24:59.137484,"(1.01, 99999, 99990)","(5.0, 7.4, 7.32)","(4.6, 6.0, 5.3076923076923075)","(11.0, 15.0, 11.82)","(2.5, 2.98, 2.8876923076923076)","(6.0, 8.2, 6.392857142857143)","(17.0, 46.0, 32.0)","(1.01, 99999, 99990)","(7.5, 14.5, 13.316666666666666)"
12-01-2023 11:25:00.458410,"(1.01, 99999, 99990)","(5.0, 7.4, 7.32)","(4.6, 6.0, 5.3076923076923075)","(11.0, 14.5, 9.566666666666666)","(2.5, 2.98, 2.8876923076923076)","(6.0, 8.2, 6.392857142857143)","(17.0, 46.0, 32.0)","(1.01, 99999, 99990)","(7.5, 14.5, 10.26)"
12-01-2023 11:25:01.616619,"(1.01, 99999, 99990)","(5.0, 7.4, 7.32)","(4.6, 6.0, 5.3076923076923075)","(11.0, 13.5, 12.657142857142857)","(2.5, 2.98, 2.9165853658536585)","(6.0, 8.2, 6.392857142857143)","(17.0, 46.0, 32.0)","(1.01, 99999, 99990)","(7.5, 14.5, 13.175)"
12-01-2023 11:25:02.838732,"(1.01, 99999, 99990)","(5.0, 7.4, 7.32)","(4.6, 6.0, 5.3076923076923075)","(11.0, 13.5, 12.823529411764707)","(2.5, 3.15, 2.9165853658536585)","(6.0, 8.2, 6.392857142857143)","(17.0, 46.0, 32.0)","(1.01, 99999, 99990)","(7.5, 14.5, 13.175)"
12-01-2023 11:25:04.132283,"(1.01, 99999, 99990)","(5.0, 7.4, 7.133333333333334)","(4.6, 6.0, 5.3076923076923075)","(11.0, 15.0, 11.636363636363637)","(2.5, 3.15, 2.924210526315789)","(6.0, 8.2, 6.392857142857143)","(17.0, 46.0, 32.0)","(1.01, 99999, 99990)","(7.5, 14.5, 13.175)"
12-01-2023 11:25:05.383088,"(1.01, 99999, 99990)","(5.0, 8.0, 7.621052631578947)","(4.6, 6.0, 5.3076923076923075)","(11.0, 15.0, 11.636363636363637)","(2.5, 3.15, 2.924210526315789)","(6.0, 8.2, 6.392857142857143)","(17.0, 46.0, 32.0)","(1.01, 99999, 99990)","(7.5, 14.5, 13.175)"
12-01-2023 11:25:06.618463,"(1.01, 99999, 99990)","(5.0, 8.0, 7.621052631578947)","(4.6, 6.0, 5.3076923076923075)","(11.0, 14.0, 12.719999999999999)","(2.5, 3.15, 2.89125)","(6.0, 8.2, 6.392857142857143)","(17.0, 46.0, 32.0)","(1.01, 99999, 99990)","(7.5, 14.5, 13.175)"
12-01-2023 11:25:07.815486,"(1.01, 99999, 99990)","(5.0, 8.0, 7.621052631578947)","(4.6, 6.0, 5.3076923076923075)","(9.0, 14.0, 12.8)","(2.5, 3.2, 2.89125)","(6.0, 8.2, 6.392857142857143)","(17.0, 46.0, 32.0)","(1.01, 99999, 99990)","(7.5, 14.5, 13.175)"
12-01-2023 11:25:09.022842,"(1.01, 99999, 99990)","(5.0, 8.0, 7.55)","(4.6, 6.0, 5.3076923076923075)","(9.0, 14.0, 12.222222222222221)","(2.5, 3.2, 3.1425)","(6.0, 8.2, 6.392857142857143)","(17.0, 46.0, 32.0)","(1.01, 99999, 99990)","(7.5, 14.5, 13.175)"
12-01-2023 11:25:10.207991,"(1.01, 99999, 99990)","(5.0, 8.2, 7.799999999999999)","(4.6, 6.0, 5.3076923076923075)","(9.0, 14.0, 12.222222222222221)","(2.5, 3.25, 3.1425)","(6.0, 8.2, 6.392857142857143)","(17.0, 46.0, 44.98148148148148)","(1.01, 99999, 99990)","(7.5, 14.5, 13.175)"
12-01-2023 11:25:11.345644,"(1.01, 99999, 99990)","(5.0, 8.2, 7.914285714285714)","(4.6, 6.0, 5.3076923076923075)","(9.0, 14.0, 10.934782608695652)","(2.5, 3.25, 3.1425)","(6.0, 8.2, 6.392857142857143)","(17.0, 46.0, 38.63636363636364)","(1.01, 99999, 99990)","(7.5, 14.5, 13.175)"
12-01-2023 11:25:12.554914,"(1.01, 99999, 99990)","(5.0, 8.2, 7.542857142857143)","(4.6, 6.0, 5.3076923076923075)","(9.0, 13.5, 12.280000000000001)","(2.5, 3.25, 3.1425)","(6.0, 8.2, 6.392857142857143)","(17.0, 46.0, 38.63636363636364)","(1.01, 99999, 99990)","(7.5, 14.5, 13.175)"
12-01-2023 11:25:13.734575,"(1.01, 99999, 99990)","(5.0, 8.2, 7.542857142857143)","(4.6, 6.0, 5.3076923076923075)","(9.0, 13.0, 12.280000000000001)","(2.5, 3.25, 3.13)","(6.0, 8.2, 6.392857142857143)","(17.0, 46.0, 40.6)","(1.01, 99999, 99990)","(7.5, 14.5, 13.175)"
12-01-2023 11:25:14.798439,"(1.01, 99999, 99990)","(5.0, 8.2, 7.542857142857143)","(4.6, 6.0, 5.3076923076923075)","(9.0, 14.0, 10.571428571428571)","(2.5, 3.25, 3.13)","(6.0, 8.2, 6.392857142857143)","(17.0, 46.0, 40.6)","(1.01, 99999, 99990)","(7.5, 14.5, 13.175)"
12-01-2023 11:25:15.754700,"(1.01, 99999, 99990)","(5.0, 8.2, 7.542857142857143)","(4.6, 6.0, 5.3076923076923075)","(9.0, 14.0, 13.09090909090909)","(2.5, 3.25, 3.13)","(6.0, 8.2, 6.392857142857143)","(17.0, 46.0, 42.2)","(1.01, 99999, 99990)","(7.5, 14.5, 13.175)"
12-01-2023 11:25:16.842741,"(1.01, 99999, 99990)","(5.0, 8.2, 7.542857142857143)","(4.6, 6.0, 5.25)","(9.0, 11.0, 10.058823529411764)","(2.5, 3.25, 3.13)","(6.0, 8.2, 6.392857142857143)","(17.0, 48.0, 45.89285714285714)","(1.01, 99999, 99990)","(7.5, 14.5, 13.175)"
12-01-2023 11:25:17.959774,"(1.01, 99999, 99990)","(5.0, 8.2, 7.542857142857143)","(4.6, 6.0, 5.25)","(9.0, 11.0, 10.058823529411764)","(2.5, 3.25, 3.13)","(6.0, 8.2, 6.392857142857143)","(17.0, 48.0, 34.0)","(1.01, 99999, 99990)","(7.5, 14.5, 13.175)"
12-01-2023 11:25:19.073827,"(1.01, 99999, 99990)","(5.0, 8.2, 7.542857142857143)","(4.6, 6.0, 5.25)","(9.0, 11.0, 10.058823529411764)","(2.5, 3.25, 3.13)","(6.0, 8.2, 6.165384615384616)","(17.0, 44.0, 34.0)","(1.01, 99999, 99990)","(7.5, 14.5, 13.175)"
12-01-2023 11:25:20.216542,"(1.01, 99999, 99990)","(5.0, 8.2, 7.542857142857143)","(4.6, 6.0, 5.25)","(9.0, 11.0, 10.04)","(2.5, 3.25, 3.13)","(6.0, 8.2, 6.165384615384616)","(17.0, 44.0, 34.0)","(1.01, 99999, 99990)","(7.5, 14.5, 13.175)"
12-01-2023 11:25:21.367949,"(1.01, 99999, 99990)","(5.0, 8.2, 7.542857142857143)","(4.6, 6.0, 5.25)","(9.0, 11.0, 10.04)","(2.5, 3.25, 3.13)","(6.0, 8.2, 6.165384615384616)","(17.0, 44.0, 34.0)","(1.01, 99999, 99990)","(7.5, 14.5, 13.175)"
12-01-2023 11:25:22.587321,"(1.01, 99999, 99990)","(5.0, 8.2, 7.542857142857143)","(4.6, 6.0, 5.25)","(9.0, 11.0, 10.04)","(2.5, 3.25, 3.13)","(6.0, 8.2, 6.165384615384616)","(17.0, 44.0, 34.0)","(1.01, 99999, 99990)","(7.5, 14.5, 13.175)"
12-01-2023 11:25:23.759135,"(1.01, 99999, 99990)","(5.0, 8.2, 7.542857142857143)","(4.6, 6.0, 5.25)","(9.0, 11.0, 10.04)","(2.5, 3.25, 3.13)","(6.0, 8.2, 6.165384615384616)","(17.0, 44.0, 37.75)","(1.01, 99999, 99990)","(7.5, 14.5, 13.175)"
12-01-2023 11:25:24.880558,"(1.01, 99999, 99990)","(5.0, 8.2, 7.542857142857143)","(4.6, 6.0, 5.25)","(9.0, 11.0, 10.04)","(2.5, 3.25, 3.13)","(6.0, 8.2, 6.165384615384616)","(17.0, 44.0, 37.75)","(1.01, 99999, 99990)","(7.5, 14.5, 13.175)"
12-01-2023 11:25:25.827723,"(1.01, 99999, 99990)","(5.0, 8.2, 7.542857142857143)","(4.6, 6.0, 5.25)","(9.0, 11.0, 10.04)","(2.5, 3.25, 3.13)","(6.0, 8.2, 6.165384615384616)","(17.0, 44.0, 39.44444444444444)","(1.01, 99999, 99990)","(7.5, 14.5, 13.175)"
12-01-2023 11:25:26.932466,"(1.01, 99999, 99990)","(5.0, 8.2, 7.542857142857143)","(4.6, 6.0, 5.25)","(9.0, 11.0, 10.04)","(2.5, 3.25, 3.13)","(6.0, 8.2, 6.165384615384616)","(17.0, 42.0, 39.44444444444444)","(1.01, 99999, 99990)","(7.5, 14.5, 13.175)"
12-01-2023 11:25:27.951755,"(1.01, 99999, 99990)","(5.0, 8.2, 7.542857142857143)","(4.6, 6.0, 5.25)","(9.0, 11.0, 9.899999999999999)","(2.5, 3.25, 3.13)","(6.0, 8.2, 6.165384615384616)","(17.0, 42.0, 39.44444444444444)","(1.01, 99999, 99990)","(7.5, 14.5, 13.175)"
12-01-2023 11:25:28.934641,"(1.01, 99999, 99990)","(5.0, 8.2, 7.542857142857143)","(4.6, 6.0, 5.25)","(9.0, 11.0, 10.04)","(2.5, 3.25, 3.125)","(6.0, 8.2, 6.109090909090909)","(17.0, 42.0, 31.0)","(1.01, 99999, 99990)","(7.5, 14.5, 13.175)"
12-01-2023 11:25:30.025512,"(1.01, 99999, 99990)","(5.0, 8.2, 7.542857142857143)","(4.6, 6.0, 5.25)","(9.0, 11.0, 10.04)","(2.5, 3.25, 3.125)","(6.0, 8.2, 6.109090909090909)","(17.0, 42.0, 31.0)","(1.01, 99999, 99990)","(7.5, 14.5, 13.175)"
12-01-2023 11:25:31.117670,"(1.01, 99999, 99990)","(5.0, 8.2, 7.542857142857143)","(4.6, 6.0, 5.25)","(9.0, 11.0, 10.04)","(2.5, 3.25, 3.125)","(6.0, 8.2, 6.109090909090909)","(17.0, 42.0, 31.0)","(1.01, 99999, 99990)","(7.5, 14.5, 13.175)"
12-01-2023 11:25:32.265299,"(1.01, 99999, 99990)","(5.0, 8.2, 7.542857142857143)","(4.6, 6.0, 5.25)","(9.0, 11.0, 10.04)","(2.5, 3.25, 3.125)","(6.0, 8.2, 6.109090909090909)","(17.0, 42.0, 38.85714285714286)","(1.01, 99999, 99990)","(7.5, 14.5, 13.175)"
12-01-2023 11:25:33.436013,"(1.01, 99999, 99990)","(5.0, 8.2, 7.542857142857143)","(4.6, 6.0, 5.25)","(9.0, 11.0, 10.04)","(2.5, 3.25, 3.125)","(6.0, 8.2, 6.109090909090909)","(17.0, 42.0, 38.85714285714286)","(1.01, 99999, 99990)","(7.5, 14.5, 13.175)"
12-01-2023 11:25:34.514485,"(1.01, 99999, 99990)","(5.0, 8.2, 7.542857142857143)","(4.6, 6.0, 5.25)","(9.0, 11.0, 10.04)","(2.5, 3.25, 3.125)","(6.0, 8.2, 6.109090909090909)","(17.0, 42.0, 38.85714285714286)","(1.01, 99999, 99990)","(7.5, 14.5, 13.175)"
12-01-2023 11:25:35.569736,"(1.01, 99999, 99990)","(5.0, 8.2, 7.542857142857143)","(4.6, 6.0, 5.25)","(9.0, 11.0, 9.899999999999999)","(2.5, 3.25, 3.125)","(6.0, 8.2, 6.109090909090909)","(17.0, 42.0, 38.85714285714286)","(1.01, 99999, 99990)","(7.5, 14.5, 13.175)"
12-01-2023 11:25:36.588178,"(1.01, 99999, 99990)","(5.0, 8.2, 7.542857142857143)","(4.6, 6.0, 5.25)","(9.0, 11.0, 10.120000000000001)","(2.5, 3.25, 3.125)","(6.0, 8.2, 6.109090909090909)","(17.0, 42.0, 38.85714285714286)","(1.01, 99999, 99990)","(7.5, 14.5, 13.175)"
12-01-2023 11:25:37.633929,"(1.01, 99999, 99990)","(5.0, 8.2, 7.542857142857143)","(4.6, 6.0, 5.25)","(9.0, 11.0, 10.120000000000001)","(2.5, 3.25, 3.125)","(6.0, 8.2, 6.109090909090909)","(17.0, 42.0, 38.85714285714286)","(1.01, 99999, 99990)","(7.5, 14.5, 11.928571428571429)"
12-01-2023 11:25:38.634331,"(1.01, 99999, 99990)","(5.0, 8.2, 7.542857142857143)","(4.6, 6.0, 5.25)","(9.0, 11.0, 10.120000000000001)","(2.5, 3.25, 3.125)","(6.0, 8.2, 6.109090909090909)","(17.0, 42.0, 38.85714285714286)","(1.01, 99999, 99990)","(7.5, 14.5, 12.863636363636363)"
12-01-2023 11:25:39.655693,"(1.01, 99999, 99990)","(5.0, 8.2, 7.542857142857143)","(4.6, 6.0, 5.25)","(9.0, 11.0, 10.120000000000001)","(2.5, 3.25, 3.05)","(6.0, 8.2, 6.228571428571429)","(17.0, 42.0, 38.85714285714286)","(1.01, 99999, 99990)","(7.5, 14.5, 12.863636363636363)"
12-01-2023 11:25:40.738290,"(1.01, 99999, 99990)","(5.0, 8.2, 7.542857142857143)","(4.6, 6.0, 5.25)","(9.0, 10.5, 10.225)","(2.5, 3.25, 3.05)","(6.0, 8.2, 6.392857142857143)","(17.0, 42.0, 33.2)","(1.01, 99999, 99990)","(7.5, 14.5, 12.863636363636363)"
12-01-2023 11:25:41.863413,"(1.01, 99999, 99990)","(5.0, 8.2, 7.542857142857143)","(4.6, 6.0, 5.25)","(9.0, 10.5, 10.225)","(2.5, 3.25, 3.05)","(6.0, 8.2, 6.392857142857143)","(17.0, 42.0, 33.2)","(1.01, 99999, 99990)","(7.5, 14.5, 12.863636363636363)"
12-01-2023 11:25:42.898461,"(1.01, 99999, 99990)","(5.0, 8.2, 7.542857142857143)","(4.6, 6.0, 5.28)","(9.0, 10.5, 10.225)","(2.5, 3.25, 3.05)","(6.0, 8.2, 6.392857142857143)","(17.0, 42.0, 50.0)","(1.01, 99999, 99990)","(7.5, 14.5, 12.863636363636363)"
12-01-2023 11:25:43.967690,"(1.01, 99999, 99990)","(5.0, 8.2, 7.542857142857143)","(4.6, 6.0, 5.1000000000000005)","(9.0, 11.0, 10.057142857142857)","(2.5, 3.25, 3.05)","(6.0, 8.2, 6.392857142857143)","(17.0, 70.0, 42.5)","(1.01, 99999, 99990)","(7.5, 14.5, 12.863636363636363)"
12-01-2023 11:25:45.020078,"(1.01, 99999, 99990)","(5.0, 8.2, 7.542857142857143)","(4.6, 6.0, 5.1000000000000005)","(9.0, 11.0, 10.127272727272727)","(2.5, 3.25, 3.05)","(6.0, 8.2, 6.392857142857143)","(17.0, 65.0, 38.0)","(1.01, 99999, 99990)","(7.5, 14.5, 12.863636363636363)"
12-01-2023 11:25:46.140543,"(1.01, 99999, 99990)","(5.0, 8.2, 7.542857142857143)","(4.6, 6.0, 5.1000000000000005)","(9.0, 11.0, 10.314285714285715)","(2.5, 3.25, 3.05)","(6.0, 8.2, 6.392857142857143)","(17.0, 65.0, 38.0)","(1.01, 99999, 99990)","(7.5, 14.5, 12.863636363636363)"
12-01-2023 11:25:47.203699,"(1.01, 99999, 99990)","(5.0, 8.2, 7.542857142857143)","(4.6, 6.0, 5.1000000000000005)","(9.0, 13.0, 11.17142857142857)","(2.5, 3.25, 3.05)","(6.0, 8.2, 6.264285714285714)","(17.0, 65.0, 54.285714285714285)","(1.01, 99999, 99990)","(7.5, 14.5, 12.863636363636363)"
12-01-2023 11:25:48.264169,"(1.01, 99999, 99990)","(5.0, 8.2, 7.542857142857143)","(4.6, 6.0, 5.1000000000000005)","(9.0, 15.0, 13.88888888888889)","(2.5, 3.25, 3.05)","(6.0, 7.6, 6.264285714285714)","(17.0, 60.0, 54.285714285714285)","(1.01, 99999, 99990)","(7.5, 14.5, 12.863636363636363)"
12-01-2023 11:25:49.236741,"(1.01, 99999, 99990)","(5.0, 8.2, 7.542857142857143)","(4.6, 6.0, 5.1000000000000005)","(9.0, 15.0, 11.0)","(2.5, 3.25, 3.05)","(6.0, 7.6, 6.264285714285714)","(17.0, 60.0, 54.285714285714285)","(1.01, 99999, 99990)","(7.5, 14.5, 12.863636363636363)"
12-01-2023 11:25:50.320710,"(1.01, 99999, 99990)","(5.0, 8.2, 7.542857142857143)","(4.6, 6.0, 5.4375)","(9.0, 15.0, 12.92)","(2.5, 3.25, 3.05)","(6.0, 7.6, 6.264285714285714)","(17.0, 60.0, 54.285714285714285)","(1.01, 99999, 99990)","(7.5, 14.5, 12.863636363636363)"
12-01-2023 11:25:51.350049,"(1.01, 99999, 99990)","(5.0, 8.2, 7.542857142857143)","(4.6, 6.0, 5.470588235294118)","(9.0, 15.0, 12.92)","(2.5, 3.25, 3.0080645161290325)","(6.0, 7.6, 6.264285714285714)","(17.0, 60.0, 54.285714285714285)","(1.01, 99999, 99990)","(7.5, 14.5, 12.863636363636363)"
12-01-2023 11:25:52.318617,"(1.01, 99999, 99990)","(5.0, 8.2, 7.542857142857143)","(4.6, 6.0, 5.470588235294118)","(9.0, 15.0, 12.92)","(2.5, 3.25, 3.0080645161290325)","(6.0, 7.6, 6.264285714285714)","(17.0, 60.0, 54.285714285714285)","(1.01, 99999, 99990)","(7.5, 14.5, 12.863636363636363)"
12-01-2023 11:25:53.423992,"(1.01, 99999, 99990)","(5.0, 8.2, 7.05)","(4.6, 6.0, 5.263636363636364)","(10.0, 15.0, 12.92)","(2.5, 3.25, 3.1214285714285714)","(6.0, 7.6, 6.264285714285714)","(17.0, 60.0, 54.285714285714285)","(1.01, 99999, 99990)","(7.5, 14.5, 12.863636363636363)"
12-01-2023 11:25:54.538792,"(1.01, 99999, 99990)","(5.0, 8.2, 7.05)","(4.6, 6.0, 5.263636363636364)","(10.0, 15.0, 11.533333333333333)","(2.5, 3.25, 3.1214285714285714)","(6.0, 7.6, 6.264285714285714)","(17.0, 60.0, 54.285714285714285)","(1.01, 99999, 99990)","(7.5, 14.5, 12.863636363636363)"
12-01-2023 11:25:55.656495,"(1.01, 99999, 99990)","(5.0, 8.2, 7.05)","(4.6, 6.0, 5.263636363636364)","(10.0, 15.0, 11.533333333333333)","(2.5, 3.25, 3.1214285714285714)","(6.0, 7.6, 7.033333333333333)","(17.0, 60.0, 54.285714285714285)","(1.01, 99999, 99990)","(7.5, 14.5, 12.863636363636363)"
12-01-2023 11:25:56.711366,"(1.01, 99999, 99990)","(5.0, 8.2, 7.05)","(4.6, 6.0, 5.263636363636364)","(10.0, 15.0, 11.533333333333333)","(2.5, 3.25, 3.1214285714285714)","(6.0, 7.6, 7.033333333333333)","(17.0, 60.0, 54.285714285714285)","(1.01, 99999, 99990)","(7.5, 14.5, 12.863636363636363)"
12-01-2023 11:25:57.762514,"(1.01, 99999, 99990)","(5.0, 8.2, 7.05)","(4.6, 6.0, 5.263636363636364)","(10.0, 15.0, 11.533333333333333)","(2.5, 3.25, 3.1214285714285714)","(6.0, 7.6, 7.033333333333333)","(17.0, 60.0, 54.285714285714285)","(1.01, 99999, 99990)","(7.5, 14.5, 12.863636363636363)"
12-01-2023 11:25:58.768433,"(1.01, 99999, 99990)","(5.0, 8.2, 7.05)","(4.6, 6.0, 5.263636363636364)","(10.0, 15.0, 11.533333333333333)","(2.5, 3.25, 3.1214285714285714)","(6.0, 7.6, 7.033333333333333)","(17.0, 60.0, 54.285714285714285)","(1.01, 99999, 99990)","(7.5, 14.5, 12.863636363636363)"
12-01-2023 11:25:59.827565,"(1.01, 99999, 99990)","(5.0, 8.2, 7.05)","(4.6, 6.0, 5.263636363636364)","(10.0, 15.0, 11.533333333333333)","(2.5, 3.25, 3.1214285714285714)","(6.0, 7.6, 7.033333333333333)","(17.0, 60.0, 54.285714285714285)","(1.01, 99999, 99990)","(7.5, 14.5, 12.863636363636363)"
12-01-2023 11:26:00.831179,"(1.01, 99999, 99990)","(5.0, 8.2, 7.05)","(4.6, 6.0, 5.263636363636364)","(10.0, 15.0, 11.533333333333333)","(2.5, 3.25, 3.1214285714285714)","(6.0, 7.6, 7.033333333333333)","(17.0, 60.0, 54.285714285714285)","(1.01, 99999, 99990)","(7.5, 14.5, 12.863636363636363)"
12-01-2023 11:26:01.877912,"(1.01, 99999, 99990)","(5.0, 8.2, 7.05)","(4.6, 6.0, 5.263636363636364)","(10.0, 15.0, 11.533333333333333)","(2.5, 3.25, 3.1214285714285714)","(6.0, 7.6, 7.033333333333333)","(17.0, 60.0, 54.285714285714285)","(1.01, 99999, 99990)","(7.5, 14.5, 12.863636363636363)"
12-01-2023 11:26:02.955967,"(1.01, 99999, 99990)","(5.0, 8.2, 7.05)","(4.6, 6.0, 5.263636363636364)","(10.0, 15.0, 11.533333333333333)","(2.5, 3.25, 3.1214285714285714)","(6.0, 7.6, 7.033333333333333)","(17.0, 60.0, 54.285714285714285)","(1.01, 99999, 99990)","(7.5, 14.5, 12.863636363636363)"
12-01-2023 11:26:04.100430,"(1.01, 99999, 99990)","(5.0, 8.2, 7.05)","(4.6, 6.0, 5.181818181818182)","(10.0, 15.0, 11.533333333333333)","(2.5, 3.25, 3.1214285714285714)","(6.0, 7.6, 7.033333333333333)","(17.0, 60.0, 54.285714285714285)","(1.01, 99999, 99990)","(7.5, 14.5, 12.863636363636363)"
12-01-2023 11:26:05.208563,"(1.01, 99999, 99990)","(4.8, 8.2, 7.05)","(4.2, 6.0, 5.181818181818182)","(10.0, 15.0, 11.533333333333333)","(2.5, 3.25, 3.1214285714285714)","(5.5, 7.6, 7.033333333333333)","(17.0, 60.0, 54.285714285714285)","(1.01, 99999, 99990)","(7.5, 14.5, 12.863636363636363)"
12-01-2023 11:26:06.289548,"(1.01, 99999, 99990)","(4.8, 8.2, 7.05)","(4.2, 6.0, 5.1000000000000005)","(10.0, 15.0, 11.533333333333333)","(2.5, 3.25, 3.1214285714285714)","(5.5, 7.6, 6.8)","(17.0, 60.0, 54.285714285714285)","(1.01, 99999, 99990)","(7.5, 14.5, 12.863636363636363)"
12-01-2023 11:26:07.424880,"(1.01, 99999, 99990)","(4.8, 8.2, 7.05)","(4.2, 6.0, 5.1000000000000005)","(10.0, 15.0, 11.533333333333333)","(2.5, 3.25, 3.1214285714285714)","(5.5, 7.6, 6.8)","(17.0, 60.0, 54.285714285714285)","(1.01, 99999, 99990)","(7.5, 14.5, 12.863636363636363)"
12-01-2023 11:26:08.507405,"(1.01, 99999, 99990)","(4.8, 8.2, 7.05)","(4.2, 6.0, 5.1000000000000005)","(10.0, 15.0, 13.0)","(2.5, 3.25, 3.1214285714285714)","(5.5, 7.6, 6.666666666666667)","(17.0, 60.0, 54.285714285714285)","(1.01, 99999, 99990)","(7.5, 14.5, 12.863636363636363)"
12-01-2023 11:26:09.637737,"(1.01, 99999, 99990)","(4.8, 8.2, 7.05)","(4.2, 6.0, 5.1000000000000005)","(10.0, 15.0, 13.0)","(2.5, 3.25, 3.1214285714285714)","(5.5, 7.6, 6.666666666666667)","(17.0, 60.0, 54.285714285714285)","(1.01, 99999, 99990)","(7.5, 14.5, 12.863636363636363)"
12-01-2023 11:26:10.802060,"(1.01, 99999, 99990)","(4.8, 8.2, 7.05)","(4.2, 6.0, 4.991666666666667)","(10.0, 15.0, 13.0)","(2.5, 3.25, 3.1214285714285714)","(5.5, 7.6, 6.666666666666667)","(17.0, 60.0, 54.285714285714285)","(1.01, 99999, 99990)","(7.5, 14.5, 12.863636363636363)"
12-01-2023 11:26:11.833866,"(1.01, 99999, 99990)","(4.8, 8.2, 7.05)","(4.2, 6.0, 4.991666666666667)","(10.0, 15.0, 13.0)","(2.5, 3.25, 3.1214285714285714)","(5.5, 7.6, 6.666666666666667)","(17.0, 60.0, 54.285714285714285)","(1.01, 99999, 99990)","(7.5, 14.5, 12.863636363636363)"
12-01-2023 11:26:12.889862,"(1.01, 99999, 99990)","(4.8, 8.2, 7.05)","(4.2, 6.0, 4.991666666666667)","(10.0, 15.0, 13.0)","(2.5, 3.25, 3.188775510204082)","(5.5, 7.6, 7.0)","(17.0, 60.0, 54.285714285714285)","(1.01, 99999, 99990)","(7.5, 14.5, 12.863636363636363)"
12-01-2023 11:26:13.946829,"(1.01, 99999, 99990)","(4.8, 8.2, 7.05)","(4.2, 6.0, 4.991666666666667)","(10.0, 15.0, 14.09090909090909)","(2.5, 3.25, 3.188775510204082)","(5.5, 7.4, 7.0)","(17.0, 60.0, 54.285714285714285)","(1.01, 99999, 99990)","(7.5, 14.5, 12.863636363636363)"
12-01-2023 11:26:15.047470,"(1.01, 99999, 99990)","(4.8, 8.2, 7.05)","(4.2, 6.0, 4.991666666666667)","(10.0, 15.0, 14.09090909090909)","(2.5, 3.25, 3.204285714285714)","(5.5, 7.4, 7.0)","(17.0, 60.0, 54.285714285714285)","(1.01, 99999, 99990)","(7.5, 14.5, 12.863636363636363)"
12-01-2023 11:26:16.005569,"(1.01, 99999, 99990)","(4.8, 8.2, 7.05)","(4.2, 6.0, 4.991666666666667)","(10.0, 15.0, 12.8125)","(2.5, 3.25, 3.204285714285714)","(5.5, 7.4, 7.0)","(17.0, 60.0, 54.285714285714285)","(1.01, 99999, 99990)","(7.5, 14.5, 12.863636363636363)"
12-01-2023 11:26:16.971359,"(1.01, 99999, 99990)","(4.8, 8.2, 7.05)","(4.2, 6.0, 4.991666666666667)","(10.0, 15.0, 12.8125)","(2.5, 3.25, 3.204285714285714)","(5.5, 7.4, 6.583333333333334)","(17.0, 60.0, 54.285714285714285)","(1.01, 99999, 99990)","(7.5, 14.5, 12.863636363636363)"
12-01-2023 11:26:18.060083,"(1.01, 99999, 99990)","(4.8, 8.2, 6.7)","(4.2, 6.0, 4.991666666666667)","(10.0, 15.0, 12.8125)","(2.5, 3.25, 3.15)","(5.5, 7.4, 6.75)","(17.0, 60.0, 54.285714285714285)","(1.01, 99999, 99990)","(7.5, 14.5, 12.863636363636363)"
12-01-2023 11:26:19.210737,"(1.01, 99999, 99990)","(4.8, 7.8, 7.472727272727273)","(4.2, 6.0, 4.991666666666667)","(10.0, 15.0, 12.8125)","(2.5, 3.25, 3.15)","(5.5, 7.2, 6.75)","(17.0, 60.0, 54.285714285714285)","(1.01, 99999, 99990)","(7.5, 14.5, 12.863636363636363)"
12-01-2023 11:26:20.345426,"(1.01, 99999, 99990)","(4.8, 7.8, 7.16)","(4.2, 6.0, 4.991666666666667)","(10.0, 15.0, 12.8125)","(2.5, 3.25, 3.0833333333333335)","(5.5, 7.2, 6.7)","(17.0, 60.0, 54.285714285714285)","(1.01, 99999, 99990)","(7.5, 14.5, 12.863636363636363)"
12-01-2023 11:26:21.468803,"(1.01, 99999, 99990)","(4.8, 7.8, 6.68)","(4.2, 6.0, 4.991666666666667)","(10.0, 15.0, 12.8125)","(2.5, 3.25, 3.0833333333333335)","(5.5, 7.4, 6.7)","(17.0, 60.0, 54.285714285714285)","(1.01, 99999, 99990)","(7.5, 14.5, 12.863636363636363)"
12-01-2023 11:26:22.538486,"(1.01, 99999, 99990)","(4.8, 7.8, 7.088888888888889)","(4.2, 6.0, 4.991666666666667)","(10.0, 15.0, 12.8125)","(2.5, 3.25, 3.0833333333333335)","(5.5, 7.4, 6.7)","(17.0, 60.0, 54.285714285714285)","(1.01, 99999, 99990)","(7.5, 14.5, 12.863636363636363)"
12-01-2023 11:26:23.584971,"(1.01, 99999, 99990)","(4.8, 7.8, 7.088888888888889)","(4.2, 6.0, 4.991666666666667)","(10.0, 15.0, 12.8125)","(2.5, 3.25, 3.039473684210526)","(5.5, 7.4, 6.7)","(17.0, 60.0, 54.285714285714285)","(1.01, 99999, 99990)","(7.5, 14.5, 12.863636363636363)"
12-01-2023 11:26:24.710851,"(1.01, 99999, 99990)","(4.8, 7.8, 7.088888888888889)","(4.2, 6.0, 4.991666666666667)","(10.0, 15.0, 12.8125)","(2.5, 3.25, 3.0375)","(5.5, 7.4, 6.7)","(17.0, 60.0, 54.285714285714285)","(1.01, 99999, 99990)","(7.5, 14.5, 12.863636363636363)"
12-01-2023 11:26:25.945497,"(1.01, 99999, 99990)","(4.8, 7.8, 7.088888888888889)","(4.2, 6.0, 4.991666666666667)","(10.0, 15.0, 12.8125)","(2.5, 3.25, 3.0363636363636366)","(5.5, 7.4, 6.7)","(17.0, 60.0, 54.285714285714285)","(1.01, 99999, 99990)","(7.5, 14.5, 12.863636363636363)"
12-01-2023 11:26:26.959992,"(1.01, 99999, 99990)","(4.8, 7.8, 7.088888888888889)","(4.2, 6.0, 4.991666666666667)","(10.0, 15.0, 12.8125)","(2.5, 3.2, 3.0363636363636366)","(5.5, 7.4, 6.7)","(17.0, 60.0, 54.285714285714285)","(1.01, 99999, 99990)","(7.5, 14.5, 12.863636363636363)"
12-01-2023 11:26:28.054044,"(1.01, 99999, 99990)","(4.8, 7.8, 7.088888888888889)","(4.2, 6.0, 4.991666666666667)","(10.0, 15.0, 12.8125)","(2.5, 3.2, 3.0363636363636366)","(5.5, 7.2, 7.010526315789474)","(17.0, 60.0, 54.285714285714285)","(1.01, 99999, 99990)","(7.5, 14.5, 12.863636363636363)"
12-01-2023 11:26:29.301884,"(1.01, 99999, 99990)","(4.8, 7.8, 7.088888888888889)","(4.2, 6.0, 4.991666666666667)","(10.0, 15.0, 12.8125)","(2.5, 3.2, 3.0363636363636366)","(5.5, 7.2, 7.010526315789474)","(17.0, 60.0, 54.285714285714285)","(1.01, 99999, 99990)","(7.5, 14.5, 12.863636363636363)"
12-01-2023 11:26:30.372541,"(1.01, 99999, 99990)","(4.8, 7.8, 7.088888888888889)","(4.2, 6.0, 4.991666666666667)","(10.0, 15.0, 12.8125)","(2.5, 3.2, 3.1333333333333333)","(5.5, 7.2, 7.010526315789474)","(17.0, 60.0, 54.285714285714285)","(1.01, 99999, 99990)","(7.5, 14.5, 12.863636363636363)"
12-01-2023 11:26:31.636520,"(1.01, 99999, 99990)","(4.8, 7.8, 7.387096774193548)","(4.2, 6.0, 4.991666666666667)","(10.0, 15.0, 12.8125)","(2.5, 3.2, 3.1333333333333333)","(5.5, 7.2, 7.010526315789474)","(17.0, 60.0, 54.285714285714285)","(1.01, 99999, 99990)","(7.5, 14.5, 12.863636363636363)"
12-01-2023 11:26:32.809969,"(1.01, 99999, 99990)","(4.8, 7.8, 7.387096774193548)","(4.2, 6.0, 4.991666666666667)","(10.0, 15.0, 12.8125)","(2.5, 3.2, 3.1333333333333333)","(5.5, 7.2, 7.010526315789474)","(17.0, 60.0, 54.285714285714285)","(1.01, 99999, 99990)","(7.5, 14.5, 12.863636363636363)"
12-01-2023 11:26:34.047905,"(1.01, 99999, 99990)","(4.8, 7.8, 7.387096774193548)","(4.2, 6.0, 4.991666666666667)","(10.0, 15.0, 12.8125)","(2.5, 3.2, 3.1333333333333333)","(5.5, 7.2, 7.010526315789474)","(17.0, 60.0, 54.285714285714285)","(1.01, 99999, 99990)","(7.5, 14.5, 12.863636363636363)"
12-01-2023 11:26:35.254520,"(1.01, 99999, 99990)","(4.8, 7.8, 7.387096774193548)","(4.2, 6.0, 4.991666666666667)","(10.0, 15.0, 12.8125)","(2.5, 3.2, 3.1333333333333333)","(5.5, 7.2, 7.010526315789474)","(17.0, 60.0, 54.285714285714285)","(1.01, 99999, 99990)","(7.5, 14.5, 12.863636363636363)"
12-01-2023 11:26:36.300604,"(1.01, 99999, 99990)","(4.8, 7.8, 7.387096774193548)","(4.2, 6.0, 4.991666666666667)","(10.0, 15.0, 12.8125)","(2.5, 3.2, 3.1333333333333333)","(5.5, 7.2, 7.010526315789474)","(17.0, 60.0, 54.285714285714285)","(1.01, 99999, 99990)","(7.5, 14.5, 12.863636363636363)"
12-01-2023 11:26:37.316164,"(1.01, 99999, 99990)","(4.8, 7.8, 7.387096774193548)","(4.2, 6.0, 4.991666666666667)","(10.0, 15.0, 12.8125)","(2.5, 3.2, 3.1333333333333333)","(5.5, 7.2, 7.066666666666666)","(17.0, 60.0, 54.285714285714285)","(1.01, 99999, 99990)","(7.5, 14.5, 12.863636363636363)"
12-01-2023 11:26:38.333955,"(1.01, 99999, 99990)","(4.8, 7.8, 7.266666666666667)","(4.2, 6.0, 4.991666666666667)","(10.0, 15.0, 12.8125)","(2.5, 3.2, 3.1333333333333333)","(5.5, 7.4, 7.066666666666666)","(17.0, 60.0, 54.285714285714285)","(1.01, 99999, 99990)","(7.5, 14.5, 12.863636363636363)"
12-01-2023 11:26:39.313181,"(1.01, 99999, 99990)","(4.8, 7.8, 7.45)","(4.2, 6.0, 4.991666666666667)","(10.0, 15.0, 12.8125)","(2.5, 3.2, 3.1333333333333333)","(5.5, 7.4, 7.066666666666666)","(17.0, 60.0, 54.285714285714285)","(1.01, 99999, 99990)","(7.5, 14.5, 12.863636363636363)"
12-01-2023 11:26:40.336327,"(1.01, 99999, 99990)","(4.8, 7.8, 7.45)","(4.2, 6.0, 4.991666666666667)","(10.0, 15.0, 12.8125)","(2.5, 3.2, 3.1333333333333333)","(5.5, 7.4, 7.066666666666666)","(17.0, 60.0, 54.285714285714285)","(1.01, 99999, 99990)","(7.5, 14.5, 12.863636363636363)"
12-01-2023 11:26:41.393726,"(1.01, 99999, 99990)","(4.8, 7.8, 7.45)","(4.2, 6.0, 4.991666666666667)","(10.0, 15.0, 12.8125)","(2.5, 3.2, 3.1333333333333333)","(5.5, 7.4, 7.066666666666666)","(17.0, 60.0, 54.285714285714285)","(1.01, 99999, 99990)","(7.5, 14.5, 12.863636363636363)"
12-01-2023 11:26:42.634693,"(1.01, 99999, 99990)","(5.0, 7.8, 7.45)","(4.4, 6.0, 4.991666666666667)","(10.0, 15.0, 12.8125)","(2.6, 3.2, 3.1333333333333333)","(5.5, 7.4, 7.066666666666666)","(18.0, 60.0, 54.285714285714285)","(1.01, 99999, 99990)","(8.0, 14.5, 12.863636363636363)"
12-01-2023 11:26:43.737883,"(1.01, 99999, 99990)","(5.0, 8.0, 7.466666666666667)","(4.4, 6.0, 4.991666666666667)","(10.0, 15.0, 12.8125)","(2.6, 3.2, 3.1333333333333333)","(5.5, 7.4, 7.066666666666666)","(18.0, 60.0, 54.285714285714285)","(1.01, 99999, 99990)","(8.0, 14.5, 12.863636363636363)"
12-01-2023 11:26:44.798207,"(1.01, 99999, 99990)","(5.0, 8.0, 6.933333333333334)","(4.4, 6.0, 4.991666666666667)","(10.0, 15.0, 12.8125)","(2.6, 3.2, 3.1333333333333333)","(5.5, 7.4, 7.066666666666666)","(18.0, 60.0, 54.285714285714285)","(1.01, 99999, 99990)","(8.0, 14.5, 12.863636363636363)"
12-01-2023 11:26:45.866572,"(1.01, 99999, 99990)","(5.0, 7.8, 6.409032258064516)","(4.4, 6.0, 4.991666666666667)","(10.0, 15.0, 12.8125)","(2.6, 3.2, 3.1333333333333333)","(5.5, 7.4, 7.066666666666666)","(18.0, 60.0, 54.285714285714285)","(1.01, 99999, 99990)","(8.0, 14.5, 12.863636363636363)"
12-01-2023 11:26:46.863553,"(1.01, 99999, 99990)","(5.0, 7.6, 6.8)","(4.4, 6.0, 4.991666666666667)","(10.0, 15.0, 12.8125)","(2.6, 3.2, 3.1333333333333333)","(5.5, 7.4, 7.066666666666666)","(18.0, 60.0, 54.285714285714285)","(1.01, 99999, 99990)","(8.0, 14.5, 12.863636363636363)"
12-01-2023 11:26:47.961823,"(1.01, 99999, 99990)","(5.0, 7.6, 6.533333333333333)","(4.4, 6.0, 4.991666666666667)","(10.0, 15.0, 12.8125)","(2.6, 3.2, 3.1333333333333333)","(5.5, 7.4, 7.066666666666666)","(19.0, 60.0, 54.285714285714285)","(1.01, 99999, 99990)","(8.5, 14.5, 12.863636363636363)"
12-01-2023 11:26:49.054893,"(1.01, 99999, 99990)","(5.0, 7.6, 6.5200000000000005)","(4.4, 6.0, 4.991666666666667)","(10.0, 15.0, 12.8125)","(2.6, 3.2, 3.1333333333333333)","(6.0, 7.4, 7.066666666666666)","(19.0, 60.0, 54.285714285714285)","(1.01, 99999, 99990)","(8.5, 14.5, 12.863636363636363)"
12-01-2023 11:26:50.054498,"(1.01, 99999, 99990)","(5.0, 7.6, 6.97)","(4.4, 6.0, 4.991666666666667)","(10.0, 15.0, 12.8125)","(2.6, 3.2, 3.1333333333333333)","(6.0, 7.4, 7.066666666666666)","(19.0, 60.0, 54.285714285714285)","(1.01, 99999, 99990)","(8.5, 14.5, 12.863636363636363)"
12-01-2023 11:26:51.042944,"(1.01, 99999, 99990)","(5.0, 7.6, 6.97)","(4.4, 6.0, 4.991666666666667)","(10.0, 15.0, 12.8125)","(2.6, 3.2, 3.1333333333333333)","(6.0, 7.4, 7.066666666666666)","(19.0, 60.0, 54.285714285714285)","(1.01, 99999, 99990)","(8.5, 14.5, 12.863636363636363)"
12-01-2023 11:26:52.060781,"(1.01, 99999, 99990)","(5.0, 7.6, 6.97)","(4.4, 6.0, 4.991666666666667)","(10.0, 15.0, 12.8125)","(2.6, 3.2, 3.1333333333333333)","(6.0, 7.4, 7.066666666666666)","(19.0, 60.0, 54.285714285714285)","(1.01, 99999, 99990)","(8.5, 14.5, 12.863636363636363)"
12-01-2023 11:26:53.018114,"(1.01, 99999, 99990)","(5.0, 7.6, 6.97)","(4.4, 6.0, 4.991666666666667)","(10.0, 15.0, 12.8125)","(2.6, 3.2, 3.1333333333333333)","(6.0, 7.4, 7.066666666666666)","(19.0, 60.0, 54.285714285714285)","(1.01, 99999, 99990)","(8.5, 14.5, 12.863636363636363)"
12-01-2023 11:26:54.022034,"(1.01, 99999, 99990)","(5.0, 7.6, 6.97)","(4.4, 6.0, 4.991666666666667)","(10.0, 15.0, 12.8125)","(2.6, 3.2, 3.1333333333333333)","(6.0, 7.4, 7.066666666666666)","(19.0, 60.0, 54.285714285714285)","(1.01, 99999, 99990)","(8.5, 14.5, 12.863636363636363)"
12-01-2023 11:26:54.973193,"(1.01, 99999, 99990)","(5.0, 7.6, 6.97)","(4.4, 6.0, 4.991666666666667)","(10.0, 15.0, 12.8125)","(2.6, 3.2, 3.1333333333333333)","(6.0, 7.4, 7.066666666666666)","(19.0, 60.0, 54.285714285714285)","(1.01, 99999, 99990)","(8.5, 14.5, 12.863636363636363)"
12-01-2023 11:26:55.953457,"(1.01, 99999, 99990)","(5.0, 7.6, 6.97)","(4.4, 6.0, 4.991666666666667)","(10.0, 15.0, 12.8125)","(2.6, 3.2, 3.1333333333333333)","(6.0, 7.4, 7.066666666666666)","(19.0, 60.0, 54.285714285714285)","(1.01, 99999, 99990)","(8.5, 14.5, 12.863636363636363)"
12-01-2023 11:26:57.152780,"(1.01, 99999, 99990)","(5.0, 7.6, 6.97)","(4.4, 6.0, 4.991666666666667)","(10.0, 15.0, 12.8125)","(2.6, 3.2, 3.1333333333333333)","(6.0, 7.4, 7.066666666666666)","(19.0, 60.0, 54.285714285714285)","(1.01, 99999, 99990)","(8.5, 14.5, 12.863636363636363)"
12-01-2023 11:26:58.282781,"(1.01, 99999, 99990)","(5.0, 7.6, 6.97)","(4.4, 6.0, 5.083333333333333)","(10.0, 15.0, 12.8125)","(2.6, 3.2, 3.1333333333333333)","(6.0, 7.4, 7.066666666666666)","(19.0, 60.0, 54.285714285714285)","(1.01, 99999, 99990)","(8.5, 14.5, 12.863636363636363)"
12-01-2023 11:26:59.319677,"(1.01, 99999, 99990)","(5.0, 7.6, 7.218181818181818)","(4.4, 6.0, 5.083333333333333)","(10.0, 15.0, 12.8125)","(2.6, 3.2, 3.1333333333333333)","(6.0, 7.4, 7.066666666666666)","(19.0, 60.0, 54.285714285714285)","(1.01, 99999, 99990)","(8.5, 14.5, 12.863636363636363)"
12-01-2023 11:27:00.448947,"(1.01, 99999, 99990)","(5.0, 7.6, 7.218181818181818)","(4.4, 6.0, 5.083333333333333)","(10.0, 15.0, 12.8125)","(2.6, 3.2, 3.1333333333333333)","(6.0, 7.4, 7.066666666666666)","(19.0, 60.0, 54.285714285714285)","(1.01, 99999, 99990)","(8.5, 14.5, 12.863636363636363)"
12-01-2023 11:27:01.510203,"(1.01, 99999, 99990)","(5.0, 7.6, 7.218181818181818)","(4.4, 6.0, 5.083333333333333)","(10.0, 15.0, 12.8125)","(2.6, 3.2, 3.1333333333333333)","(6.0, 7.4, 7.066666666666666)","(19.0, 60.0, 54.285714285714285)","(1.01, 99999, 99990)","(8.5, 14.5, 12.863636363636363)"
12-01-2023 11:27:02.507954,"(1.01, 99999, 99990)","(5.0, 7.6, 7.218181818181818)","(4.4, 6.0, 5.083333333333333)","(10.0, 15.0, 12.8125)","(2.6, 3.2, 3.1333333333333333)","(6.0, 7.4, 6.8)","(19.0, 60.0, 54.285714285714285)","(1.01, 99999, 99990)","(8.5, 14.5, 12.863636363636363)"
12-01-2023 11:27:03.588778,"(1.01, 99999, 99990)","(5.0, 7.6, 7.218181818181818)","(4.4, 6.0, 5.175)","(10.0, 15.0, 12.8125)","(2.6, 3.2, 3.1333333333333333)","(6.0, 7.4, 6.8)","(19.0, 60.0, 54.285714285714285)","(1.01, 99999, 99990)","(8.5, 14.5, 12.863636363636363)"
12-01-2023 11:27:04.525685,"(1.01, 99999, 99990)","(5.0, 7.6, 7.218181818181818)","(4.4, 6.0, 5.175)","(10.0, 15.0, 12.8125)","(2.6, 3.2, 3.1333333333333333)","(6.0, 7.4, 6.8)","(19.0, 60.0, 54.285714285714285)","(1.01, 99999, 99990)","(8.5, 14.5, 12.863636363636363)"
12-01-2023 11:27:05.505622,"(1.01, 99999, 99990)","(5.0, 7.6, 7.218181818181818)","(4.4, 6.0, 5.175)","(10.0, 15.0, 12.8125)","(2.6, 3.2, 3.1333333333333333)","(6.0, 7.4, 6.8)","(19.0, 60.0, 54.285714285714285)","(1.01, 99999, 99990)","(8.5, 14.5, 12.863636363636363)"
12-01-2023 11:27:06.459148,"(1.01, 99999, 99990)","(5.0, 7.6, 7.218181818181818)","(4.4, 6.0, 5.175)","(10.0, 15.0, 12.8125)","(2.6, 3.2, 3.1333333333333333)","(6.0, 7.4, 6.8)","(19.0, 60.0, 54.285714285714285)","(1.01, 99999, 99990)","(8.5, 14.5, 12.863636363636363)"
12-01-2023 11:27:07.506607,"(1.01, 99999, 99990)","(5.0, 7.6, 7.218181818181818)","(4.4, 6.0, 5.175)","(10.0, 15.0, 12.8125)","(2.6, 3.2, 3.1333333333333333)","(6.0, 7.4, 6.8)","(19.0, 60.0, 54.285714285714285)","(1.01, 99999, 99990)","(8.5, 14.5, 12.863636363636363)"
12-01-2023 11:27:08.522432,"(1.01, 99999, 99990)","(5.0, 7.6, 7.218181818181818)","(4.4, 6.0, 5.266666666666667)","(10.0, 15.0, 12.8125)","(2.6, 3.2, 3.1333333333333333)","(6.0, 7.4, 6.8)","(19.0, 60.0, 54.285714285714285)","(1.01, 99999, 99990)","(8.5, 14.5, 12.863636363636363)"
12-01-2023 11:27:09.474821,"(1.01, 99999, 99990)","(5.0, 7.6, 7.218181818181818)","(4.4, 6.0, 5.266666666666667)","(10.0, 15.0, 12.8125)","(2.6, 3.2, 3.1333333333333333)","(6.0, 7.4, 6.8)","(19.0, 60.0, 54.285714285714285)","(1.01, 99999, 99990)","(8.5, 14.5, 12.863636363636363)"
12-01-2023 11:27:10.679269,"(1.01, 99999, 99990)","(5.0, 7.6, 7.218181818181818)","(4.4, 6.0, 5.266666666666667)","(10.0, 15.0, 12.8125)","(2.6, 3.2, 3.1333333333333333)","(6.0, 7.4, 6.8)","(19.0, 60.0, 54.285714285714285)","(1.01, 99999, 99990)","(8.5, 14.5, 12.863636363636363)"
12-01-2023 11:27:11.696960,"(1.01, 99999, 99990)","(5.0, 7.6, 7.218181818181818)","(4.4, 6.0, 5.266666666666667)","(10.0, 15.0, 12.8125)","(2.6, 3.2, 3.1333333333333333)","(6.0, 7.4, 6.8)","(19.0, 60.0, 54.285714285714285)","(1.01, 99999, 99990)","(8.5, 14.5, 12.863636363636363)"
12-01-2023 11:27:12.689080,"(1.01, 99999, 99990)","(5.0, 7.6, 7.218181818181818)","(4.4, 5.1, 4.845)","(10.0, 15.0, 12.8125)","(2.6, 3.2, 3.1333333333333333)","(6.0, 7.4, 6.8)","(19.0, 60.0, 54.285714285714285)","(1.01, 99999, 99990)","(8.5, 14.5, 12.863636363636363)"
12-01-2023 11:27:13.680771,"(1.01, 99999, 99990)","(5.0, 7.6, 7.218181818181818)","(4.4, 5.1, 4.8548780487804875)","(10.0, 15.0, 12.8125)","(2.6, 3.2, 3.1333333333333333)","(6.0, 7.4, 6.8)","(19.0, 60.0, 54.285714285714285)","(1.01, 99999, 99990)","(8.5, 14.5, 12.863636363636363)"
12-01-2023 11:27:14.698468,"(1.01, 99999, 99990)","(5.0, 7.6, 7.218181818181818)","(4.4, 5.1, 4.8548780487804875)","(10.0, 15.0, 12.8125)","(2.6, 3.2, 3.1333333333333333)","(6.0, 7.4, 6.8)","(19.0, 60.0, 54.285714285714285)","(1.01, 99999, 99990)","(8.5, 14.5, 12.863636363636363)"
12-01-2023 11:27:15.608507,"(1.01, 99999, 99990)","(5.0, 7.6, 7.218181818181818)","(4.4, 5.1, 4.855555555555555)","(10.0, 15.0, 12.8125)","(2.6, 3.2, 3.1333333333333333)","(6.0, 7.4, 6.8)","(19.0, 60.0, 54.285714285714285)","(1.01, 99999, 99990)","(8.5, 14.5, 12.863636363636363)"
12-01-2023 11:27:16.589964,"(1.01, 99999, 99990)","(5.0, 7.6, 7.218181818181818)","(4.4, 5.1, 4.8088235294117645)","(10.0, 15.0, 12.8125)","(2.6, 3.2, 3.1333333333333333)","(6.0, 7.4, 6.8)","(19.0, 60.0, 54.285714285714285)","(1.01, 99999, 99990)","(8.5, 14.5, 12.863636363636363)"
12-01-2023 11:27:17.621246,"(1.01, 99999, 99990)","(5.0, 7.6, 7.218181818181818)","(4.4, 5.1, 4.8088235294117645)","(10.0, 15.0, 12.8125)","(2.6, 3.2, 3.185)","(6.0, 7.4, 6.8)","(19.0, 60.0, 54.285714285714285)","(1.01, 99999, 99990)","(8.5, 14.5, 12.863636363636363)"
12-01-2023 11:27:18.675052,"(1.01, 99999, 99990)","(5.0, 7.6, 7.218181818181818)","(4.4, 5.1, 4.8088235294117645)","(10.0, 15.0, 12.8125)","(2.6, 3.2, 3.185)","(6.0, 7.4, 6.8)","(19.0, 60.0, 54.285714285714285)","(1.01, 99999, 99990)","(8.5, 14.5, 12.863636363636363)"
12-01-2023 11:27:19.677265,"(1.01, 99999, 99990)","(5.0, 7.6, 7.218181818181818)","(4.4, 5.1, 4.8088235294117645)","(10.0, 15.0, 12.8125)","(2.6, 3.2, 3.2375)","(6.0, 7.4, 6.8)","(19.0, 60.0, 54.285714285714285)","(1.01, 99999, 99990)","(8.5, 14.5, 12.863636363636363)"
12-01-2023 11:27:20.665707,"(1.01, 99999, 99990)","(5.0, 7.8, 6.413333333333333)","(4.4, 5.1, 4.8088235294117645)","(10.0, 15.0, 12.8125)","(2.6, 3.3, 3.2944444444444443)","(6.0, 7.4, 6.8)","(19.0, 60.0, 54.285714285714285)","(1.01, 99999, 99990)","(8.5, 14.5, 12.863636363636363)"
12-01-2023 11:27:21.655395,"(1.01, 99999, 99990)","(5.0, 7.8, 6.484337349397591)","(4.4, 5.1, 4.8088235294117645)","(10.0, 15.0, 12.8125)","(2.6, 3.3, 3.2874999999999996)","(6.0, 7.4, 6.8)","(19.0, 60.0, 54.285714285714285)","(1.01, 99999, 99990)","(8.5, 14.5, 12.863636363636363)"
12-01-2023 11:27:22.668820,"(1.01, 99999, 99990)","(5.0, 7.8, 6.426415094339623)","(4.4, 5.1, 4.8088235294117645)","(10.0, 15.0, 12.8125)","(2.6, 3.3, 3.2874999999999996)","(6.0, 7.4, 6.861538461538462)","(19.0, 60.0, 54.285714285714285)","(1.01, 99999, 99990)","(8.5, 14.5, 12.863636363636363)"
12-01-2023 11:27:23.620762,"(1.01, 99999, 99990)","(5.0, 7.6, 6.76)","(4.4, 5.1, 4.8088235294117645)","(10.0, 15.0, 12.8125)","(2.6, 3.3, 3.2874999999999996)","(6.0, 7.4, 6.861538461538462)","(19.0, 60.0, 54.285714285714285)","(1.01, 99999, 99990)","(8.5, 14.5, 12.863636363636363)"
12-01-2023 11:27:24.588770,"(1.01, 99999, 99990)","(5.0, 7.6, 6.76)","(4.4, 5.1, 4.8088235294117645)","(10.0, 15.0, 12.8125)","(2.6, 3.3, 3.275)","(6.0, 7.4, 6.861538461538462)","(19.0, 60.0, 54.285714285714285)","(1.01, 99999, 99990)","(8.5, 14.5, 12.1875)"
12-01-2023 11:27:25.565981,"(1.01, 99999, 99990)","(5.0, 7.6, 6.76)","(4.4, 5.1, 4.8088235294117645)","(10.0, 15.0, 12.8125)","(2.6, 3.3, 3.275)","(6.0, 7.4, 6.861538461538462)","(19.0, 60.0, 54.285714285714285)","(1.01, 99999, 99990)","(8.5, 15.0, 12.863636363636363)"
12-01-2023 11:27:26.531545,"(1.01, 99999, 99990)","(5.0, 7.6, 6.76)","(4.4, 5.1, 4.8088235294117645)","(10.0, 15.0, 11.36)","(2.6, 3.3, 3.275)","(6.0, 7.4, 6.861538461538462)","(19.0, 60.0, 54.285714285714285)","(1.01, 99999, 99990)","(8.5, 14.5, 12.863636363636363)"
12-01-2023 11:27:27.467218,"(1.01, 99999, 99990)","(5.0, 7.6, 6.7272727272727275)","(4.4, 5.1, 4.8088235294117645)","(10.0, 15.0, 11.36)","(2.6, 3.3, 3.275)","(6.0, 7.4, 6.546341463414635)","(19.0, 60.0, 54.285714285714285)","(1.01, 99999, 99990)","(8.5, 14.5, 12.863636363636363)"
12-01-2023 11:27:28.439162,"(1.01, 99999, 99990)","(5.0, 7.6, 6.7272727272727275)","(4.4, 5.1, 4.8088235294117645)","(10.0, 15.0, 13.08421052631579)","(2.6, 3.3, 3.275)","(6.0, 7.4, 6.546341463414635)","(19.0, 60.0, 54.285714285714285)","(1.01, 99999, 99990)","(8.5, 14.5, 12.25)"
12-01-2023 11:27:29.361309,"(1.01, 99999, 99990)","(5.0, 7.6, 6.7272727272727275)","(4.4, 5.1, 4.8088235294117645)","(10.0, 15.0, 11.5)","(2.6, 3.3, 3.275)","(6.0, 7.4, 6.546341463414635)","(19.0, 60.0, 54.285714285714285)","(1.01, 99999, 99990)","(8.5, 14.5, 13.5)"
12-01-2023 11:27:30.420466,"(1.01, 99999, 99990)","(5.0, 7.6, 6.7272727272727275)","(4.4, 5.1, 4.9526315789473685)","(10.0, 15.0, 12.8125)","(2.6, 3.3, 3.275)","(6.0, 7.4, 6.546341463414635)","(19.0, 60.0, 54.285714285714285)","(1.01, 99999, 99990)","(8.5, 14.0, 13.5)"
12-01-2023 11:27:31.658389,"(1.01, 99999, 99990)","(5.0, 7.6, 6.7272727272727275)","(4.4, 5.1, 4.9526315789473685)","(10.0, 15.0, 12.8125)","(2.6, 3.3, 3.275)","(6.0, 7.4, 6.546341463414635)","(19.0, 60.0, 54.285714285714285)","(1.01, 99999, 99990)","(8.5, 14.0, 13.5)"
12-01-2023 11:27:32.770906,"(1.01, 99999, 99990)","(5.0, 7.6, 6.7272727272727275)","(4.4, 5.1, 4.990909090909091)","(10.0, 15.0, 12.8125)","(2.6, 3.3, 3.275)","(6.0, 7.4, 6.546341463414635)","(19.0, 60.0, 54.285714285714285)","(1.01, 99999, 99990)","(8.5, 14.0, 13.5)"
12-01-2023 11:27:33.739376,"(1.01, 99999, 99990)","(5.0, 7.6, 6.7272727272727275)","(4.4, 5.1, 4.990909090909091)","(10.0, 15.0, 11.36)","(2.6, 3.3, 3.275)","(6.0, 7.4, 6.546341463414635)","(19.0, 60.0, 54.285714285714285)","(1.01, 99999, 99990)","(8.5, 14.0, 13.5)"
12-01-2023 11:27:34.770902,"(1.01, 99999, 99990)","(5.0, 7.6, 6.7272727272727275)","(4.4, 5.1, 4.990909090909091)","(10.0, 15.0, 11.36)","(2.6, 3.3, 3.275)","(6.0, 7.4, 6.546341463414635)","(19.0, 60.0, 54.285714285714285)","(1.01, 99999, 99990)","(8.5, 14.0, 13.5)"
12-01-2023 11:27:35.940067,"(1.01, 99999, 99990)","(5.0, 7.6, 6.7272727272727275)","(4.4, 5.1, 5.257142857142857)","(10.0, 15.0, 12.083333333333334)","(2.6, 3.3, 3.275)","(6.0, 7.4, 7.066666666666666)","(19.0, 60.0, 46.66666666666667)","(1.01, 99999, 99990)","(8.5, 14.0, 12.8)"
12-01-2023 11:27:37.036432,"(1.01, 99999, 99990)","(5.0, 7.6, 6.7272727272727275)","(4.4, 5.9, 5.257142857142857)","(10.0, 15.0, 12.083333333333334)","(2.6, 3.3, 3.275)","(6.0, 7.2, 6.842105263157895)","(19.0, 60.0, 46.66666666666667)","(1.01, 99999, 99990)","(8.5, 14.0, 12.8)"
12-01-2023 11:27:38.260903,"(1.01, 99999, 99990)","(5.0, 7.6, 6.7272727272727275)","(4.4, 5.9, 5.455555555555556)","(10.0, 15.0, 12.725000000000001)","(2.6, 3.3, 3.275)","(6.0, 7.0, 6.842105263157895)","(19.0, 60.0, 46.66666666666667)","(1.01, 99999, 99990)","(8.5, 14.0, 13.5)"
12-01-2023 11:27:39.380746,"(1.01, 99999, 99990)","(5.0, 7.6, 6.7272727272727275)","(4.4, 5.9, 5.455555555555556)","(10.0, 15.0, 12.725000000000001)","(2.6, 3.3, 3.275)","(6.0, 7.0, 6.842105263157895)","(19.0, 60.0, 41.0)","(1.01, 99999, 99990)","(8.5, 14.0, 13.5)"
12-01-2023 11:27:40.393294,"(1.01, 99999, 99990)","(5.0, 7.6, 6.7272727272727275)","(4.4, 5.9, 5.42)","(10.0, 15.0, 12.8125)","(2.6, 3.3, 3.275)","(6.0, 7.0, 6.842105263157895)","(19.0, 55.0, 41.0)","(1.01, 99999, 99990)","(8.5, 14.0, 13.15)"
12-01-2023 11:27:41.473083,"(1.01, 99999, 99990)","(5.0, 7.6, 6.7272727272727275)","(4.4, 5.9, 5.654545454545454)","(10.0, 15.0, 12.8125)","(2.6, 3.3, 3.275)","(6.0, 7.0, 6.842105263157895)","(19.0, 55.0, 41.0)","(1.01, 99999, 99990)","(8.5, 14.5, 12.423076923076923)"
12-01-2023 11:27:42.488580,"(1.01, 99999, 99990)","(5.0, 7.6, 6.7272727272727275)","(4.4, 5.9, 5.654545454545454)","(10.0, 15.0, 12.8125)","(2.6, 3.3, 3.2557692307692307)","(6.0, 7.0, 6.842105263157895)","(19.0, 55.0, 45.714285714285715)","(1.01, 99999, 99990)","(8.5, 14.5, 13.5)"
12-01-2023 11:27:43.503712,"(1.01, 99999, 99990)","(5.0, 7.6, 6.7272727272727275)","(4.4, 5.9, 5.7153846153846155)","(10.0, 15.0, 13.6)","(2.6, 3.3, 3.2557692307692307)","(6.0, 7.0, 6.842105263157895)","(19.0, 50.0, 36.36363636363636)","(1.01, 99999, 99990)","(8.5, 14.0, 13.5)"
12-01-2023 11:27:44.520306,"(1.01, 99999, 99990)","(5.0, 7.6, 6.7272727272727275)","(4.4, 5.9, 5.7153846153846155)","(10.0, 15.0, 11.5)","(2.6, 3.3, 3.2557692307692307)","(6.0, 7.4, 6.626315789473685)","(19.0, 48.0, 35.27272727272727)","(1.01, 99999, 99990)","(8.5, 14.0, 13.5)"
12-01-2023 11:27:45.559258,"(1.01, 99999, 99990)","(5.0, 7.6, 7.3)","(4.4, 5.9, 5.7153846153846155)","(10.0, 15.0, 13.157894736842106)","(2.6, 3.3, 3.2557692307692307)","(6.0, 7.4, 6.7)","(19.0, 48.0, 35.27272727272727)","(1.01, 99999, 99990)","(8.5, 14.0, 13.5)"
12-01-2023 11:27:46.533931,"(1.01, 99999, 99990)","(5.0, 7.6, 7.483333333333333)","(4.4, 5.9, 5.7153846153846155)","(10.0, 15.0, 14.285714285714285)","(2.6, 3.3, 3.2557692307692307)","(5.5, 7.4, 6.7)","(18.0, 48.0, 35.27272727272727)","(1.01, 99999, 99990)","(8.0, 14.0, 13.5)"
12-01-2023 11:27:47.635393,"(1.01, 99999, 99990)","(5.0, 7.6, 7.483333333333333)","(4.4, 5.9, 5.7153846153846155)","(10.0, 15.0, 14.285714285714285)","(2.6, 3.3, 3.2557692307692307)","(5.5, 7.4, 6.7)","(18.0, 48.0, 35.27272727272727)","(1.01, 99999, 99990)","(8.0, 14.0, 13.5)"
12-01-2023 11:27:48.650081,"(1.01, 99999, 99990)","(5.0, 7.6, 7.366666666666666)","(4.4, 5.9, 5.7153846153846155)","(10.0, 15.0, 14.285714285714285)","(2.6, 3.3, 3.2557692307692307)","(5.5, 7.4, 6.7)","(18.0, 48.0, 35.27272727272727)","(1.01, 99999, 99990)","(8.0, 14.0, 13.5)"
12-01-2023 11:27:49.618367,"(1.01, 99999, 99990)","(5.0, 7.6, 7.366666666666666)","(4.4, 5.9, 5.7153846153846155)","(10.0, 15.0, 14.285714285714285)","(2.6, 3.3, 3.2557692307692307)","(5.5, 7.4, 6.7)","(18.0, 48.0, 35.27272727272727)","(1.01, 99999, 99990)","(8.0, 14.0, 13.5)"
12-01-2023 11:27:50.733310,"(1.01, 99999, 99990)","(5.0, 7.6, 7.472727272727273)","(4.4, 5.9, 5.75)","(10.0, 15.0, 13.0)","(2.6, 3.3, 3.2557692307692307)","(5.5, 7.4, 6.175)","(18.0, 44.0, 33.09090909090909)","(1.01, 99999, 99990)","(8.0, 14.0, 13.5)"
12-01-2023 11:27:51.892730,"(1.01, 99999, 99990)","(5.0, 7.6, 6.842105263157895)","(4.4, 5.9, 5.75)","(10.0, 15.0, 13.0)","(2.6, 3.3, 3.2557692307692307)","(5.5, 7.2, 6.5)","(18.0, 44.0, 33.09090909090909)","(1.01, 99999, 99990)","(8.0, 14.0, 13.5)"
12-01-2023 11:27:53.008877,"(1.01, 99999, 99990)","(5.0, 7.6, 6.727272727272727)","(4.6, 5.9, 5.75)","(10.0, 15.0, 13.0)","(2.6, 3.3, 3.2557692307692307)","(5.5, 7.2, 6.5)","(18.0, 44.0, 33.09090909090909)","(1.01, 99999, 99990)","(8.0, 14.0, 13.5)"
12-01-2023 11:27:54.021608,"(1.01, 99999, 99990)","(5.0, 7.4, 6.98)","(4.6, 5.9, 5.75)","(10.0, 15.0, 13.0)","(2.6, 3.3, 3.2557692307692307)","(5.5, 7.2, 6.5736842105263165)","(18.0, 44.0, 33.09090909090909)","(1.01, 99999, 99990)","(8.0, 14.0, 13.5)"
12-01-2023 11:27:55.070278,"(1.01, 99999, 99990)","(5.0, 7.4, 6.98)","(4.6, 5.9, 5.75)","(10.0, 15.0, 13.0)","(2.6, 3.3, 3.2557692307692307)","(5.5, 7.4, 6.023529411764706)","(18.0, 42.0, 38.85714285714286)","(1.01, 99999, 99990)","(8.0, 14.0, 13.5)"
12-01-2023 11:27:56.354559,"(1.01, 99999, 99990)","(5.0, 7.4, 6.515789473684211)","(4.6, 5.9, 5.75)","(10.0, 15.0, 12.647058823529411)","(2.6, 3.3, 3.3333333333333335)","(5.5, 7.2, 5.9)","(18.0, 40.0, 30.909090909090907)","(1.01, 99999, 99990)","(8.0, 14.0, 13.5)"
12-01-2023 11:27:57.427204,"(1.01, 99999, 99990)","(5.0, 7.2, 6.720000000000001)","(4.6, 5.9, 5.822222222222223)","(10.0, 15.0, 12.647058823529411)","(2.6, 3.35, 3.3333333333333335)","(5.5, 7.2, 5.9)","(18.0, 40.0, 30.909090909090907)","(1.01, 99999, 99990)","(8.0, 14.0, 13.5)"
12-01-2023 11:27:58.549160,"(1.01, 99999, 99990)","(5.0, 7.2, 6.189473684210526)","(4.6, 5.9, 5.75)","(10.0, 15.0, 11.727272727272727)","(2.6, 3.35, 3.331914893617021)","(5.5, 7.2, 6.333333333333334)","(18.0, 40.0, 30.909090909090907)","(1.01, 99999, 99990)","(8.0, 14.0, 13.5)"
12-01-2023 11:27:59.505767,"(1.01, 99999, 99990)","(5.0, 7.2, 6.189473684210526)","(4.6, 5.9, 5.75)","(10.0, 15.0, 11.727272727272727)","(2.6, 3.35, 3.331914893617021)","(5.5, 7.2, 6.333333333333334)","(18.0, 42.0, 32.0)","(1.01, 99999, 99990)","(8.0, 14.0, 13.5)"
12-01-2023 11:28:00.494229,"(1.01, 99999, 99990)","(5.0, 7.2, 6.18)","(4.6, 5.9, 5.75)","(10.0, 15.0, 12.428571428571429)","(2.6, 3.35, 3.272727272727273)","(5.5, 7.2, 6.333333333333334)","(18.0, 40.0, 33.333333333333336)","(1.01, 99999, 99990)","(8.0, 14.0, 13.5)"
12-01-2023 11:28:01.549726,"(1.01, 99999, 99990)","(5.0, 7.2, 6.18)","(4.6, 5.9, 5.75)","(10.0, 15.0, 12.6)","(2.6, 3.35, 3.1538461538461537)","(5.5, 7.2, 6.333333333333334)","(18.0, 40.0, 30.8)","(1.01, 99999, 99990)","(8.0, 14.5, 13.15)"
12-01-2023 11:28:02.599750,"(1.01, 99999, 99990)","(5.0, 7.2, 6.18)","(4.6, 5.9, 5.75)","(10.0, 15.0, 11.586206896551724)","(2.6, 3.35, 3.157142857142857)","(5.5, 7.2, 6.333333333333334)","(18.0, 38.0, 30.8)","(1.01, 99999, 99990)","(8.0, 14.5, 13.15)"
12-01-2023 11:28:03.599570,"(1.01, 99999, 99990)","(5.0, 7.0, 6.75)","(4.6, 5.9, 5.75)","(10.0, 15.0, 11.90625)","(2.6, 3.25, 3.164285714285714)","(5.5, 7.2, 6.264)","(18.0, 38.0, 30.8)","(1.01, 99999, 99990)","(8.0, 14.5, 13.15)"
12-01-2023 11:28:04.525174,"(1.01, 99999, 99990)","(5.0, 7.0, 6.75)","(4.6, 5.9, 5.75)","(10.0, 15.0, 11.90625)","(2.6, 3.25, 3.164285714285714)","(5.5, 7.2, 6.264)","(18.0, 38.0, 30.8)","(1.01, 99999, 99990)","(8.0, 14.5, 13.15)"
12-01-2023 11:28:05.459178,"(1.01, 99999, 99990)","(5.0, 7.0, 6.84)","(4.6, 5.9, 5.720000000000001)","(10.0, 15.0, 12.25)","(2.6, 3.25, 3.2125)","(5.5, 7.2, 5.985714285714286)","(18.0, 38.0, 31.454545454545453)","(1.01, 99999, 99990)","(8.0, 14.5, 12.7)"
12-01-2023 11:28:06.370619,"(1.01, 99999, 99990)","(5.0, 7.0, 6.84)","(4.6, 5.9, 5.720000000000001)","(10.0, 15.0, 12.25)","(2.6, 3.25, 3.2125)","(5.5, 7.2, 5.985714285714286)","(18.0, 38.0, 31.454545454545453)","(1.01, 99999, 99990)","(8.0, 14.5, 12.7)"
12-01-2023 11:28:07.457047,"(1.01, 99999, 99990)","(5.0, 7.0, 6.84)","(4.6, 5.9, 5.720000000000001)","(10.0, 15.0, 12.161290322580644)","(2.6, 3.25, 3.1221311475409834)","(5.5, 7.2, 5.985714285714286)","(18.0, 38.0, 34.0)","(1.01, 99999, 99990)","(8.0, 14.5, 13.882352941176471)"
12-01-2023 11:28:08.465368,"(1.01, 99999, 99990)","(5.0, 7.0, 6.84)","(4.6, 5.9, 5.685714285714286)","(10.0, 15.0, 12.0)","(2.6, 3.2, 3.1750000000000003)","(5.5, 7.2, 5.985714285714286)","(18.0, 36.0, 30.18181818181818)","(1.01, 99999, 99990)","(8.0, 14.5, 12.714285714285714)"
12-01-2023 11:28:09.546088,"(1.01, 99999, 99990)","(5.0, 7.0, 6.84)","(4.6, 5.9, 5.685714285714286)","(10.0, 15.0, 11.74074074074074)","(2.6, 3.2, 3.1750000000000003)","(5.5, 7.2, 5.985714285714286)","(18.0, 36.0, 27.46666666666667)","(1.01, 99999, 99990)","(8.0, 14.5, 12.714285714285714)"
12-01-2023 11:28:10.636678,"(1.01, 99999, 99990)","(5.0, 7.0, 6.84)","(4.6, 5.9, 5.685714285714286)","(10.0, 15.0, 11.74074074074074)","(2.6, 3.2, 3.1750000000000003)","(5.5, 7.2, 5.985714285714286)","(18.0, 36.0, 27.46666666666667)","(1.01, 99999, 99990)","(8.0, 14.5, 12.714285714285714)"
12-01-2023 11:28:11.753363,"(1.01, 99999, 99990)","(5.0, 7.0, 6.84)","(4.6, 5.9, 5.685714285714286)","(10.0, 15.0, 12.411764705882353)","(2.6, 3.2, 3.1750000000000003)","(5.5, 7.2, 5.985714285714286)","(18.0, 36.0, 27.46666666666667)","(1.01, 99999, 99990)","(8.0, 14.5, 12.714285714285714)"
12-01-2023 11:28:12.835847,"(1.01, 99999, 99990)","(5.0, 7.0, 6.84)","(4.6, 5.9, 5.685714285714286)","(10.0, 15.0, 12.066666666666666)","(2.6, 3.2, 3.1040983606557377)","(5.5, 7.2, 6.2)","(18.0, 36.0, 27.46666666666667)","(1.01, 99999, 99990)","(8.0, 14.5, 12.714285714285714)"
12-01-2023 11:28:13.864843,"(1.01, 99999, 99990)","(5.0, 7.0, 6.84)","(4.6, 5.9, 5.7125)","(10.0, 15.0, 12.066666666666666)","(2.6, 3.2, 3.0721311475409836)","(5.5, 7.2, 6.2)","(18.0, 36.0, 27.46666666666667)","(1.01, 99999, 99990)","(8.0, 14.5, 12.714285714285714)"
12-01-2023 11:28:14.887072,"(1.01, 99999, 99990)","(5.0, 7.0, 6.84)","(4.6, 5.9, 5.7125)","(10.0, 15.0, 12.066666666666666)","(2.6, 3.2, 3.0721311475409836)","(5.5, 7.2, 6.311111111111111)","(18.0, 36.0, 27.46666666666667)","(1.01, 99999, 99990)","(8.0, 14.5, 12.714285714285714)"
12-01-2023 11:28:15.945215,"(1.01, 99999, 99990)","(5.0, 7.0, 6.84)","(4.6, 5.9, 5.7125)","(10.0, 15.0, 12.066666666666666)","(2.6, 3.2, 3.078125)","(5.5, 7.2, 6.311111111111111)","(18.0, 36.0, 27.46666666666667)","(1.01, 99999, 99990)","(8.0, 14.5, 12.714285714285714)"
12-01-2023 11:28:16.944373,"(1.01, 99999, 99990)","(5.0, 7.0, 6.84)","(4.6, 5.9, 5.7125)","(10.0, 15.0, 12.066666666666666)","(2.6, 3.2, 3.1067391304347827)","(5.5, 7.2, 6.311111111111111)","(18.0, 36.0, 27.46666666666667)","(1.01, 99999, 99990)","(8.0, 14.5, 12.714285714285714)"
12-01-2023 11:28:17.912161,"(1.01, 99999, 99990)","(5.0, 7.0, 6.84)","(4.6, 5.9, 5.7125)","(10.0, 15.0, 12.066666666666666)","(2.6, 3.2, 3.1067391304347827)","(5.5, 7.2, 6.311111111111111)","(18.0, 36.0, 27.46666666666667)","(1.01, 99999, 99990)","(8.0, 14.5, 12.714285714285714)"
12-01-2023 11:28:18.857469,"(1.01, 99999, 99990)","(5.0, 7.2, 6.390476190476191)","(4.6, 5.9, 5.7125)","(10.0, 15.0, 12.161290322580644)","(2.6, 3.2, 3.0721311475409836)","(5.5, 7.0, 6.707692307692308)","(18.0, 36.0, 27.46666666666667)","(1.01, 99999, 99990)","(8.0, 14.5, 12.714285714285714)"
12-01-2023 11:28:19.910747,"(1.01, 99999, 99990)","(5.0, 7.2, 6.390476190476191)","(4.6, 5.9, 5.7125)","(10.0, 15.0, 12.161290322580644)","(2.6, 3.2, 3.0721311475409836)","(5.5, 6.8, 6.707692307692308)","(18.0, 36.0, 27.46666666666667)","(1.01, 99999, 99990)","(8.0, 14.5, 13.666666666666666)"
12-01-2023 11:28:20.980097,"(1.01, 99999, 99990)","(5.0, 7.2, 6.390476190476191)","(4.6, 5.9, 5.7125)","(10.0, 15.0, 12.161290322580644)","(2.6, 3.2, 3.121212121212121)","(5.5, 6.8, 6.3999999999999995)","(18.0, 36.0, 27.46666666666667)","(1.01, 99999, 99990)","(8.0, 14.5, 13.666666666666666)"
12-01-2023 11:28:21.990890,"(1.01, 99999, 99990)","(5.0, 7.2, 6.390476190476191)","(4.6, 5.9, 5.75)","(10.0, 15.0, 12.161290322580644)","(2.6, 3.2, 3.121212121212121)","(5.5, 6.8, 6.551724137931034)","(18.0, 36.0, 27.46666666666667)","(1.01, 99999, 99990)","(8.0, 15.0, 12.6)"
12-01-2023 11:28:23.022776,"(1.01, 99999, 99990)","(5.0, 7.2, 6.390476190476191)","(4.6, 5.9, 5.75)","(10.0, 15.0, 12.161290322580644)","(2.6, 3.2, 3.11)","(5.5, 6.8, 6.525)","(18.0, 36.0, 27.46666666666667)","(1.01, 99999, 99990)","(8.0, 15.0, 12.6)"
12-01-2023 11:28:24.005750,"(1.01, 99999, 99990)","(5.0, 7.2, 6.390476190476191)","(4.6, 5.9, 5.75)","(10.0, 15.0, 12.161290322580644)","(2.6, 3.2, 3.11)","(5.5, 6.8, 6.525)","(18.0, 36.0, 27.46666666666667)","(1.01, 99999, 99990)","(8.0, 15.0, 13.666666666666666)"
12-01-2023 11:28:25.052840,"(1.01, 99999, 99990)","(5.0, 7.2, 6.390476190476191)","(4.6, 5.9, 5.75)","(10.0, 15.0, 12.161290322580644)","(2.6, 3.2, 3.107142857142857)","(5.5, 6.8, 8.406666666666666)","(18.0, 36.0, 27.46666666666667)","(1.01, 99999, 99990)","(8.0, 14.5, 13.0)"
12-01-2023 11:28:26.419632,"(1.01, 99999, 99990)","(5.0, 7.2, 6.390476190476191)","(4.6, 5.9, 5.75)","(10.0, 15.0, 12.161290322580644)","(2.6, 3.2, 3.107142857142857)","(5.5, 8.6, 8.633333333333333)","(18.0, 36.0, 27.46666666666667)","(1.01, 99999, 99990)","(8.0, 14.5, 13.0)"
12-01-2023 11:28:27.769447,"(1.01, 99999, 99990)","(5.0, 7.2, 6.390476190476191)","(4.6, 5.9, 5.75)","(10.0, 15.0, 12.9)","(2.6, 3.2, 3.107142857142857)","(5.5, 9.2, 6.91764705882353)","(18.0, 36.0, 27.46666666666667)","(1.01, 99999, 99990)","(8.0, 14.5, 13.666666666666666)"
12-01-2023 11:28:28.926365,"(1.01, 99999, 99990)","(5.0, 7.2, 6.390476190476191)","(4.6, 5.9, 5.75)","(10.0, 14.5, 12.9)","(2.6, 3.2, 3.107142857142857)","(5.5, 9.6, 7.911111111111111)","(18.0, 36.0, 27.46666666666667)","(1.01, 99999, 99990)","(8.0, 14.5, 13.2)"
12-01-2023 11:28:30.201382,"(1.01, 99999, 99990)","(5.0, 7.2, 6.390476190476191)","(4.6, 5.9, 5.75)","(10.0, 14.5, 11.7)","(2.6, 3.2, 3.107142857142857)","(5.5, 9.6, 8.633333333333333)","(18.0, 36.0, 27.46666666666667)","(1.01, 99999, 99990)","(8.0, 15.0, 12.5)"
12-01-2023 11:28:31.556425,"(1.01, 99999, 99990)","(5.0, 7.2, 6.487096774193549)","(4.6, 5.9, 5.6)","(10.0, 14.5, 12.605263157894736)","(2.6, 3.2, 3.098701298701299)","(5.5, 9.2, 9.133333333333335)","(18.0, 36.0, 26.857142857142858)","(1.01, 99999, 99990)","(8.0, 15.0, 13.5)"
12-01-2023 11:28:32.774780,"(1.01, 99999, 99990)","(5.0, 7.2, 6.487096774193549)","(4.6, 5.9, 5.6)","(10.0, 14.5, 13.25)","(2.6, 3.2, 3.098701298701299)","(5.5, 9.8, 9.85)","(18.0, 36.0, 26.857142857142858)","(1.01, 99999, 99990)","(8.0, 15.0, 14.323529411764707)"
12-01-2023 11:28:33.839655,"(1.01, 99999, 99990)","(5.0, 7.0, 6.8428571428571425)","(4.6, 5.9, 5.6)","(10.0, 14.0, 13.25)","(2.6, 3.2, 3.098701298701299)","(5.5, 10.5, 9.134375)","(18.0, 36.0, 30.615384615384617)","(1.01, 99999, 99990)","(8.0, 14.5, 14.091666666666667)"
12-01-2023 11:28:35.011936,"(1.01, 99999, 99990)","(5.0, 7.4, 6.948387096774194)","(4.6, 5.6, 5.059459459459459)","(10.0, 14.0, 13.0)","(2.6, 3.35, 3.2181818181818183)","(5.5, 10.5, 8.857142857142856)","(18.0, 36.0, 26.0)","(1.01, 99999, 99990)","(8.0, 14.5, 13.7)"
12-01-2023 11:28:36.307406,"(1.01, 99999, 99990)","(5.0, 7.4, 6.948387096774194)","(4.6, 6.0, 4.951612903225807)","(10.0, 14.0, 11.714285714285714)","(2.6, 3.4, 2.9905)","(5.5, 10.5, 8.32)","(18.0, 36.0, 18.75)","(1.01, 99999, 99990)","(8.0, 14.0, 12.357142857142858)"
12-01-2023 11:28:37.392318,"(1.01, 99999, 99990)","(5.0, 7.0, 6.911111111111111)","(4.6, 5.9, 5.85)","(10.0, 12.0, 13.166666666666666)","(2.6, 3.0, 3.145)","(5.5, 8.4, 9.027999999999999)","(18.0, 19.0, 27.25)","(1.01, 99999, 99990)","(8.0, 12.5, 13.75)"
12-01-2023 11:28:38.346931,"(1.01, 99999, 99990)","(5.0, 7.4, 7.05)","(4.6, 5.9, 5.166666666666667)","(10.0, 13.5, 13.166666666666666)","(2.6, 3.2, 3.145)","(5.5, 10.5, 9.027999999999999)","(18.0, 36.0, 37.625)","(1.01, 99999, 99990)","(8.0, 14.0, 13.75)"
12-01-2023 11:28:39.471178,"(1.01, 99999, 99990)","(5.0, 7.4, 7.153846153846154)","(4.6, 5.8, 5.633333333333333)","(10.0, 13.5, 11.909090909090908)","(2.6, 3.2, 3.144)","(5.5, 10.5, 9.027999999999999)","(18.0, 44.0, 37.625)","(1.01, 99999, 99990)","(8.0, 14.5, 13.75)"
12-01-2023 11:28:40.528848,"(1.01, 99999, 99990)","(5.0, 7.0, 6.828571428571428)","(4.6, 5.8, 5.254545454545454)","(10.0, 13.5, 11.76923076923077)","(2.6, 3.15, 3.044262295081967)","(5.5, 10.5, 9.027999999999999)","(18.0, 44.0, 37.625)","(1.01, 99999, 99990)","(8.0, 14.5, 13.75)"
12-01-2023 11:28:41.557024,"(1.01, 99999, 99990)","(5.0, 7.6, 6.897560975609756)","(4.6, 5.8, 5.254545454545454)","(10.0, 13.5, 11.76923076923077)","(2.7, 3.1, 3.082608695652174)","(6.5, 10.5, 9.1)","(18.0, 44.0, 37.625)","(1.01, 99999, 99990)","(9.0, 14.5, 13.75)"
12-01-2023 11:28:42.792241,"(1.01, 99999, 99990)","(5.5, 7.6, 7.0181818181818185)","(4.2, 5.8, 5.3)","(10.0, 13.5, 11.76923076923077)","(2.7, 3.1, 3.0885714285714285)","(6.5, 10.5, 8.96)","(18.0, 44.0, 37.625)","(1.01, 99999, 99990)","(9.0, 14.5, 13.879310344827587)"
12-01-2023 11:28:43.923889,"(1.01, 99999, 99990)","(5.5, 7.6, 6.765217391304348)","(4.2, 5.8, 5.239024390243903)","(10.0, 13.5, 12.333333333333334)","(2.7, 3.1, 3.068243243243243)","(6.5, 10.5, 8.652000000000001)","(18.0, 44.0, 37.625)","(1.01, 99999, 99990)","(9.0, 14.5, 13.895833333333334)"
12-01-2023 11:28:45.075643,"(1.01, 99999, 99990)","(5.5, 7.6, 6.533333333333333)","(4.2, 5.8, 5.239024390243903)","(10.0, 13.0, 12.333333333333334)","(2.6, 3.1, 3.068243243243243)","(6.5, 10.5, 8.972727272727273)","(17.0, 44.0, 37.625)","(1.01, 99999, 99990)","(9.0, 14.0, 14.153846153846153)"
12-01-2023 11:28:46.269712,"(1.01, 99999, 99990)","(5.5, 7.6, 6.541176470588235)","(4.2, 5.8, 5.239024390243903)","(10.0, 13.0, 12.333333333333334)","(2.6, 3.1, 3.068243243243243)","(6.5, 10.5, 9.66)","(17.0, 44.0, 37.625)","(1.01, 99999, 99990)","(9.0, 14.5, 14.153846153846153)"
12-01-2023 11:28:47.349369,"(1.01, 99999, 99990)","(5.5, 7.4, 6.68)","(4.2, 5.8, 5.239024390243903)","(10.0, 13.0, 12.333333333333334)","(2.6, 3.1, 3.068243243243243)","(6.5, 10.5, 9.1875)","(17.0, 44.0, 37.625)","(1.01, 99999, 99990)","(9.0, 14.5, 13.8)"
12-01-2023 11:28:48.458211,"(1.01, 99999, 99990)","(5.5, 7.4, 6.688888888888888)","(4.2, 5.7, 5.504347826086956)","(10.0, 13.0, 12.333333333333334)","(2.6, 3.1, 3.068243243243243)","(6.5, 9.8, 9.541935483870969)","(17.0, 44.0, 37.625)","(1.01, 99999, 99990)","(9.0, 14.5, 13.8)"
12-01-2023 11:28:49.584188,"(1.01, 99999, 99990)","(5.5, 7.4, 6.653333333333333)","(4.2, 5.7, 5.504347826086956)","(10.0, 13.0, 12.333333333333334)","(2.6, 3.1, 3.068243243243243)","(6.5, 9.8, 9.541935483870969)","(17.0, 44.0, 37.625)","(1.01, 99999, 99990)","(9.0, 14.5, 13.8)"
12-01-2023 11:28:50.716007,"(1.01, 99999, 99990)","(5.5, 7.4, 6.653333333333333)","(4.2, 5.7, 5.276470588235294)","(10.0, 13.0, 12.333333333333334)","(2.6, 3.1, 3.0664285714285713)","(6.5, 9.8, 9.038095238095238)","(17.0, 44.0, 37.625)","(1.01, 99999, 99990)","(9.0, 14.5, 13.975)"
12-01-2023 11:28:51.877981,"(1.01, 99999, 99990)","(5.5, 7.4, 6.653333333333333)","(4.2, 5.7, 5.276470588235294)","(10.0, 13.0, 12.636363636363637)","(2.6, 3.1, 3.0664285714285713)","(6.5, 9.8, 8.957894736842105)","(17.0, 44.0, 37.625)","(1.01, 99999, 99990)","(9.0, 14.5, 13.975)"
12-01-2023 11:28:52.949859,"(1.01, 99999, 99990)","(5.5, 7.4, 6.653333333333333)","(4.2, 5.7, 5.25)","(10.0, 13.0, 12.636363636363637)","(2.6, 3.1, 3.0664285714285713)","(6.5, 9.8, 8.957894736842105)","(17.0, 44.0, 37.625)","(1.01, 99999, 99990)","(9.0, 14.5, 13.975)"
12-01-2023 11:28:53.965186,"(1.01, 99999, 99990)","(5.5, 7.4, 6.653333333333333)","(4.2, 5.7, 5.25)","(10.0, 13.0, 12.636363636363637)","(2.6, 3.1, 3.068548387096774)","(6.5, 9.8, 8.657142857142857)","(17.0, 44.0, 37.625)","(1.01, 99999, 99990)","(9.0, 14.5, 12.555555555555555)"
12-01-2023 11:28:54.929206,"(1.01, 99999, 99990)","(5.5, 7.4, 6.525)","(4.2, 5.7, 5.25)","(10.0, 13.0, 12.636363636363637)","(2.7, 3.1, 3.0576086956521737)","(6.5, 9.8, 8.657142857142857)","(17.0, 44.0, 37.625)","(1.01, 99999, 99990)","(9.0, 14.5, 13.428571428571429)"
12-01-2023 11:28:56.050384,"(1.01, 99999, 99990)","(5.5, 7.4, 6.525)","(4.2, 5.7, 5.25)","(10.0, 13.0, 12.636363636363637)","(2.7, 3.1, 3.0576086956521737)","(6.5, 9.8, 9.118918918918919)","(17.0, 44.0, 37.625)","(1.01, 99999, 99990)","(9.0, 14.5, 13.666666666666666)"
12-01-2023 11:28:57.177265,"(1.01, 99999, 99990)","(5.5, 7.4, 6.525)","(4.2, 5.7, 5.25)","(10.0, 13.0, 12.636363636363637)","(2.7, 3.1, 3.0576086956521737)","(6.5, 9.8, 8.704347826086957)","(17.0, 44.0, 37.625)","(1.01, 99999, 99990)","(9.0, 14.5, 14.0)"
12-01-2023 11:28:58.267311,"(1.01, 99999, 99990)","(5.5, 7.4, 6.525)","(4.2, 5.7, 5.25)","(10.0, 13.0, 12.636363636363637)","(2.7, 3.1, 3.0576086956521737)","(6.5, 9.8, 8.31764705882353)","(17.0, 44.0, 37.625)","(1.01, 99999, 99990)","(9.0, 14.5, 14.0)"
12-01-2023 11:28:59.276911,"(1.01, 99999, 99990)","(5.5, 7.4, 6.525)","(4.2, 5.7, 5.25)","(10.0, 13.0, 12.636363636363637)","(2.7, 3.1, 3.0576086956521737)","(6.5, 9.8, 8.31764705882353)","(17.0, 44.0, 37.625)","(1.01, 99999, 99990)","(9.0, 14.5, 14.0)"
12-01-2023 11:29:00.381426,"(1.01, 99999, 99990)","(5.5, 7.4, 6.525)","(4.2, 5.7, 5.25)","(10.0, 13.0, 12.636363636363637)","(2.7, 3.1, 3.0576086956521737)","(6.5, 9.8, 8.31764705882353)","(17.0, 44.0, 37.625)","(1.01, 99999, 99990)","(9.0, 14.5, 13.428571428571429)"
12-01-2023 11:29:01.443236,"(1.01, 99999, 99990)","(5.5, 7.4, 6.525)","(4.2, 5.7, 5.25)","(10.0, 13.0, 12.636363636363637)","(2.7, 3.1, 3.0576086956521737)","(6.5, 9.8, 8.31764705882353)","(17.0, 44.0, 37.625)","(1.01, 99999, 99990)","(9.0, 14.5, 13.777777777777779)"
12-01-2023 11:29:02.450563,"(1.01, 99999, 99990)","(5.5, 7.4, 6.525)","(4.2, 5.7, 5.25)","(10.0, 13.0, 12.636363636363637)","(2.7, 3.1, 3.0576086956521737)","(6.5, 9.8, 8.31764705882353)","(17.0, 44.0, 37.625)","(1.01, 99999, 99990)","(9.0, 14.0, 13.777777777777779)"
12-01-2023 11:29:03.592809,"(1.01, 99999, 99990)","(5.5, 7.4, 6.525)","(4.2, 5.7, 5.25)","(10.0, 13.0, 12.75)","(2.7, 3.1, 3.0576086956521737)","(6.5, 9.8, 8.31764705882353)","(17.0, 44.0, 37.625)","(1.01, 99999, 99990)","(9.0, 14.0, 13.777777777777779)"
12-01-2023 11:29:04.704331,"(1.01, 99999, 99990)","(5.5, 7.4, 6.525)","(4.2, 5.7, 5.25)","(10.0, 13.0, 12.75)","(2.7, 3.1, 3.0576086956521737)","(6.5, 9.8, 9.133333333333333)","(17.0, 44.0, 37.625)","(1.01, 99999, 99990)","(9.0, 14.0, 13.777777777777779)"
12-01-2023 11:29:05.871028,"(1.01, 99999, 99990)","(5.5, 7.4, 6.525)","(4.2, 5.7, 5.25)","(10.0, 13.0, 12.75)","(2.7, 3.1, 3.0576086956521737)","(6.5, 9.8, 8.723076923076924)","(17.0, 44.0, 30.25)","(1.01, 99999, 99990)","(9.0, 14.0, 13.777777777777779)"
12-01-2023 11:29:07.053493,"(1.01, 99999, 99990)","(5.5, 7.4, 6.525)","(4.2, 5.8, 5.3999999999999995)","(10.0, 13.0, 12.75)","(2.7, 3.1, 3.0576086956521737)","(6.5, 9.8, 8.723076923076924)","(17.0, 42.0, 30.25)","(1.01, 99999, 99990)","(9.0, 14.0, 13.777777777777779)"
12-01-2023 11:29:08.220739,"(1.01, 99999, 99990)","(5.5, 7.4, 6.525)","(4.2, 5.8, 5.3999999999999995)","(10.0, 13.0, 12.75)","(2.7, 3.1, 3.0524390243902437)","(6.5, 9.8, 8.431578947368422)","(17.0, 42.0, 30.25)","(1.01, 99999, 99990)","(9.0, 14.0, 13.833333333333332)"
12-01-2023 11:29:09.312989,"(1.01, 99999, 99990)","(5.5, 7.4, 6.6695652173913045)","(4.2, 5.7, 5.504347826086956)","(10.0, 13.0, 12.636363636363637)","(2.7, 3.1, 3.063333333333333)","(6.5, 9.8, 8.431578947368422)","(17.0, 42.0, 37.625)","(1.01, 99999, 99990)","(9.0, 14.0, 13.558823529411764)"
12-01-2023 11:29:10.391846,"(1.01, 99999, 99990)","(5.5, 7.4, 6.6695652173913045)","(4.2, 5.7, 5.504347826086956)","(10.0, 13.0, 12.636363636363637)","(2.7, 3.1, 3.063333333333333)","(6.5, 9.8, 8.438095238095238)","(17.0, 44.0, 37.625)","(1.01, 99999, 99990)","(9.0, 14.0, 13.558823529411764)"
12-01-2023 11:29:11.535969,"(1.01, 99999, 99990)","(5.5, 7.4, 6.466666666666667)","(4.2, 5.7, 5.45)","(10.0, 13.0, 12.636363636363637)","(2.7, 3.1, 3.063333333333333)","(6.5, 9.8, 8.773333333333333)","(17.0, 44.0, 37.625)","(1.01, 99999, 99990)","(9.0, 14.0, 13.558823529411764)"
12-01-2023 11:29:12.528934,"(1.01, 99999, 99990)","(5.5, 7.4, 6.636363636363637)","(4.2, 5.7, 5.45)","(10.0, 13.0, 12.636363636363637)","(2.7, 3.1, 3.063333333333333)","(6.5, 9.8, 8.773333333333333)","(17.0, 44.0, 37.625)","(1.01, 99999, 99990)","(9.0, 14.0, 13.342105263157894)"
12-01-2023 11:29:13.557958,"(1.01, 99999, 99990)","(5.5, 7.6, 6.9)","(4.2, 5.7, 5.45)","(10.0, 13.0, 12.636363636363637)","(2.7, 3.1, 3.063333333333333)","(6.5, 9.8, 8.333333333333334)","(17.0, 44.0, 37.625)","(1.01, 99999, 99990)","(9.0, 14.0, 13.473684210526315)"
12-01-2023 11:29:14.642811,"(1.01, 99999, 99990)","(5.5, 7.6, 6.6)","(4.2, 6.0, 5.494736842105263)","(10.0, 13.0, 12.8125)","(2.7, 3.4, 3.448041474654378)","(6.5, 9.8, 8.333333333333334)","(17.0, 44.0, 37.25)","(1.01, 99999, 99990)","(9.0, 14.0, 13.473684210526315)"
12-01-2023 11:29:15.830998,"(1.01, 99999, 99990)","(5.5, 7.6, 6.573333333333333)","(4.2, 5.9, 6.646153846153846)","(10.0, 13.0, 14.342857142857142)","(2.7, 3.45, 3.62)","(6.5, 9.8, 10.8)","(17.0, 44.0, 56.0)","(1.01, 99999, 99990)","(9.0, 14.0, 14.6625)"
12-01-2023 11:29:16.944117,"(1.01, 99999, 99990)","(5.5, 14.0, 11.239999999999998)","(4.2, 6.8, 5.6)","(10.0, 20.0, 15.599999999999998)","(2.7, 4.4, 4.368333333333334)","(6.5, 13.5, 8.75)","(17.0, 95.0, 74.375)","(1.01, 99999, 99990)","(9.0, 19.5, 15.15)"
12-01-2023 11:29:17.951888,"(1.01, 99999, 99990)","(5.5, 14.0, 9.0)","(4.2, 6.8, 6.5)","(10.0, 20.0, 15.066666666666666)","(2.7, 4.4, 4.368333333333334)","(6.5, 13.5, 8.75)","(17.0, 95.0, 74.375)","(1.01, 99999, 99990)","(9.0, 19.5, 15.15)"
12-01-2023 11:29:18.982067,"(1.01, 99999, 99990)","(5.5, 14.0, 9.0)","(4.2, 6.8, 6.5)","(10.0, 20.0, 15.066666666666666)","(2.7, 4.4, 3.9333333333333336)","(6.5, 13.5, 8.75)","(17.0, 95.0, 74.375)","(1.01, 99999, 99990)","(9.0, 19.5, 15.15)"
12-01-2023 11:29:20.019971,"(1.01, 99999, 99990)","(5.5, 14.0, 9.0)","(4.2, 6.8, 6.5)","(10.0, 20.0, 15.066666666666666)","(2.7, 3.95, 3.9333333333333336)","(6.5, 13.5, 8.75)","(17.0, 95.0, 74.375)","(1.01, 99999, 99990)","(9.0, 19.5, 15.15)"
12-01-2023 11:29:21.151680,"(1.01, 99999, 99990)","(5.5, 14.0, 9.0)","(4.2, 6.8, 6.5)","(10.0, 20.0, 15.066666666666666)","(2.7, 5.0, 4.966666666666667)","(6.5, 13.5, 8.75)","(17.0, 95.0, 74.375)","(1.01, 99999, 99990)","(9.0, 19.5, 15.15)"
12-01-2023 11:29:22.208987,"(1.01, 99999, 99990)","(5.5, 14.0, 12.985)","(4.2, 6.8, 6.5)","(10.0, 20.0, 15.066666666666666)","(2.7, 5.0, 4.3)","(6.5, 13.5, 8.75)","(17.0, 95.0, 74.375)","(1.01, 99999, 99990)","(9.0, 19.5, 15.15)"
