,Divine Flirt,Blue Eyed Girl,Distorted Secrets,Scenic Eclipse,Startedwithakiss,Red Cadillac,See Ya Champ,Lady Tornado,Fire And Gold,Heartly,Luna Nobel
14-12-2022 19:10:21.913897,"(5.5, 6.2, 6.011594202898551)","(3.1, 3.55, 3.5357142857142856)","(61.0, 160.0, 148.0)","(4.4, 4.8, 4.718181818181818)","(31.0, 80.0, 75.83333333333333)","(5.5, 6.8, 6.751724137931034)","(21.0, 34.0, 33.45454545454545)","(7.0, 8.8, 8.6875)","(101.0, 390.0, 323.3333333333333)","(51.0, 70.0, 68.88888888888889)","(71.0, 110.0, 106.73913043478261)"
14-12-2022 19:10:23.381815,"(5.5, 6.2, 6.014942528735633)","(3.1, 3.55, 3.539090909090909)","(61.0, 160.0, 153.33333333333334)","(4.4, 4.7, 4.641666666666667)","(31.0, 80.0, 75.83333333333333)","(5.5, 7.0, 6.7375)","(21.0, 36.0, 32.734693877551024)","(7.0, 8.8, 8.68695652173913)","(101.0, 390.0, 306.6666666666667)","(51.0, 70.0, 68.75)","(71.0, 110.0, 106.73913043478261)"
14-12-2022 19:10:24.780859,"(5.5, 6.4, 6.230769230769231)","(3.1, 3.55, 3.5352459016393443)","(61.0, 160.0, 153.33333333333334)","(4.4, 4.7, 4.676271186440678)","(31.0, 80.0, 75.83333333333333)","(5.5, 7.0, 6.7375)","(21.0, 36.0, 32.734693877551024)","(7.0, 8.8, 8.68695652173913)","(101.0, 380.0, 303.3333333333333)","(51.0, 70.0, 68.75)","(71.0, 110.0, 106.73913043478261)"
14-12-2022 19:10:26.200372,"(5.5, 6.4, 6.224)","(3.1, 3.55, 3.5339285714285715)","(61.0, 180.0, 155.0)","(4.4, 4.7, 4.676271186440678)","(31.0, 80.0, 75.83333333333333)","(5.5, 7.0, 6.7375)","(21.0, 36.0, 33.44)","(7.0, 8.8, 8.68695652173913)","(101.0, 370.0, 303.3333333333333)","(51.0, 70.0, 68.75)","(71.0, 110.0, 106.73913043478261)"
14-12-2022 19:10:27.601164,"(5.5, 6.2, 6.179076923076924)","(3.1, 3.55, 3.5339285714285715)","(61.0, 180.0, 168.88888888888889)","(4.4, 4.7, 4.676271186440678)","(31.0, 80.0, 75.83333333333333)","(5.5, 7.0, 6.7375)","(21.0, 36.0, 35.2)","(7.0, 8.8, 8.727272727272728)","(101.0, 370.0, 303.3333333333333)","(51.0, 70.0, 67.6086956521739)","(71.0, 110.0, 108.0)"
14-12-2022 19:10:28.931470,"(5.5, 6.2, 6.179076923076924)","(3.1, 3.55, 3.535185185185185)","(61.0, 180.0, 168.88888888888889)","(4.4, 4.7, 4.676271186440678)","(31.0, 80.0, 75.83333333333333)","(5.5, 7.0, 6.7375)","(21.0, 38.0, 35.2)","(7.0, 8.8, 8.727272727272728)","(101.0, 370.0, 303.3333333333333)","(51.0, 75.0, 67.6086956521739)","(71.0, 110.0, 108.0)"
14-12-2022 19:10:30.299984,"(5.5, 6.2, 6.179640718562874)","(3.1, 3.55, 3.5395833333333333)","(61.0, 180.0, 168.88888888888889)","(4.4, 4.7, 4.676271186440678)","(31.0, 80.0, 75.83333333333333)","(5.5, 7.0, 6.7375)","(21.0, 38.0, 35.2)","(7.0, 8.8, 8.742857142857144)","(101.0, 370.0, 303.3333333333333)","(51.0, 75.0, 67.6086956521739)","(71.0, 110.0, 107.0)"
14-12-2022 19:10:31.758170,"(5.5, 6.2, 6.179640718562874)","(3.1, 3.55, 3.5475)","(61.0, 180.0, 168.88888888888889)","(4.4, 4.7, 4.6625000000000005)","(31.0, 80.0, 75.83333333333333)","(5.5, 7.0, 6.7375)","(21.0, 38.0, 35.2)","(7.0, 8.8, 8.742857142857144)","(101.0, 370.0, 303.3333333333333)","(51.0, 75.0, 67.6086956521739)","(71.0, 110.0, 107.0)"
14-12-2022 19:10:33.102940,"(5.5, 6.2, 6.179640718562874)","(3.1, 3.55, 3.5466666666666664)","(61.0, 180.0, 168.88888888888889)","(4.4, 4.7, 4.6625000000000005)","(31.0, 80.0, 75.83333333333333)","(5.5, 7.0, 6.7375)","(21.0, 38.0, 35.2)","(7.0, 8.8, 8.742857142857144)","(101.0, 370.0, 303.3333333333333)","(51.0, 75.0, 67.6086956521739)","(71.0, 110.0, 107.0)"
14-12-2022 19:10:34.475673,"(5.5, 6.2, 6.179640718562874)","(3.1, 3.55, 3.5466666666666664)","(61.0, 180.0, 168.88888888888889)","(4.4, 4.7, 4.6625000000000005)","(31.0, 80.0, 75.83333333333333)","(5.5, 7.0, 6.7375)","(21.0, 38.0, 35.2)","(7.0, 8.8, 8.742857142857144)","(101.0, 370.0, 303.3333333333333)","(51.0, 75.0, 63.46153846153846)","(71.0, 110.0, 107.0)"
14-12-2022 19:10:35.868254,"(5.0, 6.2, 6.179331306990882)","(3.2, 3.55, 3.5466666666666664)","(61.0, 180.0, 168.88888888888889)","(4.4, 4.7, 4.6625000000000005)","(31.0, 80.0, 75.83333333333333)","(5.5, 7.0, 6.7375)","(21.0, 38.0, 35.2)","(7.0, 8.8, 8.742857142857144)","(101.0, 370.0, 303.3333333333333)","(51.0, 75.0, 60.714285714285715)","(71.0, 110.0, 107.0)"
14-12-2022 19:10:37.280734,"(5.0, 6.2, 6.179331306990882)","(3.2, 3.55, 3.5466666666666664)","(61.0, 180.0, 168.88888888888889)","(4.4, 4.7, 4.6688311688311686)","(31.0, 80.0, 75.83333333333333)","(5.5, 7.0, 6.7375)","(21.0, 38.0, 35.2)","(7.0, 8.8, 8.742857142857144)","(101.0, 370.0, 303.3333333333333)","(51.0, 75.0, 60.714285714285715)","(71.0, 110.0, 107.0)"
14-12-2022 19:10:38.684628,"(5.0, 6.2, 6.17629179331307)","(3.2, 3.55, 3.5466666666666664)","(61.0, 180.0, 168.88888888888889)","(4.4, 4.7, 4.6688311688311686)","(31.0, 80.0, 75.83333333333333)","(5.5, 7.0, 6.7375)","(21.0, 38.0, 35.2)","(7.0, 8.8, 8.742857142857144)","(101.0, 370.0, 303.3333333333333)","(51.0, 75.0, 60.714285714285715)","(71.0, 110.0, 107.0)"
14-12-2022 19:10:40.069564,"(5.0, 6.2, 6.158640226628895)","(3.2, 3.55, 3.5466666666666664)","(61.0, 180.0, 168.88888888888889)","(4.4, 4.7, 4.6688311688311686)","(31.0, 80.0, 75.83333333333333)","(5.5, 7.0, 6.7375)","(21.0, 38.0, 35.2)","(7.0, 8.8, 8.727272727272728)","(101.0, 370.0, 303.3333333333333)","(51.0, 75.0, 66.36363636363636)","(71.0, 110.0, 107.0)"
14-12-2022 19:10:41.493514,"(5.0, 6.2, 6.158640226628895)","(3.2, 3.55, 3.5466666666666664)","(61.0, 180.0, 165.0)","(4.4, 4.7, 4.680555555555555)","(31.0, 80.0, 75.83333333333333)","(5.5, 7.0, 6.7375)","(21.0, 38.0, 35.2)","(7.0, 8.8, 8.727272727272728)","(101.0, 370.0, 345.0)","(51.0, 70.0, 66.36363636363636)","(71.0, 110.0, 107.0)"
14-12-2022 19:10:42.760541,"(5.0, 6.2, 6.158640226628895)","(3.2, 3.55, 3.547297297297297)","(61.0, 180.0, 165.0)","(4.4, 4.7, 4.680555555555555)","(31.0, 80.0, 75.83333333333333)","(5.5, 7.0, 6.7375)","(21.0, 38.0, 35.2)","(7.0, 8.8, 8.727272727272728)","(101.0, 420.0, 345.0)","(51.0, 70.0, 66.36363636363636)","(71.0, 110.0, 107.0)"
14-12-2022 19:10:43.964947,"(5.0, 6.2, 6.158640226628895)","(3.2, 3.55, 3.547297297297297)","(61.0, 170.0, 160.0)","(4.4, 4.7, 4.673333333333334)","(31.0, 80.0, 75.45454545454545)","(5.5, 7.0, 6.7375)","(21.0, 38.0, 35.2)","(7.0, 8.8, 8.742857142857144)","(101.0, 410.0, 340.0)","(51.0, 70.0, 61.25)","(71.0, 110.0, 107.0)"
14-12-2022 19:10:45.293738,"(5.0, 6.2, 6.158640226628895)","(3.2, 3.55, 3.547297297297297)","(61.0, 170.0, 160.0)","(4.4, 4.7, 4.673333333333334)","(31.0, 80.0, 75.45454545454545)","(5.5, 7.0, 6.7375)","(21.0, 38.0, 35.2)","(7.0, 8.8, 8.742857142857144)","(101.0, 410.0, 340.0)","(51.0, 70.0, 61.25)","(71.0, 110.0, 107.0)"
14-12-2022 19:10:46.650531,"(5.0, 6.2, 6.158640226628895)","(3.2, 3.55, 3.549019607843137)","(61.0, 170.0, 155.0)","(4.4, 4.7, 4.674358974358975)","(31.0, 80.0, 75.45454545454545)","(5.5, 7.0, 6.7375)","(21.0, 38.0, 35.2)","(7.0, 8.8, 8.742857142857144)","(101.0, 410.0, 340.0)","(51.0, 70.0, 65.58823529411765)","(71.0, 110.0, 107.0)"
14-12-2022 19:10:48.029093,"(5.0, 6.2, 6.158640226628895)","(3.2, 3.55, 3.549019607843137)","(61.0, 170.0, 160.0)","(4.4, 4.7, 4.674358974358975)","(31.0, 80.0, 75.45454545454545)","(5.5, 7.0, 6.7375)","(21.0, 38.0, 35.2)","(7.0, 8.8, 8.742857142857144)","(101.0, 410.0, 340.0)","(51.0, 70.0, 65.0)","(71.0, 110.0, 107.0)"
14-12-2022 19:10:49.414069,"(5.0, 6.2, 6.158045977011494)","(3.2, 3.55, 3.549019607843137)","(61.0, 160.0, 135.625)","(4.4, 4.7, 4.674358974358975)","(31.0, 80.0, 75.45454545454545)","(5.5, 7.0, 6.7375)","(21.0, 38.0, 35.2)","(7.0, 8.8, 8.742857142857144)","(101.0, 410.0, 355.0)","(51.0, 70.0, 67.5)","(71.0, 110.0, 107.0)"
14-12-2022 19:10:50.872062,"(5.0, 6.2, 6.1574344023323615)","(3.2, 3.55, 3.549019607843137)","(61.0, 150.0, 134.28571428571428)","(4.4, 4.7, 4.674358974358975)","(31.0, 80.0, 75.0)","(5.5, 7.0, 6.7375)","(21.0, 38.0, 35.2)","(7.0, 8.8, 8.600000000000001)","(101.0, 410.0, 360.0)","(51.0, 70.0, 67.77777777777777)","(71.0, 110.0, 107.0)"
14-12-2022 19:10:52.177525,"(5.0, 6.2, 6.156156156156157)","(3.2, 3.55, 3.549019607843137)","(61.0, 140.0, 123.125)","(4.4, 4.7, 4.674358974358975)","(31.0, 80.0, 76.66666666666667)","(5.5, 7.0, 6.731343283582089)","(21.0, 38.0, 36.25)","(7.0, 8.8, 8.690909090909091)","(101.0, 410.0, 343.3333333333333)","(51.0, 70.0, 67.77777777777777)","(71.0, 110.0, 107.27272727272727)"
14-12-2022 19:10:53.577592,"(5.0, 6.2, 6.1716171617161715)","(3.2, 3.6, 3.591463414634146)","(61.0, 140.0, 105.71428571428571)","(4.4, 4.7, 4.668181818181818)","(31.0, 75.0, 71.81818181818181)","(5.5, 7.0, 6.762962962962963)","(21.0, 38.0, 36.25)","(7.0, 8.8, 8.963636363636363)","(101.0, 410.0, 338.57142857142856)","(51.0, 70.0, 63.75)","(71.0, 110.0, 107.27272727272727)"
14-12-2022 19:10:54.986676,"(5.0, 6.2, 6.187725631768953)","(3.2, 3.65, 3.6294117647058823)","(61.0, 140.0, 113.33333333333333)","(4.4, 4.7, 4.668181818181818)","(31.0, 75.0, 71.5)","(5.5, 6.8, 6.746666666666666)","(21.0, 38.0, 36.25)","(7.0, 9.0, 8.993103448275862)","(101.0, 410.0, 360.0)","(51.0, 70.0, 63.75)","(71.0, 110.0, 107.27272727272727)"
14-12-2022 19:10:56.391192,"(5.0, 6.2, 6.187725631768953)","(3.2, 3.65, 3.632608695652174)","(61.0, 140.0, 113.33333333333333)","(4.4, 4.7, 4.668181818181818)","(31.0, 75.0, 71.5)","(5.5, 6.8, 6.746666666666666)","(21.0, 38.0, 36.25)","(7.0, 9.0, 8.993103448275862)","(101.0, 410.0, 360.0)","(51.0, 70.0, 63.75)","(71.0, 110.0, 107.27272727272727)"
14-12-2022 19:10:57.751708,"(5.0, 6.2, 6.187725631768953)","(3.2, 3.65, 3.632608695652174)","(61.0, 140.0, 113.33333333333333)","(4.4, 4.7, 4.646875)","(31.0, 75.0, 71.5)","(5.5, 6.8, 6.693333333333333)","(21.0, 38.0, 36.25)","(7.0, 9.0, 8.566666666666666)","(101.0, 410.0, 355.0)","(51.0, 70.0, 65.0)","(71.0, 110.0, 107.27272727272727)"
14-12-2022 19:10:59.105397,"(5.0, 6.2, 6.187725631768953)","(3.2, 3.65, 3.6333333333333333)","(61.0, 140.0, 113.33333333333333)","(4.4, 4.7, 4.646875)","(31.0, 75.0, 71.5)","(5.5, 6.8, 6.723809523809524)","(21.0, 38.0, 36.25)","(7.0, 8.8, 8.52)","(101.0, 400.0, 355.0)","(51.0, 70.0, 65.0)","(71.0, 110.0, 107.27272727272727)"
14-12-2022 19:11:00.509725,"(5.0, 6.2, 6.187725631768953)","(3.2, 3.65, 3.6333333333333333)","(61.0, 140.0, 113.33333333333333)","(4.4, 4.7, 4.646875)","(31.0, 75.0, 71.5)","(5.5, 6.8, 6.723809523809524)","(21.0, 38.0, 36.25)","(7.0, 8.8, 8.426666666666668)","(101.0, 400.0, 355.0)","(51.0, 70.0, 65.0)","(71.0, 110.0, 107.27272727272727)"
14-12-2022 19:11:01.881264,"(5.0, 6.2, 6.178321678321678)","(3.2, 3.65, 3.6357142857142857)","(61.0, 140.0, 113.33333333333333)","(4.4, 4.7, 4.624324324324324)","(31.0, 75.0, 71.11111111111111)","(5.5, 6.8, 6.658333333333333)","(21.0, 38.0, 36.25)","(7.0, 8.8, 8.566666666666666)","(101.0, 400.0, 355.0)","(51.0, 70.0, 65.0)","(71.0, 110.0, 107.27272727272727)"
14-12-2022 19:11:03.257266,"(5.0, 6.2, 6.159235668789809)","(3.2, 3.7, 3.675757575757576)","(61.0, 140.0, 113.33333333333333)","(4.4, 4.7, 4.624324324324324)","(31.0, 75.0, 71.11111111111111)","(5.5, 6.8, 6.658333333333333)","(21.0, 38.0, 36.25)","(7.0, 8.8, 8.566666666666666)","(101.0, 400.0, 350.0)","(51.0, 70.0, 63.0)","(71.0, 110.0, 108.125)"
14-12-2022 19:11:04.615085,"(5.0, 6.2, 6.148606811145511)","(3.2, 3.7, 3.677777777777778)","(61.0, 140.0, 115.0)","(4.4, 4.7, 4.592941176470588)","(31.0, 75.0, 71.11111111111111)","(5.5, 6.8, 6.6866666666666665)","(21.0, 38.0, 34.375)","(7.0, 8.8, 8.566666666666666)","(101.0, 390.0, 355.0)","(51.0, 65.0, 63.0)","(71.0, 110.0, 113.33333333333333)"
14-12-2022 19:11:05.947253,"(5.0, 6.2, 6.148606811145511)","(3.2, 3.7, 3.675)","(61.0, 120.0, 115.0)","(4.4, 4.6, 4.655555555555556)","(31.0, 75.0, 71.11111111111111)","(5.5, 6.8, 6.683870967741935)","(21.0, 36.0, 33.67741935483871)","(7.0, 8.8, 8.525)","(101.0, 390.0, 350.0)","(51.0, 65.0, 63.0)","(71.0, 120.0, 107.36842105263158)"
14-12-2022 19:11:07.350251,"(5.0, 6.2, 6.144578313253012)","(3.2, 3.7, 3.675)","(61.0, 120.0, 115.0)","(4.4, 4.7, 4.674074074074074)","(31.0, 75.0, 71.11111111111111)","(5.5, 6.8, 6.696296296296296)","(21.0, 36.0, 34.0)","(7.0, 8.8, 8.47)","(101.0, 390.0, 350.0)","(51.0, 65.0, 63.0)","(71.0, 110.0, 106.42857142857143)"
14-12-2022 19:11:08.625484,"(5.0, 6.2, 6.144578313253012)","(3.2, 3.7, 3.677777777777778)","(61.0, 120.0, 115.0)","(4.4, 4.7, 4.674074074074074)","(31.0, 75.0, 71.11111111111111)","(5.5, 6.8, 6.696296296296296)","(21.0, 36.0, 34.0)","(7.0, 8.8, 8.445454545454545)","(101.0, 390.0, 360.0)","(51.0, 65.0, 63.0)","(71.0, 110.0, 105.45454545454545)"
14-12-2022 19:11:09.885140,"(5.0, 6.2, 6.144578313253012)","(3.2, 3.7, 3.677777777777778)","(61.0, 120.0, 115.0)","(4.4, 4.7, 4.686)","(31.0, 75.0, 69.16666666666667)","(5.5, 6.8, 6.696296296296296)","(21.0, 36.0, 33.42857142857143)","(7.0, 8.8, 8.445454545454545)","(101.0, 390.0, 360.0)","(51.0, 65.0, 63.0)","(71.0, 110.0, 105.45454545454545)"
14-12-2022 19:11:11.100079,"(5.0, 6.2, 6.144578313253012)","(3.2, 3.7, 3.677777777777778)","(61.0, 120.0, 115.0)","(4.4, 4.7, 4.686)","(31.0, 75.0, 69.16666666666667)","(5.5, 6.8, 6.696296296296296)","(21.0, 36.0, 32.869565217391305)","(7.0, 8.8, 8.357142857142858)","(101.0, 390.0, 360.0)","(51.0, 65.0, 63.0)","(71.0, 110.0, 105.45454545454545)"
14-12-2022 19:11:12.356590,"(5.0, 6.2, 6.144578313253012)","(3.2, 3.7, 3.677777777777778)","(61.0, 120.0, 115.83333333333333)","(4.4, 4.7, 4.67962962962963)","(31.0, 75.0, 69.16666666666667)","(5.5, 6.8, 6.696296296296296)","(21.0, 36.0, 32.869565217391305)","(7.0, 8.4, 8.357142857142858)","(101.0, 390.0, 360.0)","(51.0, 65.0, 63.0)","(71.0, 110.0, 105.45454545454545)"
14-12-2022 19:11:13.642267,"(5.0, 6.2, 6.143730886850153)","(3.2, 3.7, 3.677777777777778)","(61.0, 120.0, 115.0)","(4.4, 4.7, 4.673770491803278)","(31.0, 75.0, 69.16666666666667)","(5.5, 6.8, 6.696296296296296)","(21.0, 36.0, 32.869565217391305)","(7.0, 8.4, 8.385714285714284)","(101.0, 390.0, 360.0)","(51.0, 75.0, 63.0)","(71.0, 110.0, 105.45454545454545)"
14-12-2022 19:11:14.968539,"(5.0, 6.2, 6.142857142857143)","(3.2, 3.7, 3.677777777777778)","(61.0, 120.0, 115.0)","(4.4, 4.7, 4.673770491803278)","(31.0, 75.0, 69.16666666666667)","(5.5, 6.8, 6.696296296296296)","(21.0, 36.0, 32.869565217391305)","(7.0, 8.6, 8.379310344827585)","(101.0, 390.0, 360.0)","(51.0, 75.0, 63.0)","(71.0, 110.0, 105.45454545454545)"
14-12-2022 19:11:16.357729,"(5.0, 6.2, 6.142857142857143)","(3.2, 3.7, 3.677777777777778)","(61.0, 120.0, 115.0)","(4.4, 4.7, 4.673770491803278)","(31.0, 75.0, 69.16666666666667)","(5.5, 6.8, 6.696296296296296)","(21.0, 36.0, 32.869565217391305)","(7.0, 8.6, 8.379310344827585)","(101.0, 390.0, 363.3333333333333)","(51.0, 75.0, 63.0)","(71.0, 110.0, 105.45454545454545)"
14-12-2022 19:11:17.718831,"(5.0, 6.2, 6.142857142857143)","(3.2, 3.7, 3.677777777777778)","(61.0, 120.0, 115.0)","(4.4, 4.7, 4.673770491803278)","(31.0, 75.0, 69.16666666666667)","(5.5, 6.8, 6.696296296296296)","(21.0, 36.0, 32.869565217391305)","(7.0, 8.6, 8.379310344827585)","(101.0, 380.0, 360.0)","(51.0, 75.0, 63.0)","(71.0, 110.0, 105.45454545454545)"
14-12-2022 19:11:19.079238,"(5.0, 6.2, 6.142857142857143)","(3.2, 3.7, 3.677777777777778)","(61.0, 120.0, 115.0)","(4.4, 4.7, 4.673770491803278)","(31.0, 75.0, 69.16666666666667)","(5.5, 6.8, 6.696296296296296)","(21.0, 36.0, 32.869565217391305)","(7.0, 8.6, 8.379310344827585)","(101.0, 390.0, 360.0)","(51.0, 75.0, 63.0)","(71.0, 110.0, 105.45454545454545)"
14-12-2022 19:11:20.359284,"(5.0, 6.2, 6.125874125874126)","(3.2, 3.7, 3.677777777777778)","(61.0, 120.0, 115.0)","(4.4, 4.7, 4.673770491803278)","(31.0, 75.0, 69.16666666666667)","(5.5, 6.8, 6.696296296296296)","(21.0, 36.0, 32.869565217391305)","(7.0, 8.6, 8.357575757575757)","(101.0, 390.0, 360.0)","(51.0, 75.0, 63.0)","(71.0, 110.0, 105.45454545454545)"
14-12-2022 19:11:21.611631,"(5.0, 6.2, 6.125874125874126)","(3.2, 3.7, 3.677777777777778)","(61.0, 120.0, 115.0)","(4.4, 4.7, 4.673770491803278)","(31.0, 75.0, 68.33333333333333)","(5.5, 6.8, 6.696296296296296)","(21.0, 36.0, 32.869565217391305)","(7.0, 8.6, 8.145454545454545)","(101.0, 390.0, 360.0)","(51.0, 75.0, 63.0)","(71.0, 110.0, 105.45454545454545)"
14-12-2022 19:11:22.850953,"(5.0, 6.2, 6.125874125874126)","(3.2, 3.7, 3.677777777777778)","(61.0, 120.0, 113.75)","(4.4, 4.7, 4.674074074074074)","(31.0, 75.0, 68.33333333333333)","(5.5, 6.8, 6.696296296296296)","(21.0, 36.0, 32.869565217391305)","(7.0, 8.2, 8.135714285714286)","(101.0, 390.0, 360.0)","(51.0, 75.0, 63.0)","(71.0, 110.0, 106.42857142857143)"
14-12-2022 19:11:24.068457,"(5.0, 6.2, 6.128571428571429)","(3.2, 3.7, 3.677777777777778)","(61.0, 120.0, 113.75)","(4.4, 4.8, 4.7444444444444445)","(31.0, 75.0, 68.33333333333333)","(5.5, 6.8, 6.696296296296296)","(21.0, 36.0, 33.666666666666664)","(7.0, 8.2, 8.12)","(101.0, 390.0, 360.0)","(51.0, 75.0, 63.0)","(71.0, 110.0, 105.45454545454545)"
14-12-2022 19:11:25.356440,"(5.0, 6.2, 6.127659574468085)","(3.2, 3.65, 3.642391304347826)","(61.0, 120.0, 113.75)","(4.4, 4.8, 4.7444444444444445)","(31.0, 75.0, 68.33333333333333)","(5.5, 6.8, 6.696296296296296)","(21.0, 36.0, 33.666666666666664)","(7.0, 8.2, 8.082051282051282)","(101.0, 390.0, 360.0)","(51.0, 75.0, 63.0)","(71.0, 110.0, 105.45454545454545)"
14-12-2022 19:11:26.985753,"(5.0, 6.2, 6.125)","(3.2, 3.65, 3.6440677966101696)","(61.0, 120.0, 115.0)","(4.4, 4.8, 4.7444444444444445)","(31.0, 75.0, 68.33333333333333)","(5.5, 6.8, 6.696296296296296)","(21.0, 36.0, 33.666666666666664)","(7.0, 8.2, 8.082051282051282)","(101.0, 390.0, 360.0)","(51.0, 75.0, 63.0)","(71.0, 110.0, 105.45454545454545)"
14-12-2022 19:11:28.307419,"(5.0, 6.2, 6.125)","(3.2, 3.7, 3.68)","(61.0, 120.0, 115.0)","(4.4, 4.8, 4.748717948717949)","(31.0, 75.0, 68.33333333333333)","(5.5, 6.8, 6.764285714285714)","(21.0, 36.0, 35.529411764705884)","(7.0, 8.2, 7.781481481481482)","(101.0, 390.0, 360.0)","(51.0, 75.0, 63.57142857142857)","(71.0, 110.0, 106.15384615384616)"
14-12-2022 19:11:29.625230,"(5.0, 6.2, 6.125)","(3.2, 3.7, 3.675)","(61.0, 120.0, 115.0)","(4.4, 4.8, 4.748717948717949)","(31.0, 75.0, 68.33333333333333)","(5.5, 6.8, 6.764285714285714)","(21.0, 38.0, 35.529411764705884)","(7.0, 7.8, 7.788888888888889)","(101.0, 400.0, 355.0)","(51.0, 75.0, 65.4)","(71.0, 110.0, 106.15384615384616)"
14-12-2022 19:11:30.988424,"(5.0, 6.2, 6.125818181818182)","(3.2, 3.65, 3.618181818181818)","(61.0, 120.0, 115.0)","(4.4, 4.8, 4.7444444444444445)","(31.0, 75.0, 68.33333333333333)","(5.5, 6.8, 6.716455696202531)","(21.0, 38.0, 35.529411764705884)","(7.0, 7.8, 7.7875)","(101.0, 400.0, 374.2857142857143)","(51.0, 75.0, 62.142857142857146)","(71.0, 110.0, 106.15384615384616)"
14-12-2022 19:11:32.498871,"(5.0, 6.2, 6.125)","(3.2, 3.65, 3.616139240506329)","(61.0, 120.0, 115.0)","(4.4, 4.8, 4.7821428571428575)","(31.0, 75.0, 68.33333333333333)","(5.5, 7.0, 6.712820512820513)","(21.0, 38.0, 35.529411764705884)","(7.0, 7.8, 7.791525423728813)","(101.0, 400.0, 355.0)","(51.0, 75.0, 63.57142857142857)","(71.0, 110.0, 107.22222222222223)"
14-12-2022 19:11:33.856437,"(5.0, 6.2, 6.125)","(3.2, 3.65, 3.6158227848101263)","(61.0, 120.0, 115.0)","(4.4, 4.9, 4.7821428571428575)","(31.0, 75.0, 68.33333333333333)","(5.5, 7.0, 6.71)","(21.0, 38.0, 35.529411764705884)","(7.0, 7.8, 7.92992700729927)","(101.0, 400.0, 355.0)","(51.0, 75.0, 63.57142857142857)","(71.0, 110.0, 107.22222222222223)"
14-12-2022 19:11:35.171534,"(5.0, 6.2, 6.125)","(3.2, 3.65, 3.6158227848101263)","(61.0, 120.0, 116.0)","(4.4, 4.9, 4.7821428571428575)","(31.0, 75.0, 70.71428571428571)","(5.5, 7.0, 6.724324324324324)","(26.0, 38.0, 34.15384615384615)","(7.0, 8.0, 7.92992700729927)","(101.0, 400.0, 385.0)","(51.0, 75.0, 63.57142857142857)","(71.0, 110.0, 108.66666666666667)"
14-12-2022 19:11:36.513914,"(5.0, 6.2, 6.125)","(3.2, 3.65, 3.604621848739496)","(61.0, 120.0, 122.0)","(4.4, 4.9, 4.7821428571428575)","(31.0, 75.0, 72.0)","(5.5, 7.0, 6.724324324324324)","(26.0, 36.0, 34.333333333333336)","(7.0, 8.0, 7.92992700729927)","(101.0, 400.0, 365.0)","(51.0, 75.0, 62.142857142857146)","(71.0, 110.0, 108.66666666666667)"
14-12-2022 19:11:37.849503,"(5.0, 6.2, 6.125)","(3.2, 3.65, 3.608132530120482)","(61.0, 140.0, 122.0)","(4.4, 4.9, 4.7821428571428575)","(31.0, 75.0, 80.0)","(5.5, 7.0, 6.724324324324324)","(26.0, 36.0, 35.0625)","(7.0, 8.0, 7.92992700729927)","(101.0, 400.0, 375.0)","(51.0, 75.0, 62.142857142857146)","(71.0, 110.0, 108.66666666666667)"
14-12-2022 19:11:39.131300,"(5.0, 6.2, 6.122137404580153)","(3.2, 3.65, 3.6086309523809526)","(61.0, 140.0, 119.23076923076923)","(4.4, 4.9, 4.7821428571428575)","(31.0, 85.0, 80.0)","(5.5, 7.0, 6.731428571428571)","(26.0, 36.0, 35.0625)","(7.0, 8.0, 7.92992700729927)","(101.0, 420.0, 375.0)","(51.0, 75.0, 62.142857142857146)","(71.0, 110.0, 108.66666666666667)"
14-12-2022 19:11:40.444806,"(5.0, 6.2, 6.122137404580153)","(3.2, 3.65, 3.610057471264368)","(61.0, 140.0, 119.23076923076923)","(4.4, 4.9, 4.7821428571428575)","(31.0, 85.0, 80.0)","(5.5, 7.0, 6.731428571428571)","(26.0, 36.0, 35.0625)","(7.0, 8.0, 7.8759999999999994)","(101.0, 420.0, 375.0)","(51.0, 75.0, 62.142857142857146)","(71.0, 110.0, 108.66666666666667)"
14-12-2022 19:11:41.738613,"(5.0, 6.2, 6.122137404580153)","(3.2, 3.65, 3.610344827586207)","(61.0, 140.0, 127.14285714285714)","(4.4, 4.8, 4.753846153846154)","(31.0, 85.0, 71.33333333333333)","(5.5, 7.0, 6.731428571428571)","(26.0, 36.0, 35.0625)","(7.0, 8.0, 7.8759999999999994)","(101.0, 420.0, 390.0)","(51.0, 75.0, 62.142857142857146)","(71.0, 110.0, 108.66666666666667)"
14-12-2022 19:11:42.978173,"(5.0, 6.2, 6.122137404580153)","(3.2, 3.65, 3.616826923076923)","(61.0, 140.0, 134.0)","(4.4, 4.8, 4.753846153846154)","(31.0, 90.0, 79.375)","(5.5, 7.0, 6.731428571428571)","(26.0, 36.0, 35.0625)","(7.0, 8.0, 7.8759999999999994)","(101.0, 420.0, 390.0)","(51.0, 75.0, 62.142857142857146)","(71.0, 110.0, 108.66666666666667)"
14-12-2022 19:11:44.149195,"(5.0, 6.2, 6.122137404580153)","(3.2, 3.65, 3.616826923076923)","(61.0, 140.0, 134.0)","(4.4, 4.8, 4.753846153846154)","(31.0, 85.0, 79.375)","(5.5, 7.0, 6.731428571428571)","(26.0, 36.0, 35.0625)","(7.0, 8.0, 7.8759999999999994)","(101.0, 420.0, 390.0)","(51.0, 75.0, 62.142857142857146)","(71.0, 110.0, 108.66666666666667)"
14-12-2022 19:11:45.335479,"(5.0, 6.2, 6.122137404580153)","(3.2, 3.65, 3.616826923076923)","(61.0, 140.0, 130.0)","(4.4, 4.8, 4.753846153846154)","(31.0, 85.0, 79.375)","(5.5, 7.0, 6.731428571428571)","(26.0, 36.0, 35.0625)","(7.0, 8.0, 7.8759999999999994)","(101.0, 420.0, 390.0)","(51.0, 75.0, 65.4)","(71.0, 110.0, 108.66666666666667)"
14-12-2022 19:11:46.562307,"(5.0, 6.2, 6.122137404580153)","(3.2, 3.65, 3.616826923076923)","(61.0, 140.0, 137.14285714285714)","(4.4, 4.8, 4.76)","(31.0, 85.0, 78.57142857142857)","(5.5, 7.0, 6.731428571428571)","(26.0, 36.0, 35.0625)","(7.0, 8.0, 7.8759999999999994)","(101.0, 420.0, 390.0)","(51.0, 75.0, 63.57142857142857)","(71.0, 110.0, 108.66666666666667)"
14-12-2022 19:11:47.804517,"(5.0, 6.2, 6.122137404580153)","(3.2, 3.65, 3.616826923076923)","(61.0, 140.0, 137.5)","(4.4, 4.8, 4.76)","(31.0, 85.0, 78.57142857142857)","(5.5, 7.0, 6.731428571428571)","(26.0, 36.0, 34.333333333333336)","(7.0, 8.0, 7.8759999999999994)","(101.0, 420.0, 390.0)","(51.0, 75.0, 60.0)","(71.0, 110.0, 108.66666666666667)"
14-12-2022 19:11:49.107982,"(5.0, 6.2, 6.122137404580153)","(3.2, 3.65, 3.616826923076923)","(61.0, 140.0, 137.5)","(4.4, 4.8, 4.776923076923077)","(31.0, 85.0, 78.57142857142857)","(5.5, 7.0, 6.733333333333333)","(26.0, 36.0, 34.666666666666664)","(7.0, 8.0, 7.8759999999999994)","(101.0, 420.0, 390.0)","(51.0, 75.0, 60.0)","(71.0, 110.0, 108.66666666666667)"
14-12-2022 19:11:50.524610,"(5.0, 6.2, 6.122137404580153)","(3.2, 3.65, 3.6205533596837944)","(61.0, 140.0, 137.5)","(4.4, 4.8, 4.7775)","(31.0, 85.0, 78.57142857142857)","(5.5, 6.8, 6.733333333333333)","(26.0, 36.0, 34.666666666666664)","(7.0, 8.0, 7.8759999999999994)","(101.0, 420.0, 390.0)","(51.0, 75.0, 60.0)","(71.0, 110.0, 115.71428571428571)"
14-12-2022 19:11:51.860089,"(5.0, 6.2, 6.00625)","(3.2, 3.65, 3.6368794326241134)","(61.0, 150.0, 143.68421052631578)","(4.4, 4.8, 4.7898550724637685)","(31.0, 85.0, 77.5)","(5.5, 6.8, 6.733333333333333)","(26.0, 36.0, 34.94736842105263)","(7.0, 8.0, 7.8759999999999994)","(101.0, 420.0, 390.0)","(51.0, 75.0, 60.0)","(71.0, 120.0, 113.84615384615384)"
14-12-2022 19:11:53.145193,"(5.0, 6.2, 6.023863636363636)","(3.2, 3.65, 3.6368794326241134)","(61.0, 150.0, 143.68421052631578)","(4.4, 4.9, 4.7775)","(31.0, 85.0, 72.5)","(5.5, 6.8, 6.733333333333333)","(26.0, 36.0, 33.142857142857146)","(7.0, 8.0, 7.8759999999999994)","(101.0, 420.0, 390.0)","(51.0, 75.0, 62.142857142857146)","(71.0, 120.0, 115.29411764705883)"
14-12-2022 19:11:54.478410,"(5.0, 6.0, 5.956756756756757)","(3.2, 3.7, 3.6625)","(61.0, 150.0, 142.94117647058823)","(4.4, 4.8, 4.78955223880597)","(31.0, 80.0, 72.5)","(5.5, 6.8, 6.733333333333333)","(26.0, 36.0, 33.24444444444445)","(7.0, 8.0, 7.8759999999999994)","(101.0, 420.0, 390.0)","(51.0, 75.0, 62.142857142857146)","(71.0, 120.0, 115.29411764705883)"
14-12-2022 19:11:55.829085,"(5.0, 6.0, 5.955555555555556)","(3.2, 3.7, 3.666417910447761)","(61.0, 150.0, 142.94117647058823)","(4.4, 4.9, 4.825)","(31.0, 80.0, 74.0)","(5.5, 6.8, 6.71076923076923)","(26.0, 36.0, 32.97560975609756)","(7.0, 8.0, 7.8759999999999994)","(101.0, 420.0, 375.0)","(51.0, 75.0, 62.142857142857146)","(71.0, 120.0, 115.29411764705883)"
14-12-2022 19:11:57.160541,"(5.0, 6.0, 5.955555555555556)","(3.2, 3.7, 3.6515151515151514)","(71.0, 150.0, 142.94117647058823)","(4.4, 4.9, 4.875)","(31.0, 80.0, 74.0)","(5.5, 7.0, 6.759036144578313)","(21.0, 36.0, 32.97560975609756)","(7.0, 8.0, 7.8759999999999994)","(101.0, 420.0, 375.0)","(51.0, 75.0, 62.142857142857146)","(71.0, 120.0, 115.29411764705883)"
14-12-2022 19:11:58.451876,"(5.0, 6.0, 5.956603773584906)","(3.2, 3.7, 3.6515151515151514)","(71.0, 150.0, 142.94117647058823)","(4.4, 4.9, 4.875)","(31.0, 80.0, 74.0)","(5.5, 7.0, 6.759036144578313)","(21.0, 36.0, 32.97560975609756)","(7.0, 8.0, 7.8759999999999994)","(101.0, 420.0, 375.0)","(51.0, 75.0, 62.142857142857146)","(71.0, 120.0, 115.29411764705883)"
14-12-2022 19:11:59.791614,"(5.0, 6.0, 5.956603773584906)","(3.2, 3.7, 3.6515151515151514)","(71.0, 150.0, 142.94117647058823)","(4.4, 4.9, 4.875)","(31.0, 80.0, 71.0)","(5.5, 7.0, 6.759036144578313)","(21.0, 36.0, 33.24444444444445)","(7.0, 8.0, 7.8759999999999994)","(101.0, 420.0, 375.0)","(51.0, 75.0, 62.142857142857146)","(71.0, 120.0, 115.29411764705883)"
14-12-2022 19:12:01.119366,"(5.0, 6.0, 5.945238095238095)","(3.2, 3.7, 3.6515151515151514)","(71.0, 150.0, 134.0)","(4.4, 4.9, 4.875)","(31.0, 80.0, 71.0)","(5.5, 7.0, 6.694915254237288)","(21.0, 36.0, 33.24444444444445)","(7.0, 8.0, 7.8759999999999994)","(101.0, 420.0, 375.0)","(51.0, 75.0, 62.142857142857146)","(71.0, 120.0, 115.29411764705883)"
14-12-2022 19:12:02.430956,"(5.0, 6.0, 5.945238095238095)","(3.2, 3.7, 3.6515151515151514)","(71.0, 150.0, 134.0)","(4.4, 4.9, 4.875)","(31.0, 80.0, 71.0)","(5.5, 6.8, 6.694915254237288)","(21.0, 36.0, 33.416666666666664)","(7.0, 8.0, 7.8759999999999994)","(101.0, 420.0, 365.0)","(51.0, 75.0, 60.0)","(71.0, 120.0, 115.29411764705883)"
14-12-2022 19:12:03.762212,"(5.0, 6.0, 5.924590163934426)","(3.2, 3.7, 3.6515151515151514)","(71.0, 150.0, 134.0)","(4.4, 4.9, 4.875)","(31.0, 80.0, 71.0)","(5.5, 6.8, 6.694915254237288)","(21.0, 36.0, 33.416666666666664)","(7.0, 8.0, 7.8759999999999994)","(101.0, 420.0, 365.0)","(51.0, 75.0, 60.0)","(71.0, 120.0, 115.29411764705883)"
14-12-2022 19:12:05.038828,"(5.0, 6.0, 5.936111111111112)","(3.2, 3.7, 3.663970588235294)","(71.0, 150.0, 132.5)","(4.4, 4.9, 4.883720930232559)","(31.0, 75.0, 68.33333333333333)","(5.5, 6.8, 6.7101449275362315)","(21.0, 36.0, 33.30769230769231)","(7.0, 7.8, 7.750943396226415)","(101.0, 390.0, 360.0)","(51.0, 70.0, 61.0)","(71.0, 110.0, 108.5)"
14-12-2022 19:12:06.396279,"(5.0, 6.0, 6.084363636363636)","(3.2, 3.7, 3.66144578313253)","(71.0, 150.0, 132.5)","(4.4, 4.9, 4.846153846153846)","(31.0, 75.0, 70.0)","(5.5, 6.8, 6.7101449275362315)","(21.0, 36.0, 33.30769230769231)","(7.0, 8.2, 8.128947368421052)","(101.0, 390.0, 370.0)","(51.0, 70.0, 61.0)","(71.0, 110.0, 108.5)"
14-12-2022 19:12:07.775160,"(5.0, 6.2, 6.082857142857143)","(3.2, 3.7, 3.6515151515151514)","(71.0, 150.0, 138.94736842105263)","(4.4, 4.9, 4.834883720930232)","(31.0, 75.0, 70.0)","(5.5, 6.8, 6.7101449275362315)","(21.0, 36.0, 33.30769230769231)","(7.0, 8.0, 7.923076923076923)","(101.0, 390.0, 358.0)","(51.0, 70.0, 62.5)","(71.0, 110.0, 108.23529411764706)"
14-12-2022 19:12:09.238574,"(5.0, 6.2, 6.085714285714285)","(3.2, 3.7, 3.6515151515151514)","(71.0, 150.0, 138.94736842105263)","(4.4, 4.9, 4.845098039215686)","(31.0, 75.0, 70.0)","(5.5, 6.8, 6.705555555555556)","(21.0, 36.0, 33.407407407407405)","(7.0, 8.0, 7.903225806451613)","(101.0, 390.0, 358.0)","(51.0, 70.0, 62.5)","(71.0, 110.0, 108.23529411764706)"
14-12-2022 19:12:10.710953,"(5.0, 6.2, 6.085714285714285)","(3.2, 3.65, 3.6271784232365145)","(71.0, 150.0, 138.94736842105263)","(4.4, 4.9, 4.845098039215686)","(31.0, 75.0, 70.0)","(5.5, 6.8, 6.705555555555556)","(21.0, 36.0, 32.5)","(7.0, 8.0, 7.964912280701754)","(101.0, 390.0, 370.0)","(51.0, 70.0, 62.5)","(71.0, 110.0, 108.75)"
14-12-2022 19:12:12.161106,"(5.0, 6.0, 5.997278911564626)","(3.2, 3.65, 3.6271784232365145)","(71.0, 150.0, 140.0)","(4.4, 4.9, 4.7625)","(31.0, 75.0, 71.25)","(5.5, 6.8, 6.726086956521739)","(21.0, 36.0, 34.09090909090909)","(7.0, 8.0, 7.935)","(101.0, 390.0, 370.0)","(51.0, 70.0, 63.57142857142857)","(71.0, 110.0, 108.82352941176471)"
14-12-2022 19:12:13.556455,"(5.0, 6.0, 5.997252747252747)","(3.1, 3.65, 3.628927203065134)","(81.0, 150.0, 140.0)","(4.2, 4.8, 4.775)","(31.0, 75.0, 71.25)","(5.5, 6.8, 6.730864197530864)","(26.0, 36.0, 34.17857142857143)","(7.0, 8.0, 8.153846153846153)","(101.0, 390.0, 375.0)","(51.0, 70.0, 62.5)","(71.0, 110.0, 116.66666666666667)"
14-12-2022 19:12:15.014192,"(5.0, 6.0, 5.997340425531915)","(3.1, 3.65, 3.6304133858267718)","(81.0, 150.0, 140.0)","(4.2, 4.8, 4.722448979591837)","(31.0, 75.0, 76.25)","(5.5, 6.8, 6.730864197530864)","(26.0, 36.0, 34.150375939849624)","(7.0, 8.2, 8.170967741935483)","(101.0, 390.0, 385.0)","(51.0, 70.0, 60.333333333333336)","(71.0, 120.0, 115.0)"
14-12-2022 19:12:16.350439,"(5.0, 6.0, 5.997340425531915)","(3.1, 3.65, 3.6404255319148935)","(81.0, 150.0, 139.23076923076923)","(4.2, 4.8, 4.722448979591837)","(31.0, 80.0, 72.85714285714286)","(5.5, 6.8, 6.730864197530864)","(26.0, 36.0, 34.150375939849624)","(7.0, 8.2, 8.170967741935483)","(101.0, 390.0, 386.6666666666667)","(51.0, 65.0, 61.666666666666664)","(71.0, 120.0, 115.71428571428571)"
14-12-2022 19:12:17.710921,"(5.0, 6.0, 5.992957746478873)","(3.1, 3.65, 3.6422222222222222)","(81.0, 150.0, 143.0)","(4.2, 4.8, 4.742465753424658)","(31.0, 75.0, 72.85714285714286)","(5.5, 6.8, 6.730864197530864)","(26.0, 36.0, 34.150375939849624)","(7.0, 8.2, 8.170967741935483)","(101.0, 390.0, 386.6666666666667)","(51.0, 65.0, 61.666666666666664)","(71.0, 120.0, 115.71428571428571)"
14-12-2022 19:12:18.998283,"(5.0, 6.0, 5.965346534653466)","(3.1, 3.65, 3.6171052631578946)","(81.0, 150.0, 143.0)","(4.2, 4.8, 4.736046511627907)","(31.0, 75.0, 72.85714285714286)","(5.5, 6.8, 6.735897435897436)","(26.0, 36.0, 34.150375939849624)","(7.0, 8.2, 8.181632653061223)","(101.0, 390.0, 386.6666666666667)","(51.0, 65.0, 61.666666666666664)","(71.0, 120.0, 115.71428571428571)"
14-12-2022 19:12:20.320447,"(5.0, 6.0, 5.965346534653466)","(3.1, 3.65, 3.6195121951219513)","(81.0, 150.0, 143.33333333333334)","(4.2, 4.8, 4.73)","(31.0, 75.0, 72.85714285714286)","(5.5, 6.8, 6.735897435897436)","(26.0, 36.0, 34.143884892086334)","(7.0, 8.2, 8.22111801242236)","(101.0, 390.0, 386.6666666666667)","(51.0, 65.0, 59.54545454545455)","(71.0, 120.0, 115.71428571428571)"
14-12-2022 19:12:21.655320,"(5.0, 6.0, 5.965346534653466)","(3.1, 3.65, 3.6363636363636362)","(81.0, 150.0, 144.6153846153846)","(4.2, 4.8, 4.668333333333333)","(41.0, 75.0, 72.85714285714286)","(5.5, 6.8, 6.966666666666667)","(26.0, 36.0, 34.143884892086334)","(7.0, 8.4, 8.203389830508474)","(101.0, 390.0, 386.6666666666667)","(51.0, 65.0, 60.0)","(81.0, 120.0, 115.71428571428571)"
14-12-2022 19:12:22.938739,"(5.0, 6.0, 5.965346534653466)","(3.1, 3.65, 3.636046511627907)","(81.0, 150.0, 144.6153846153846)","(4.2, 4.7, 4.668333333333333)","(41.0, 75.0, 72.85714285714286)","(5.5, 7.0, 6.966666666666667)","(26.0, 36.0, 34.143884892086334)","(7.0, 8.4, 8.203389830508474)","(101.0, 390.0, 386.6666666666667)","(51.0, 70.0, 60.0)","(81.0, 120.0, 115.71428571428571)"
14-12-2022 19:12:24.200898,"(5.0, 6.0, 5.965346534653466)","(3.1, 3.65, 3.622463768115942)","(81.0, 150.0, 144.6153846153846)","(4.2, 4.7, 4.671212121212121)","(41.0, 75.0, 72.85714285714286)","(5.5, 7.0, 6.969230769230769)","(26.0, 36.0, 34.143884892086334)","(7.0, 8.4, 8.238888888888889)","(101.0, 390.0, 386.6666666666667)","(51.0, 70.0, 60.0)","(81.0, 120.0, 115.71428571428571)"
14-12-2022 19:12:25.580014,"(5.0, 6.0, 6.066122448979592)","(3.1, 3.65, 3.6246031746031746)","(81.0, 150.0, 144.6153846153846)","(4.2, 4.7, 4.6762500000000005)","(41.0, 75.0, 72.85714285714286)","(5.5, 7.0, 6.969230769230769)","(26.0, 36.0, 34.143884892086334)","(7.0, 8.4, 8.248484848484848)","(101.0, 390.0, 386.6666666666667)","(51.0, 70.0, 57.69230769230769)","(81.0, 120.0, 115.71428571428571)"
14-12-2022 19:12:27.113388,"(5.0, 6.2, 6.066122448979592)","(3.1, 3.65, 3.6246031746031746)","(81.0, 150.0, 144.6153846153846)","(4.2, 4.7, 4.6762500000000005)","(41.0, 75.0, 72.85714285714286)","(5.5, 7.0, 7.147586206896552)","(26.0, 36.0, 34.143884892086334)","(7.0, 8.2, 8.188505747126436)","(101.0, 390.0, 383.3333333333333)","(51.0, 60.0, 57.0)","(81.0, 120.0, 115.71428571428571)"
14-12-2022 19:12:28.624046,"(5.0, 6.2, 6.066122448979592)","(3.1, 3.65, 3.6246031746031746)","(81.0, 150.0, 144.6153846153846)","(4.2, 4.7, 4.65875)","(41.0, 75.0, 72.85714285714286)","(5.5, 7.2, 7.178333333333334)","(26.0, 36.0, 34.143884892086334)","(7.0, 8.2, 8.188505747126436)","(101.0, 390.0, 386.6666666666667)","(51.0, 60.0, 57.0)","(81.0, 120.0, 115.71428571428571)"
14-12-2022 19:12:30.081261,"(5.0, 6.2, 5.99327731092437)","(3.1, 3.65, 3.6246031746031746)","(81.0, 150.0, 144.4)","(4.2, 4.7, 4.659259259259259)","(41.0, 75.0, 72.85714285714286)","(5.5, 7.2, 7.178333333333334)","(26.0, 36.0, 34.143884892086334)","(7.0, 8.2, 8.189795918367347)","(101.0, 390.0, 383.3333333333333)","(51.0, 60.0, 51.25)","(81.0, 120.0, 115.71428571428571)"
14-12-2022 19:12:31.458802,"(5.0, 6.2, 6.017777777777778)","(3.1, 3.65, 3.6246031746031746)","(81.0, 150.0, 106.66666666666667)","(4.2, 4.7, 4.678409090909091)","(41.0, 75.0, 72.85714285714286)","(5.5, 7.2, 7.178333333333334)","(26.0, 36.0, 34.143884892086334)","(7.0, 8.2, 8.189795918367347)","(101.0, 390.0, 386.6666666666667)","(51.0, 60.0, 54.18181818181818)","(81.0, 120.0, 115.71428571428571)"
14-12-2022 19:12:32.859914,"(5.0, 6.2, 6.017777777777778)","(3.1, 3.6, 3.577777777777778)","(81.0, 140.0, 108.0)","(4.2, 4.7, 4.730188679245283)","(41.0, 75.0, 72.85714285714286)","(5.5, 7.2, 7.178333333333334)","(26.0, 36.0, 34.143884892086334)","(7.0, 8.2, 8.189795918367347)","(101.0, 390.0, 383.3333333333333)","(51.0, 55.0, 54.18181818181818)","(81.0, 120.0, 115.71428571428571)"
14-12-2022 19:12:34.315321,"(5.0, 6.2, 6.030927835051546)","(3.1, 3.6, 3.577777777777778)","(81.0, 140.0, 108.0)","(4.2, 4.8, 4.730188679245283)","(41.0, 75.0, 72.85714285714286)","(5.5, 7.2, 7.178333333333334)","(26.0, 36.0, 34.143884892086334)","(7.0, 8.2, 8.189795918367347)","(101.0, 390.0, 383.3333333333333)","(51.0, 55.0, 54.18181818181818)","(81.0, 120.0, 115.71428571428571)"
14-12-2022 19:12:35.691055,"(5.0, 6.2, 6.030927835051546)","(3.1, 3.6, 3.577777777777778)","(81.0, 140.0, 108.0)","(4.2, 4.8, 4.773333333333333)","(41.0, 75.0, 72.85714285714286)","(5.5, 7.2, 7.178333333333334)","(26.0, 36.0, 34.143884892086334)","(7.0, 8.2, 8.189795918367347)","(101.0, 390.0, 383.3333333333333)","(51.0, 55.0, 54.18181818181818)","(81.0, 120.0, 115.71428571428571)"
14-12-2022 19:12:37.131696,"(5.0, 6.2, 6.030927835051546)","(3.1, 3.6, 3.5738095238095235)","(81.0, 140.0, 115.0)","(4.2, 4.8, 4.773333333333333)","(41.0, 75.0, 73.0)","(5.5, 7.2, 7.175238095238095)","(26.0, 36.0, 34.16949152542373)","(7.0, 8.2, 8.189795918367347)","(101.0, 390.0, 356.6666666666667)","(51.0, 55.0, 54.18181818181818)","(81.0, 120.0, 115.71428571428571)"
14-12-2022 19:12:38.504672,"(5.0, 6.2, 6.030927835051546)","(3.1, 3.6, 3.58489010989011)","(71.0, 130.0, 115.0)","(4.2, 4.8, 4.773333333333333)","(41.0, 75.0, 73.0)","(5.5, 7.2, 7.175238095238095)","(26.0, 36.0, 34.16949152542373)","(7.0, 8.2, 8.19047619047619)","(101.0, 390.0, 350.0)","(41.0, 55.0, 53.5)","(81.0, 120.0, 115.71428571428571)"
14-12-2022 19:12:39.981671,"(5.0, 6.2, 6.030927835051546)","(3.1, 3.6, 3.58489010989011)","(71.0, 130.0, 118.33333333333333)","(4.2, 4.8, 4.773333333333333)","(41.0, 75.0, 73.0)","(5.5, 7.2, 7.174)","(26.0, 36.0, 34.16949152542373)","(7.0, 8.2, 8.19047619047619)","(101.0, 390.0, 358.0)","(41.0, 55.0, 51.5)","(81.0, 120.0, 115.71428571428571)"
14-12-2022 19:12:41.405177,"(5.0, 6.2, 6.030927835051546)","(3.1, 3.6, 3.58489010989011)","(71.0, 130.0, 118.33333333333333)","(4.2, 4.8, 4.773333333333333)","(41.0, 75.0, 73.0)","(5.5, 7.2, 7.174)","(26.0, 36.0, 34.16949152542373)","(7.0, 8.2, 8.19047619047619)","(101.0, 390.0, 358.0)","(41.0, 55.0, 50.625)","(81.0, 120.0, 115.71428571428571)"
14-12-2022 19:12:42.716642,"(5.0, 6.2, 6.030927835051546)","(3.1, 3.6, 3.588235294117647)","(71.0, 130.0, 115.0)","(4.2, 4.8, 4.773333333333333)","(41.0, 75.0, 73.0)","(5.5, 7.2, 7.174)","(26.0, 36.0, 34.16949152542373)","(7.0, 8.2, 8.19047619047619)","(101.0, 390.0, 358.0)","(41.0, 55.0, 51.5)","(81.0, 120.0, 115.71428571428571)"
14-12-2022 19:12:43.953864,"(5.0, 6.2, 6.030927835051546)","(3.1, 3.6, 3.588235294117647)","(71.0, 130.0, 115.0)","(4.2, 4.8, 4.773333333333333)","(41.0, 75.0, 73.0)","(5.5, 7.2, 7.174)","(26.0, 36.0, 34.16949152542373)","(7.0, 8.2, 8.19047619047619)","(101.0, 390.0, 370.0)","(41.0, 55.0, 51.5)","(81.0, 120.0, 115.71428571428571)"
14-12-2022 19:12:45.293396,"(5.0, 6.2, 6.030927835051546)","(3.1, 3.6, 3.588235294117647)","(71.0, 130.0, 115.0)","(4.2, 4.8, 4.816666666666666)","(41.0, 75.0, 73.0)","(5.5, 7.2, 7.172631578947368)","(26.0, 36.0, 34.16949152542373)","(7.0, 8.2, 8.19047619047619)","(101.0, 390.0, 358.0)","(41.0, 55.0, 51.5)","(81.0, 120.0, 115.71428571428571)"
14-12-2022 19:12:46.591026,"(5.0, 6.2, 6.015730337078652)","(3.1, 3.6, 3.5903614457831328)","(71.0, 130.0, 115.0)","(4.2, 4.9, 4.816666666666666)","(41.0, 75.0, 73.0)","(5.5, 7.2, 7.172631578947368)","(26.0, 36.0, 34.16949152542373)","(7.0, 8.2, 8.19047619047619)","(101.0, 390.0, 370.0)","(41.0, 55.0, 51.5)","(81.0, 120.0, 112.3529411764706)"
14-12-2022 19:12:47.942648,"(5.0, 6.2, 6.011827956989247)","(3.1, 3.6, 3.5866120218579236)","(71.0, 130.0, 115.0)","(4.2, 4.8, 4.7693877551020405)","(41.0, 75.0, 73.0)","(5.5, 7.2, 7.172631578947368)","(26.0, 36.0, 34.16949152542373)","(7.0, 8.2, 8.19047619047619)","(101.0, 390.0, 358.0)","(41.0, 55.0, 51.5)","(81.0, 120.0, 112.3529411764706)"
14-12-2022 19:12:49.305270,"(5.0, 6.2, 5.989156626506024)","(3.1, 3.6, 3.582621951219512)","(71.0, 130.0, 115.0)","(4.2, 4.9, 4.786075949367089)","(41.0, 75.0, 73.0)","(5.5, 7.2, 7.169411764705883)","(26.0, 36.0, 34.16949152542373)","(7.0, 8.2, 8.190196078431372)","(101.0, 390.0, 358.0)","(41.0, 55.0, 51.5)","(81.0, 120.0, 110.0)"
14-12-2022 19:12:50.764682,"(5.0, 6.2, 5.989156626506024)","(3.1, 3.6, 3.582621951219512)","(71.0, 140.0, 113.33333333333333)","(4.2, 4.9, 4.786075949367089)","(41.0, 75.0, 74.23076923076923)","(5.5, 7.2, 7.166666666666667)","(26.0, 36.0, 34.16949152542373)","(7.0, 8.2, 8.190196078431372)","(101.0, 390.0, 358.0)","(41.0, 55.0, 51.5)","(81.0, 120.0, 112.12121212121212)"
14-12-2022 19:12:52.131674,"(5.0, 6.2, 5.989156626506024)","(3.1, 3.6, 3.582621951219512)","(71.0, 140.0, 113.33333333333333)","(4.2, 4.9, 4.786075949367089)","(41.0, 75.0, 74.23076923076923)","(5.5, 7.2, 7.166666666666667)","(26.0, 36.0, 34.16949152542373)","(7.0, 8.2, 8.19099099099099)","(101.0, 390.0, 342.0)","(41.0, 55.0, 51.5)","(81.0, 120.0, 110.71428571428572)"
14-12-2022 19:12:53.451739,"(5.0, 6.2, 5.989156626506024)","(3.1, 3.6, 3.582621951219512)","(71.0, 130.0, 123.33333333333333)","(4.2, 4.9, 4.786075949367089)","(41.0, 75.0, 74.23076923076923)","(5.5, 7.2, 7.164383561643835)","(26.0, 36.0, 34.16949152542373)","(7.0, 8.2, 8.186666666666666)","(101.0, 390.0, 342.0)","(41.0, 55.0, 53.09090909090909)","(81.0, 120.0, 110.71428571428572)"
14-12-2022 19:12:54.800977,"(5.0, 6.2, 5.989156626506024)","(3.1, 3.6, 3.582228915662651)","(71.0, 130.0, 123.33333333333333)","(4.2, 4.9, 4.786075949367089)","(41.0, 75.0, 74.23076923076923)","(5.5, 7.2, 7.164383561643835)","(26.0, 36.0, 34.16949152542373)","(7.0, 8.2, 8.186666666666666)","(101.0, 390.0, 342.0)","(41.0, 55.0, 53.09090909090909)","(81.0, 120.0, 110.71428571428572)"
14-12-2022 19:12:56.248499,"(5.0, 6.2, 5.989156626506024)","(3.1, 3.6, 3.5945833333333335)","(71.0, 130.0, 123.33333333333333)","(4.2, 4.9, 4.786075949367089)","(41.0, 75.0, 74.23076923076923)","(5.5, 7.2, 7.164383561643835)","(26.0, 36.0, 34.16949152542373)","(7.0, 8.2, 8.186666666666666)","(101.0, 390.0, 342.0)","(41.0, 55.0, 50.5)","(71.0, 120.0, 110.71428571428572)"
14-12-2022 19:12:57.671591,"(5.0, 6.2, 5.989156626506024)","(3.1, 3.6, 3.5945833333333335)","(71.0, 130.0, 123.33333333333333)","(4.2, 4.9, 4.786075949367089)","(41.0, 75.0, 74.23076923076923)","(5.5, 7.2, 7.164383561643835)","(26.0, 36.0, 34.16949152542373)","(7.0, 8.2, 8.186666666666666)","(101.0, 390.0, 342.0)","(41.0, 55.0, 50.5)","(71.0, 120.0, 110.71428571428572)"
14-12-2022 19:12:59.080073,"(5.0, 6.2, 6.016753926701571)","(3.1, 3.6, 3.5945833333333335)","(71.0, 130.0, 123.33333333333333)","(4.2, 4.9, 4.786075949367089)","(41.0, 75.0, 74.23076923076923)","(5.5, 7.2, 7.163380281690141)","(26.0, 36.0, 32.357723577235774)","(7.0, 8.2, 8.185294117647057)","(101.0, 390.0, 342.0)","(41.0, 55.0, 52.0)","(71.0, 120.0, 110.71428571428572)"
14-12-2022 19:13:00.549891,"(5.0, 6.2, 6.016753926701571)","(3.1, 3.6, 3.5945833333333335)","(71.0, 130.0, 123.33333333333333)","(4.2, 4.9, 4.786075949367089)","(41.0, 75.0, 74.23076923076923)","(5.5, 7.2, 7.163380281690141)","(26.0, 34.0, 32.357723577235774)","(7.0, 8.2, 8.185294117647057)","(101.0, 390.0, 342.0)","(41.0, 55.0, 52.0)","(71.0, 120.0, 110.71428571428572)"
14-12-2022 19:13:01.922517,"(5.0, 6.0, 5.920848056537102)","(3.1, 3.65, 3.6253623188405797)","(71.0, 130.0, 105.0)","(4.2, 4.9, 4.786075949367089)","(41.0, 75.0, 74.23076923076923)","(5.5, 7.2, 7.1684210526315795)","(26.0, 34.0, 32.228070175438596)","(7.0, 8.2, 8.223008849557523)","(101.0, 390.0, 342.0)","(41.0, 60.0, 51.5)","(71.0, 120.0, 115.78947368421052)"
14-12-2022 19:13:03.196817,"(5.0, 6.0, 5.920848056537102)","(3.1, 3.65, 3.628225806451613)","(71.0, 130.0, 106.66666666666667)","(4.2, 4.9, 4.786075949367089)","(41.0, 75.0, 74.23076923076923)","(5.5, 7.2, 7.165384615384616)","(26.0, 34.0, 32.11214953271028)","(7.0, 8.4, 8.223008849557523)","(101.0, 390.0, 342.0)","(41.0, 55.0, 51.5)","(71.0, 120.0, 115.78947368421052)"
14-12-2022 19:13:04.456131,"(5.0, 6.0, 5.966292134831461)","(3.1, 3.65, 3.628225806451613)","(71.0, 130.0, 112.5)","(4.2, 4.9, 4.786075949367089)","(41.0, 75.0, 74.23076923076923)","(5.5, 7.2, 7.311111111111112)","(26.0, 34.0, 31.529411764705884)","(7.0, 8.4, 8.190909090909091)","(101.0, 390.0, 342.0)","(41.0, 55.0, 53.07142857142857)","(71.0, 120.0, 115.78947368421052)"
14-12-2022 19:13:05.653692,"(5.0, 5.7, 5.6560747663551405)","(3.1, 3.65, 3.635)","(71.0, 130.0, 112.5)","(4.2, 4.9, 4.786075949367089)","(41.0, 75.0, 74.23076923076923)","(5.5, 7.4, 7.295238095238095)","(26.0, 32.0, 31.563636363636363)","(7.0, 8.4, 8.190909090909091)","(101.0, 390.0, 342.0)","(41.0, 55.0, 53.07142857142857)","(71.0, 120.0, 117.64705882352942)"
14-12-2022 19:13:06.828299,"(5.0, 5.8, 5.699999999999999)","(3.1, 3.7, 3.655263157894737)","(71.0, 130.0, 112.5)","(4.2, 4.9, 4.786075949367089)","(41.0, 75.0, 74.23076923076923)","(5.5, 7.4, 7.292391304347826)","(26.0, 32.0, 31.527272727272727)","(7.0, 8.4, 8.211764705882354)","(101.0, 390.0, 342.0)","(41.0, 55.0, 53.07142857142857)","(71.0, 120.0, 117.89473684210526)"
14-12-2022 19:13:08.077819,"(5.0, 5.8, 5.691764705882353)","(3.1, 3.7, 3.655263157894737)","(71.0, 130.0, 112.5)","(4.2, 4.9, 4.786075949367089)","(41.0, 75.0, 74.23076923076923)","(5.5, 7.4, 7.292391304347826)","(26.0, 32.0, 31.5)","(7.0, 8.4, 8.211764705882354)","(101.0, 390.0, 346.6666666666667)","(41.0, 55.0, 53.07142857142857)","(71.0, 120.0, 116.66666666666667)"
14-12-2022 19:13:09.311286,"(5.0, 5.8, 5.687640449438202)","(3.1, 3.7, 3.655263157894737)","(61.0, 120.0, 111.66666666666667)","(4.2, 4.9, 4.817241379310345)","(41.0, 75.0, 72.14285714285714)","(5.5, 7.4, 7.30828025477707)","(26.0, 32.0, 31.5)","(7.0, 8.4, 8.211764705882354)","(101.0, 380.0, 346.6666666666667)","(41.0, 55.0, 53.07142857142857)","(71.0, 120.0, 118.88888888888889)"
14-12-2022 19:13:10.520799,"(5.0, 5.8, 5.687640449438202)","(3.1, 3.7, 3.655263157894737)","(61.0, 120.0, 105.0)","(4.2, 4.9, 4.850877192982456)","(41.0, 75.0, 68.82352941176471)","(5.5, 7.4, 7.3060402684563766)","(26.0, 32.0, 31.54385964912281)","(7.0, 8.4, 8.211764705882354)","(101.0, 380.0, 350.0)","(41.0, 55.0, 52.3)","(71.0, 130.0, 123.33333333333333)"
14-12-2022 19:13:11.761480,"(5.0, 5.8, 5.674285714285714)","(3.1, 3.7, 3.69)","(61.0, 120.0, 105.0)","(4.2, 4.9, 4.816216216216216)","(41.0, 70.0, 65.0)","(5.5, 7.4, 7.3060402684563766)","(26.0, 32.0, 31.54385964912281)","(7.0, 8.4, 8.211764705882354)","(101.0, 370.0, 350.0)","(41.0, 55.0, 52.3)","(71.0, 130.0, 125.83333333333333)"
14-12-2022 19:13:13.033206,"(5.0, 5.8, 5.667826086956522)","(3.1, 3.75, 3.7083333333333335)","(61.0, 120.0, 105.0)","(4.2, 4.8, 4.7679245283018865)","(41.0, 70.0, 66.66666666666667)","(5.5, 7.4, 7.299280575539568)","(26.0, 32.0, 31.54385964912281)","(7.0, 8.4, 8.211764705882354)","(101.0, 370.0, 350.0)","(41.0, 55.0, 52.3)","(71.0, 130.0, 126.36363636363636)"
14-12-2022 19:13:14.340857,"(5.0, 5.8, 5.667826086956522)","(3.1, 3.8, 3.741111111111111)","(61.0, 110.0, 107.0)","(4.2, 4.8, 4.74320987654321)","(41.0, 70.0, 66.66666666666667)","(5.5, 7.4, 7.296296296296297)","(26.0, 32.0, 31.54385964912281)","(7.0, 8.4, 8.211764705882354)","(101.0, 370.0, 350.0)","(41.0, 55.0, 52.3)","(71.0, 130.0, 126.36363636363636)"
14-12-2022 19:13:15.710444,"(5.0, 5.7, 5.651063829787234)","(3.1, 3.8, 3.7528301886792454)","(61.0, 110.0, 105.0)","(4.2, 4.8, 4.710416666666666)","(41.0, 70.0, 66.66666666666667)","(5.5, 7.4, 7.296296296296297)","(26.0, 32.0, 31.54385964912281)","(7.0, 8.4, 8.211764705882354)","(101.0, 370.0, 350.0)","(41.0, 55.0, 52.3)","(71.0, 130.0, 126.36363636363636)"
14-12-2022 19:13:17.087996,"(5.0, 5.7, 5.651063829787234)","(3.1, 3.8, 3.7528301886792454)","(61.0, 110.0, 105.0)","(4.2, 4.8, 4.710416666666666)","(41.0, 70.0, 66.66666666666667)","(5.5, 7.4, 7.296296296296297)","(26.0, 32.0, 31.54385964912281)","(7.0, 8.4, 8.211764705882354)","(101.0, 370.0, 350.0)","(41.0, 55.0, 52.3)","(71.0, 130.0, 126.36363636363636)"
14-12-2022 19:13:18.362589,"(5.0, 5.7, 5.651063829787234)","(3.1, 3.8, 3.751923076923077)","(61.0, 110.0, 105.0)","(4.2, 4.9, 4.819827586206896)","(41.0, 70.0, 66.66666666666667)","(5.5, 7.4, 7.273873873873874)","(26.0, 32.0, 31.54385964912281)","(7.0, 8.4, 8.211764705882354)","(101.0, 370.0, 350.0)","(41.0, 55.0, 52.3)","(71.0, 130.0, 126.36363636363636)"
14-12-2022 19:13:19.623911,"(5.0, 5.7, 5.636363636363637)","(3.1, 3.8, 3.7524271844660193)","(61.0, 110.0, 105.0)","(4.2, 4.9, 4.7615384615384615)","(41.0, 70.0, 66.66666666666667)","(5.5, 7.4, 7.17)","(26.0, 32.0, 31.54385964912281)","(7.0, 8.4, 8.211764705882354)","(101.0, 370.0, 350.0)","(41.0, 55.0, 52.3)","(71.0, 130.0, 126.36363636363636)"
14-12-2022 19:13:20.880949,"(5.0, 5.7, 5.631386861313869)","(3.1, 3.75, 3.732105263157895)","(61.0, 110.0, 106.0)","(4.2, 4.9, 4.7615384615384615)","(41.0, 70.0, 66.66666666666667)","(5.5, 7.2, 7.1716535433070865)","(26.0, 32.0, 31.54385964912281)","(7.0, 8.4, 8.21)","(101.0, 370.0, 350.0)","(41.0, 55.0, 52.3)","(71.0, 130.0, 126.36363636363636)"
14-12-2022 19:13:22.109957,"(5.0, 5.7, 5.631386861313869)","(3.1, 3.8, 3.749579831932773)","(61.0, 110.0, 107.14285714285714)","(4.2, 4.8, 4.733802816901409)","(41.0, 70.0, 66.66666666666667)","(5.5, 7.2, 7.1716535433070865)","(26.0, 32.0, 31.54385964912281)","(7.0, 8.4, 8.21)","(101.0, 370.0, 350.0)","(41.0, 55.0, 52.3)","(71.0, 130.0, 126.36363636363636)"
14-12-2022 19:13:23.365992,"(5.0, 5.7, 5.631386861313869)","(3.1, 3.8, 3.749579831932773)","(61.0, 110.0, 107.14285714285714)","(4.2, 4.8, 4.733802816901409)","(41.0, 70.0, 66.66666666666667)","(5.5, 7.2, 7.1716535433070865)","(26.0, 32.0, 31.527272727272727)","(7.0, 8.4, 8.21)","(101.0, 370.0, 350.0)","(41.0, 55.0, 52.3)","(71.0, 130.0, 127.33333333333333)"
14-12-2022 19:13:24.600199,"(5.0, 5.7, 5.631386861313869)","(3.1, 3.8, 3.752212389380531)","(61.0, 110.0, 107.14285714285714)","(4.2, 5.0, 4.834408602150537)","(41.0, 70.0, 66.66666666666667)","(5.5, 7.2, 7.175806451612903)","(26.0, 32.0, 31.527272727272727)","(7.0, 8.2, 8.077300613496933)","(101.0, 370.0, 350.0)","(41.0, 55.0, 50.5)","(71.0, 130.0, 123.33333333333333)"
14-12-2022 19:13:25.879752,"(5.0, 5.7, 5.631386861313869)","(3.1, 3.8, 3.752212389380531)","(61.0, 110.0, 107.14285714285714)","(4.2, 5.0, 4.834408602150537)","(41.0, 70.0, 66.66666666666667)","(5.5, 7.2, 7.175806451612903)","(26.0, 32.0, 31.527272727272727)","(7.0, 8.2, 8.077300613496933)","(101.0, 370.0, 350.0)","(41.0, 55.0, 52.75)","(71.0, 130.0, 123.33333333333333)"
14-12-2022 19:13:27.270644,"(5.0, 5.7, 5.60873786407767)","(3.1, 3.8, 3.752212389380531)","(61.0, 110.0, 107.77777777777777)","(4.2, 5.0, 4.834408602150537)","(41.0, 70.0, 67.85714285714286)","(5.5, 7.2, 7.188571428571429)","(26.0, 32.0, 31.527272727272727)","(7.0, 8.2, 8.07292817679558)","(101.0, 370.0, 350.0)","(41.0, 55.0, 52.75)","(71.0, 130.0, 123.33333333333333)"
14-12-2022 19:13:28.743339,"(5.0, 5.7, 5.6085714285714285)","(3.1, 3.75, 3.723478260869565)","(61.0, 110.0, 107.77777777777777)","(4.2, 5.0, 4.840963855421687)","(41.0, 70.0, 68.33333333333333)","(5.5, 7.4, 7.252713178294574)","(26.0, 32.0, 31.23076923076923)","(7.0, 8.2, 8.07292817679558)","(101.0, 370.0, 350.0)","(41.0, 60.0, 56.31578947368421)","(71.0, 130.0, 123.33333333333333)"
14-12-2022 19:13:30.073271,"(5.0, 5.7, 5.6141104294478525)","(3.1, 3.7, 3.695945945945946)","(61.0, 110.0, 110.0)","(4.2, 5.0, 4.870588235294117)","(41.0, 70.0, 66.25)","(5.5, 7.4, 7.270634920634921)","(26.0, 32.0, 29.933333333333334)","(7.0, 8.2, 8.07292817679558)","(101.0, 370.0, 350.0)","(41.0, 55.0, 58.25)","(71.0, 130.0, 123.33333333333333)"
14-12-2022 19:13:31.409269,"(5.0, 5.7, 5.6141104294478525)","(3.1, 3.7, 3.695945945945946)","(61.0, 120.0, 110.0)","(4.2, 5.0, 4.870588235294117)","(41.0, 70.0, 66.25)","(5.5, 7.4, 7.270634920634921)","(26.0, 30.0, 29.933333333333334)","(7.0, 8.2, 8.07292817679558)","(101.0, 370.0, 350.0)","(41.0, 60.0, 56.31578947368421)","(71.0, 130.0, 117.85714285714286)"
14-12-2022 19:13:32.834191,"(5.0, 5.7, 5.6174193548387095)","(3.1, 3.7, 3.6972222222222224)","(61.0, 110.0, 108.0)","(4.2, 5.0, 4.869306930693069)","(41.0, 70.0, 68.33333333333333)","(5.5, 7.4, 7.255752212389381)","(26.0, 30.0, 29.685714285714287)","(7.0, 8.2, 8.07810650887574)","(101.0, 370.0, 350.0)","(41.0, 60.0, 52.0)","(71.0, 120.0, 117.0)"
14-12-2022 19:13:34.295099,"(5.0, 5.8, 5.72)","(3.1, 3.7, 3.6973469387755102)","(61.0, 110.0, 108.0)","(4.2, 4.9, 4.876923076923077)","(41.0, 70.0, 68.33333333333333)","(5.5, 7.4, 7.255752212389381)","(26.0, 30.0, 29.685714285714287)","(7.0, 8.2, 8.038683127572016)","(101.0, 370.0, 350.0)","(41.0, 60.0, 57.0)","(71.0, 120.0, 117.85714285714286)"
14-12-2022 19:13:35.792608,"(5.0, 5.8, 5.743703703703703)","(3.1, 3.75, 3.7446938775510206)","(61.0, 110.0, 108.0)","(4.2, 4.8, 4.759876543209876)","(41.0, 70.0, 67.85714285714286)","(5.5, 7.4, 7.255752212389381)","(26.0, 30.0, 29.615384615384617)","(7.0, 8.2, 8.038842975206611)","(101.0, 370.0, 350.0)","(41.0, 60.0, 57.6)","(71.0, 120.0, 117.85714285714286)"
14-12-2022 19:13:37.107941,"(5.0, 5.9, 5.8173076923076925)","(3.1, 3.75, 3.7368)","(61.0, 110.0, 108.0)","(4.2, 4.8, 4.734343434343434)","(41.0, 70.0, 67.85714285714286)","(5.5, 7.4, 7.249074074074074)","(26.0, 30.0, 29.615384615384617)","(7.0, 8.2, 8.053012048192771)","(101.0, 370.0, 350.0)","(41.0, 60.0, 57.1764705882353)","(71.0, 120.0, 118.0)"
14-12-2022 19:13:38.367954,"(5.0, 5.9, 5.813157894736842)","(3.1, 3.75, 3.7379194630872483)","(61.0, 110.0, 108.0)","(4.2, 4.8, 4.747058823529412)","(41.0, 70.0, 67.85714285714286)","(5.5, 7.4, 7.249074074074074)","(26.0, 30.0, 29.615384615384617)","(7.0, 8.2, 8.053012048192771)","(101.0, 370.0, 350.0)","(41.0, 60.0, 57.1764705882353)","(71.0, 120.0, 115.0)"
14-12-2022 19:13:39.620134,"(5.0, 5.8, 5.768571428571429)","(3.1, 3.75, 3.7464285714285714)","(61.0, 110.0, 108.0)","(4.2, 4.8, 4.733333333333333)","(41.0, 70.0, 67.85714285714286)","(5.5, 7.6, 7.4672897196261685)","(26.0, 29.0, 28.805555555555557)","(7.0, 8.2, 8.053012048192771)","(101.0, 370.0, 350.0)","(41.0, 60.0, 57.1764705882353)","(71.0, 120.0, 117.0)"
14-12-2022 19:13:40.848228,"(5.0, 5.8, 5.766153846153846)","(3.1, 3.8, 3.7945075757575757)","(61.0, 110.0, 107.5)","(4.2, 4.8, 4.710204081632653)","(41.0, 70.0, 67.85714285714286)","(5.5, 7.6, 7.4672897196261685)","(26.0, 29.0, 28.74074074074074)","(7.0, 8.2, 7.961165048543689)","(101.0, 380.0, 338.75)","(41.0, 60.0, 49.714285714285715)","(71.0, 120.0, 117.0)"
14-12-2022 19:13:42.057907,"(5.0, 5.8, 5.76140350877193)","(3.1, 3.85, 3.82)","(61.0, 110.0, 107.5)","(4.2, 4.8, 4.706382978723404)","(41.0, 70.0, 67.85714285714286)","(5.5, 7.6, 7.515274949083503)","(26.0, 29.0, 28.526315789473685)","(7.0, 8.0, 7.961165048543689)","(101.0, 400.0, 338.75)","(41.0, 60.0, 49.714285714285715)","(71.0, 120.0, 117.0)"
14-12-2022 19:13:43.270424,"(5.0, 5.8, 5.768115942028985)","(3.1, 3.85, 3.8344827586206898)","(61.0, 110.0, 107.5)","(4.2, 4.7, 4.663235294117647)","(41.0, 70.0, 67.85714285714286)","(5.5, 7.6, 7.537897310513447)","(26.0, 28.0, 27.625)","(7.0, 8.0, 7.970454545454546)","(101.0, 400.0, 344.0)","(41.0, 60.0, 50.666666666666664)","(71.0, 120.0, 115.0)"
14-12-2022 19:13:44.516213,"(5.0, 5.8, 5.768115942028985)","(3.1, 3.9, 3.8686746987951808)","(61.0, 110.0, 107.5)","(4.2, 4.7, 4.639024390243902)","(41.0, 70.0, 68.42105263157895)","(5.5, 7.6, 7.527944572748268)","(26.0, 28.0, 27.76)","(7.0, 8.0, 7.970454545454546)","(101.0, 400.0, 344.0)","(41.0, 60.0, 49.5)","(71.0, 120.0, 115.0)"
14-12-2022 19:13:45.816523,"(5.0, 5.7, 5.672881355932203)","(3.1, 3.95, 3.8974576271186443)","(61.0, 110.0, 107.5)","(4.2, 4.7, 4.611888111888112)","(41.0, 70.0, 68.42105263157895)","(5.5, 7.6, 7.527944572748268)","(26.0, 28.0, 27.76)","(7.0, 8.0, 7.961194029850747)","(101.0, 400.0, 344.0)","(41.0, 60.0, 51.6)","(71.0, 120.0, 98.75)"
14-12-2022 19:13:47.421256,"(5.0, 5.7, 5.651515151515151)","(3.1, 3.95, 3.898)","(61.0, 110.0, 107.5)","(4.2, 4.7, 4.6045454545454545)","(41.0, 70.0, 68.42105263157895)","(5.5, 7.6, 7.527944572748268)","(21.0, 28.0, 27.76)","(7.0, 8.0, 7.961194029850747)","(101.0, 400.0, 335.8333333333333)","(41.0, 60.0, 53.53846153846154)","(71.0, 100.0, 104.0)"
14-12-2022 19:13:48.813785,"(5.0, 5.7, 5.67037037037037)","(3.1, 3.95, 3.905072463768116)","(61.0, 110.0, 107.77777777777777)","(4.2, 4.7, 4.6015625)","(41.0, 70.0, 68.42105263157895)","(5.5, 7.6, 7.523039215686275)","(21.0, 28.0, 27.76)","(7.0, 8.0, 7.9107692307692306)","(101.0, 400.0, 338.75)","(41.0, 60.0, 53.53846153846154)","(71.0, 110.0, 105.58823529411765)"
14-12-2022 19:13:50.274363,"(5.0, 5.7, 5.67037037037037)","(3.1, 3.95, 3.9053956834532375)","(61.0, 110.0, 107.77777777777777)","(4.2, 4.7, 4.6015625)","(41.0, 70.0, 68.42105263157895)","(5.5, 7.6, 7.522084367245657)","(21.0, 28.0, 27.76)","(7.0, 8.0, 7.9107692307692306)","(101.0, 400.0, 338.75)","(41.0, 60.0, 53.53846153846154)","(71.0, 110.0, 103.75)"
14-12-2022 19:13:51.692041,"(5.0, 5.7, 5.67037037037037)","(3.1, 3.95, 3.8956140350877195)","(61.0, 110.0, 107.77777777777777)","(4.2, 4.7, 4.65)","(41.0, 70.0, 68.57142857142857)","(5.5, 7.6, 7.524700239808153)","(21.0, 28.0, 27.785714285714285)","(7.0, 8.0, 7.9447368421052635)","(101.0, 400.0, 335.8333333333333)","(41.0, 60.0, 54.4)","(71.0, 110.0, 103.57142857142857)"
14-12-2022 19:13:53.186122,"(5.0, 5.8, 5.692682926829268)","(3.1, 3.95, 3.9151785714285716)","(61.0, 110.0, 108.18181818181819)","(4.2, 4.6, 4.598387096774193)","(41.0, 70.0, 68.57142857142857)","(5.5, 7.6, 7.524700239808153)","(21.0, 28.0, 27.916666666666668)","(7.0, 8.0, 7.95483870967742)","(101.0, 400.0, 338.75)","(41.0, 60.0, 48.7)","(71.0, 110.0, 103.57142857142857)"
14-12-2022 19:13:54.672762,"(5.0, 5.7, 5.647692307692307)","(3.1, 4.0, 3.9792553191489364)","(61.0, 110.0, 108.18181818181819)","(4.2, 4.6, 4.620253164556962)","(41.0, 70.0, 68.5)","(5.5, 7.6, 7.528132387706855)","(21.0, 28.0, 27.916666666666668)","(7.0, 8.0, 7.95483870967742)","(101.0, 400.0, 338.75)","(41.0, 55.0, 47.58620689655172)","(71.0, 110.0, 98.75)"
14-12-2022 19:13:56.202373,"(5.0, 5.5, 5.482291666666667)","(3.1, 4.1, 4.023655913978494)","(61.0, 110.0, 100.0)","(4.2, 4.7, 4.586585365853658)","(41.0, 70.0, 68.57142857142857)","(5.5, 7.6, 7.525853658536585)","(21.0, 28.0, 27.916666666666668)","(7.0, 8.0, 7.95483870967742)","(101.0, 400.0, 338.75)","(41.0, 48.0, 49.37931034482759)","(71.0, 110.0, 99.28571428571429)"
14-12-2022 19:13:57.662836,"(5.0, 5.6, 5.50126582278481)","(3.1, 4.1, 4.026455026455026)","(61.0, 110.0, 105.0)","(4.2, 4.6, 4.585987261146497)","(41.0, 70.0, 68.33333333333333)","(5.5, 7.6, 7.528301886792453)","(21.0, 28.0, 27.92)","(7.0, 8.0, 7.959259259259259)","(101.0, 400.0, 341.6666666666667)","(41.0, 50.0, 47.65714285714286)","(71.0, 110.0, 76.25)"
14-12-2022 19:13:59.022910,"(5.0, 5.6, 5.50126582278481)","(3.1, 4.1, 4.036818181818182)","(61.0, 110.0, 96.11111111111111)","(4.2, 4.6, 4.588271604938272)","(41.0, 70.0, 68.33333333333333)","(5.5, 7.6, 7.528301886792453)","(21.0, 28.0, 27.92)","(7.0, 8.0, 7.959259259259259)","(101.0, 400.0, 353.3333333333333)","(41.0, 48.0, 47.57142857142857)","(71.0, 80.0, 89.58333333333333)"
14-12-2022 19:14:00.326249,"(5.0, 5.6, 5.52741935483871)","(3.3, 4.1, 4.036818181818182)","(71.0, 110.0, 96.11111111111111)","(4.2, 4.7, 4.588271604938272)","(41.0, 70.0, 68.33333333333333)","(6.0, 7.6, 7.528301886792453)","(21.0, 28.0, 27.92)","(7.0, 8.0, 7.958260869565217)","(101.0, 400.0, 353.3333333333333)","(41.0, 48.0, 47.57142857142857)","(71.0, 100.0, 94.0)"
14-12-2022 19:14:01.711148,"(5.0, 5.6, 5.5069306930693065)","(3.3, 4.1, 4.029533678756477)","(71.0, 110.0, 96.11111111111111)","(4.2, 4.7, 4.620960698689956)","(41.0, 70.0, 69.375)","(6.0, 7.6, 7.525961538461538)","(21.0, 28.0, 27.90909090909091)","(7.0, 8.0, 7.939285714285714)","(101.0, 400.0, 353.3333333333333)","(41.0, 48.0, 46.5)","(71.0, 100.0, 93.33333333333333)"
14-12-2022 19:14:03.185353,"(5.0, 5.6, 5.5069306930693065)","(3.3, 4.1, 4.039555555555555)","(71.0, 110.0, 87.5)","(4.2, 4.6, 4.590155440414508)","(41.0, 75.0, 72.77777777777777)","(6.0, 7.6, 7.520710059171598)","(21.0, 28.0, 27.92)","(7.0, 8.0, 7.772222222222222)","(101.0, 400.0, 353.3333333333333)","(41.0, 48.0, 47.625)","(71.0, 95.0, 93.5)"
14-12-2022 19:14:04.584947,"(5.0, 5.6, 5.546478873239437)","(3.3, 4.1, 4.051801801801802)","(71.0, 100.0, 87.5)","(4.2, 4.6, 4.590155440414508)","(41.0, 75.0, 69.28571428571429)","(6.0, 7.6, 7.344910179640719)","(21.0, 28.0, 27.65714285714286)","(7.0, 7.8, 7.77956204379562)","(101.0, 400.0, 370.0)","(41.0, 48.0, 47.625)","(71.0, 95.0, 85.0)"
14-12-2022 19:14:05.938397,"(5.0, 5.5, 5.431294964028777)","(3.3, 4.2, 4.12073732718894)","(71.0, 85.0, 81.42857142857143)","(4.2, 4.7, 4.613145539906103)","(41.0, 75.0, 69.28571428571429)","(6.0, 7.4, 7.344910179640719)","(21.0, 28.0, 27.65714285714286)","(7.0, 7.8, 7.77956204379562)","(101.0, 400.0, 370.0)","(41.0, 48.0, 47.625)","(71.0, 90.0, 85.0)"
14-12-2022 19:14:07.285910,"(5.0, 5.3, 5.276027397260274)","(3.3, 4.2, 4.148148148148148)","(71.0, 85.0, 82.22222222222223)","(4.2, 4.8, 4.71)","(41.0, 75.0, 71.66666666666667)","(6.0, 7.6, 7.43298969072165)","(21.0, 27.0, 26.51063829787234)","(7.0, 8.0, 7.792753623188406)","(101.0, 400.0, 375.0)","(41.0, 48.0, 52.63157894736842)","(71.0, 95.0, 92.22222222222223)"
14-12-2022 19:14:08.699175,"(5.0, 5.3, 5.2214285714285715)","(3.3, 4.2, 4.159774436090226)","(71.0, 85.0, 81.36363636363636)","(4.2, 4.8, 4.747191011235955)","(41.0, 75.0, 73.57142857142857)","(6.0, 7.6, 7.425414364640885)","(21.0, 27.0, 26.51063829787234)","(7.0, 7.8, 7.792753623188406)","(101.0, 400.0, 375.0)","(41.0, 55.0, 48.666666666666664)","(71.0, 95.0, 93.63636363636364)"
14-12-2022 19:14:10.084644,"(5.0, 5.2, 5.186764705882353)","(3.3, 4.2, 4.165107913669065)","(61.0, 85.0, 81.15384615384616)","(4.2, 4.8, 4.761440677966101)","(41.0, 75.0, 74.0909090909091)","(6.0, 7.6, 7.343089430894309)","(21.0, 27.0, 26.555555555555557)","(7.0, 8.0, 7.840160642570281)","(101.0, 420.0, 385.0)","(41.0, 50.0, 48.666666666666664)","(71.0, 95.0, 92.85714285714286)"
14-12-2022 19:14:11.506502,"(5.0, 5.2, 5.126865671641791)","(3.3, 4.2, 4.164727272727273)","(61.0, 85.0, 81.36363636363636)","(4.2, 4.9, 4.972067039106145)","(41.0, 75.0, 74.28571428571429)","(6.0, 7.4, 7.030769230769231)","(21.0, 27.0, 26.75)","(7.0, 8.0, 7.873248407643312)","(101.0, 420.0, 385.0)","(41.0, 50.0, 48.18181818181818)","(71.0, 100.0, 94.0)"
14-12-2022 19:14:12.889056,"(5.0, 5.1, 5.093801652892561)","(3.4, 4.2, 4.168827160493827)","(61.0, 85.0, 82.14285714285714)","(4.2, 5.0, 4.972067039106145)","(41.0, 75.0, 74.28571428571429)","(6.0, 7.2, 7.030769230769231)","(21.0, 27.0, 26.705882352941178)","(7.0, 8.0, 7.893280632411067)","(101.0, 420.0, 385.0)","(41.0, 50.0, 47.523809523809526)","(71.0, 100.0, 94.4)"
14-12-2022 19:14:14.303869,"(5.0, 5.1, 5.087980769230769)","(3.4, 4.2, 4.169875776397515)","(61.0, 85.0, 82.33333333333333)","(4.2, 5.2, 5.134814814814814)","(41.0, 75.0, 74.375)","(6.0, 7.0, 6.82)","(21.0, 28.0, 27.285714285714285)","(7.0, 8.0, 7.891129032258064)","(101.0, 420.0, 396.6666666666667)","(41.0, 50.0, 47.523809523809526)","(71.0, 100.0, 89.44444444444444)"
14-12-2022 19:14:15.669317,"(4.8, 5.1, 5.087980769230769)","(3.4, 4.2, 4.16367816091954)","(61.0, 85.0, 82.05882352941177)","(4.2, 5.2, 5.155555555555556)","(41.0, 80.0, 79.90566037735849)","(6.0, 6.6, 6.595652173913043)","(21.0, 28.0, 27.285714285714285)","(7.0, 8.0, 7.888627450980392)","(101.0, 420.0, 380.0)","(41.0, 50.0, 47.523809523809526)","(71.0, 95.0, 89.44444444444444)"
14-12-2022 19:14:17.080658,"(4.8, 5.1, 5.08755980861244)","(3.4, 4.2, 4.183769633507853)","(61.0, 85.0, 83.88888888888889)","(4.2, 5.3, 5.185294117647058)","(41.0, 80.0, 79.72222222222223)","(6.0, 6.6, 6.50126582278481)","(21.0, 28.0, 27.285714285714285)","(7.0, 8.0, 7.891603053435114)","(101.0, 420.0, 380.0)","(41.0, 50.0, 47.73913043478261)","(71.0, 95.0, 89.44444444444444)"
14-12-2022 19:14:18.497635,"(4.8, 5.1, 5.098952879581152)","(3.4, 4.3, 4.227906976744186)","(61.0, 90.0, 86.66666666666667)","(4.2, 5.3, 5.180808080808081)","(41.0, 80.0, 79.73214285714286)","(6.0, 6.6, 6.440740740740741)","(21.0, 28.0, 28.103448275862068)","(7.0, 8.0, 8.050434782608695)","(101.0, 420.0, 368.57142857142856)","(41.0, 50.0, 44.74074074074074)","(71.0, 95.0, 100.35714285714286)"
14-12-2022 19:14:19.877792,"(4.8, 5.0, 4.936734693877551)","(3.4, 4.3, 4.283489096573208)","(61.0, 130.0, 120.45454545454545)","(4.2, 5.2, 5.162345679012346)","(41.0, 85.0, 82.06521739130434)","(6.0, 6.6, 6.442)","(21.0, 29.0, 28.147540983606557)","(7.0, 8.2, 8.063934426229508)","(101.0, 420.0, 375.0)","(41.0, 46.0, 44.827586206896555)","(71.0, 110.0, 102.5)"
14-12-2022 19:14:21.339218,"(4.8, 5.0, 4.939864864864865)","(3.4, 4.3, 4.290322580645161)","(61.0, 130.0, 123.8235294117647)","(4.4, 5.1, 5.047682119205298)","(41.0, 85.0, 80.78125)","(6.0, 6.6, 6.492307692307692)","(21.0, 29.0, 28.31578947368421)","(6.5, 8.2, 8.122388059701493)","(101.0, 420.0, 385.0)","(41.0, 46.0, 43.36666666666667)","(71.0, 110.0, 104.375)"
14-12-2022 19:14:22.836666,"(4.8, 5.0, 4.948543689320388)","(3.5, 4.4, 4.317004048582996)","(61.0, 130.0, 115.71428571428572)","(4.4, 5.1, 5.047540983606557)","(41.0, 85.0, 80.78125)","(6.0, 6.6, 6.450877192982456)","(21.0, 29.0, 28.36111111111111)","(7.0, 8.2, 8.12390243902439)","(101.0, 410.0, 385.0)","(41.0, 44.0, 43.391304347826086)","(71.0, 110.0, 100.625)"
14-12-2022 19:14:24.297847,"(4.8, 5.0, 5.114093959731544)","(3.5, 4.4, 4.323404255319149)","(61.0, 120.0, 107.5)","(4.4, 5.1, 4.97025641025641)","(41.0, 85.0, 80.80645161290323)","(6.0, 6.6, 6.363492063492064)","(21.0, 29.0, 28.333333333333332)","(7.0, 8.2, 8.12390243902439)","(101.0, 410.0, 385.0)","(41.0, 44.0, 42.93023255813954)","(71.0, 110.0, 100.625)"
14-12-2022 19:14:25.622465,"(4.8, 5.2, 5.114093959731544)","(3.5, 4.4, 4.323404255319149)","(71.0, 120.0, 107.5)","(4.4, 5.0, 4.984862385321101)","(41.0, 85.0, 81.17647058823529)","(6.0, 6.4, 6.347096774193549)","(21.0, 29.0, 25.010526315789473)","(7.0, 8.2, 8.265853658536585)","(101.0, 410.0, 385.0)","(41.0, 44.0, 43.21052631578947)","(71.0, 110.0, 102.05882352941177)"
14-12-2022 19:14:27.002072,"(4.8, 5.2, 5.107692307692307)","(3.5, 4.4, 4.326315789473684)","(71.0, 120.0, 111.0)","(4.4, 5.0, 4.952941176470588)","(41.0, 85.0, 81.57894736842105)","(6.0, 6.4, 6.358947368421053)","(21.0, 26.0, 24.86046511627907)","(7.0, 8.4, 8.527659574468085)","(101.0, 410.0, 385.0)","(41.0, 44.0, 42.91525423728814)","(71.0, 110.0, 102.5)"
14-12-2022 19:14:28.325360,"(4.8, 5.2, 5.107692307692307)","(3.5, 4.4, 4.326315789473684)","(71.0, 120.0, 111.0)","(4.4, 5.0, 4.952941176470588)","(41.0, 85.0, 81.57894736842105)","(6.0, 6.4, 6.358947368421053)","(21.0, 25.0, 24.86046511627907)","(7.0, 8.6, 8.527659574468085)","(101.0, 410.0, 385.0)","(41.0, 44.0, 42.91525423728814)","(71.0, 110.0, 102.5)"
14-12-2022 19:14:29.699626,"(4.8, 5.2, 5.1369426751592355)","(3.5, 4.5, 4.458181818181818)","(71.0, 120.0, 116.92307692307693)","(4.4, 4.8, 4.784657534246575)","(41.0, 85.0, 81.57894736842105)","(6.0, 6.4, 6.3563829787234045)","(21.0, 26.0, 25.77777777777778)","(7.0, 8.6, 8.504918032786886)","(101.0, 410.0, 385.0)","(41.0, 44.0, 42.6551724137931)","(71.0, 110.0, 101.81818181818181)"
14-12-2022 19:14:31.017419,"(4.8, 5.2, 5.168707482993197)","(3.5, 4.5, 4.438461538461539)","(71.0, 140.0, 131.72413793103448)","(4.4, 4.8, 4.780758807588076)","(41.0, 85.0, 81.66666666666667)","(6.0, 6.4, 6.3546391752577325)","(21.0, 26.0, 25.846153846153847)","(7.0, 8.6, 8.512280701754387)","(101.0, 410.0, 385.0)","(41.0, 44.0, 42.6551724137931)","(71.0, 110.0, 104.0)"
14-12-2022 19:14:32.330435,"(4.8, 5.2, 5.192405063291139)","(3.5, 4.4, 4.370588235294118)","(71.0, 120.0, 111.25)","(4.4, 4.8, 4.779420289855072)","(51.0, 85.0, 82.1590909090909)","(6.0, 6.4, 6.3546391752577325)","(21.0, 27.0, 25.956521739130434)","(7.0, 8.8, 8.663087248322148)","(101.0, 410.0, 390.0)","(41.0, 44.0, 42.6551724137931)","(71.0, 110.0, 104.0)"
14-12-2022 19:14:33.719184,"(4.6, 5.3, 5.203205128205129)","(3.5, 4.4, 4.3462962962962965)","(71.0, 110.0, 91.25)","(4.4, 4.8, 4.731538461538461)","(51.0, 85.0, 82.1590909090909)","(6.0, 6.4, 6.3512690355329955)","(21.0, 27.0, 25.642857142857142)","(7.0, 8.8, 8.548235294117648)","(101.0, 410.0, 390.0)","(41.0, 42.0, 38.76923076923077)","(71.0, 110.0, 104.0)"
14-12-2022 19:14:35.046201,"(4.6, 5.3, 5.1573099415204675)","(3.5, 4.5, 4.5512738853503185)","(71.0, 110.0, 87.08333333333333)","(4.4, 4.8, 4.680916030534351)","(51.0, 85.0, 82.19101123595506)","(6.0, 6.4, 6.350961538461538)","(21.0, 27.0, 25.733333333333334)","(7.0, 8.6, 8.566412213740458)","(101.0, 410.0, 400.0)","(41.0, 42.0, 38.22222222222222)","(71.0, 110.0, 104.0)"
14-12-2022 19:14:36.384991,"(4.6, 5.2, 5.179651162790698)","(3.5, 4.6, 4.5512738853503185)","(71.0, 110.0, 87.08333333333333)","(4.4, 4.7, 4.683467741935484)","(51.0, 85.0, 82.19101123595506)","(6.0, 6.4, 6.36304347826087)","(21.0, 27.0, 25.733333333333334)","(7.0, 8.6, 8.555555555555555)","(101.0, 420.0, 396.0)","(41.0, 40.0, 37.142857142857146)","(71.0, 110.0, 104.0)"
14-12-2022 19:14:37.683028,"(4.6, 5.2, 5.194594594594594)","(3.5, 4.6, 4.5134920634920634)","(71.0, 110.0, 98.66666666666666)","(4.4, 4.7, 4.732941176470588)","(51.0, 85.0, 84.16666666666667)","(6.0, 6.4, 6.390943396226415)","(21.0, 27.0, 26.073170731707318)","(7.0, 8.6, 8.789380530973451)","(101.0, 420.0, 395.0)","(41.0, 40.0, 37.91304347826087)","(71.0, 110.0, 104.0)"
14-12-2022 19:14:38.945167,"(4.6, 5.2, 5.188607594936709)","(3.5, 4.5, 4.435882352941177)","(61.0, 100.0, 96.96969696969697)","(4.4, 4.8, 4.675767918088737)","(51.0, 85.0, 84.16666666666667)","(6.0, 6.4, 6.411320754716981)","(21.0, 27.0, 26.3)","(7.0, 8.8, 8.778947368421052)","(101.0, 420.0, 395.0)","(41.0, 40.0, 37.833333333333336)","(71.0, 110.0, 104.0)"
14-12-2022 19:14:40.243211,"(4.6, 5.2, 5.1900369003690034)","(3.5, 4.5, 4.412796208530806)","(61.0, 100.0, 87.5)","(4.4, 4.7, 4.68671875)","(51.0, 85.0, 79.58333333333333)","(6.0, 6.6, 6.367708333333334)","(21.0, 27.0, 26.22222222222222)","(7.0, 8.8, 8.832258064516129)","(101.0, 420.0, 392.5)","(41.0, 40.0, 38.42424242424242)","(71.0, 110.0, 104.375)"
14-12-2022 19:14:41.564478,"(4.6, 5.3, 5.24875)","(3.6, 4.5, 4.405154639175258)","(61.0, 100.0, 91.0)","(4.4, 4.7, 4.715025906735751)","(51.0, 80.0, 79.52380952380952)","(6.0, 6.4, 6.345977011494253)","(21.0, 27.0, 26.22222222222222)","(7.0, 9.0, 8.846728971962616)","(101.0, 430.0, 395.0)","(31.0, 40.0, 38.375)","(71.0, 110.0, 104.375)"
14-12-2022 19:14:42.886770,"(4.6, 5.3, 5.289130434782608)","(3.6, 4.4, 4.36606334841629)","(61.0, 100.0, 97.85714285714286)","(4.4, 4.8, 4.715025906735751)","(51.0, 80.0, 79.52380952380952)","(6.0, 6.4, 6.392424242424243)","(21.0, 27.0, 26.377777777777776)","(7.0, 9.0, 8.837837837837837)","(101.0, 420.0, 395.0)","(31.0, 40.0, 38.375)","(71.0, 110.0, 104.375)"
14-12-2022 19:14:44.228359,"(4.6, 5.3, 5.2593984962406015)","(3.6, 4.4, 4.377544910179641)","(61.0, 100.0, 97.85714285714286)","(4.4, 4.8, 4.716915422885572)","(51.0, 80.0, 79.5)","(6.0, 6.4, 6.479024390243903)","(21.0, 27.0, 26.363636363636363)","(7.0, 9.0, 8.876190476190477)","(101.0, 420.0, 395.0)","(31.0, 40.0, 37.6551724137931)","(71.0, 110.0, 104.375)"
14-12-2022 19:14:45.558033,"(4.6, 5.1, 5.097560975609756)","(3.6, 4.5, 4.383955223880597)","(61.0, 100.0, 97.6)","(4.4, 4.8, 4.716915422885572)","(51.0, 80.0, 79.5)","(6.0, 6.6, 6.440993788819876)","(21.0, 27.0, 26.53846153846154)","(7.0, 9.0, 8.893150684931507)","(101.0, 420.0, 387.14285714285717)","(31.0, 40.0, 37.806451612903224)","(71.0, 110.0, 103.07692307692308)"
14-12-2022 19:14:46.905117,"(4.6, 5.1, 5.088770053475936)","(3.6, 4.4, 4.38804347826087)","(61.0, 100.0, 97.6923076923077)","(4.4, 4.8, 4.716025641025642)","(51.0, 80.0, 79.58333333333333)","(6.0, 6.6, 6.351851851851852)","(21.0, 27.0, 26.647058823529413)","(7.0, 9.0, 8.91)","(101.0, 430.0, 387.14285714285717)","(31.0, 40.0, 37.54545454545455)","(71.0, 110.0, 102.63157894736842)"
14-12-2022 19:14:48.227296,"(4.6, 5.2, 5.116022099447513)","(3.6, 4.5, 4.410632183908047)","(71.0, 100.0, 97.77777777777777)","(4.2, 4.7, 4.682089552238806)","(51.0, 80.0, 79.58333333333333)","(6.0, 6.4, 6.351851851851852)","(21.0, 27.0, 26.647058823529413)","(7.0, 9.0, 8.91)","(101.0, 430.0, 387.14285714285717)","(31.0, 40.0, 37.54545454545455)","(71.0, 110.0, 102.63157894736842)"
14-12-2022 19:14:49.499896,"(4.6, 5.1, 5.076023391812865)","(3.6, 4.5, 4.416825396825397)","(71.0, 100.0, 89.28571428571429)","(4.2, 4.7, 4.6799019607843135)","(51.0, 80.0, 79.58333333333333)","(6.0, 6.6, 6.4186046511627906)","(21.0, 27.0, 26.7)","(7.0, 9.0, 8.910526315789474)","(101.0, 370.0, 366.0)","(31.0, 40.0, 37.54545454545455)","(71.0, 110.0, 102.63157894736842)"
14-12-2022 19:14:50.835639,"(4.6, 5.1, 5.008791208791209)","(3.6, 4.5, 4.456005056890013)","(71.0, 100.0, 97.91666666666667)","(4.2, 4.8, 4.71182108626198)","(51.0, 90.0, 81.21212121212122)","(6.0, 6.6, 6.508928571428571)","(21.0, 28.0, 26.772727272727273)","(7.0, 8.8, 8.696440129449838)","(101.0, 400.0, 382.85714285714283)","(31.0, 40.0, 39.16981132075472)","(71.0, 110.0, 106.42857142857143)"
14-12-2022 19:14:52.133955,"(4.6, 5.0, 4.999378881987577)","(3.6, 4.5, 4.464650537634409)","(71.0, 110.0, 102.5)","(4.2, 4.8, 4.704697986577181)","(51.0, 90.0, 85.64516129032258)","(6.0, 6.6, 6.435428571428572)","(21.0, 28.0, 26.680851063829788)","(7.0, 8.8, 8.633725490196078)","(101.0, 400.0, 390.0)","(31.0, 40.0, 39.16981132075472)","(71.0, 110.0, 106.42857142857143)"
14-12-2022 19:14:53.553248,"(4.6, 5.0, 4.9965753424657535)","(3.6, 4.5, 4.460806916426513)","(71.0, 110.0, 99.0625)","(4.2, 4.8, 4.703424657534247)","(51.0, 90.0, 85.64516129032258)","(6.0, 6.6, 6.468493150684932)","(21.0, 28.0, 26.526315789473685)","(7.0, 8.8, 8.540983606557377)","(101.0, 400.0, 390.0)","(31.0, 40.0, 39.375)","(71.0, 110.0, 104.73684210526315)"
14-12-2022 19:14:54.913702,"(4.6, 5.0, 4.979213483146068)","(3.6, 4.5, 4.463363363363364)","(71.0, 110.0, 88.6)","(4.2, 4.8, 4.658041958041958)","(51.0, 90.0, 85.35714285714286)","(5.5, 6.6, 6.484)","(21.0, 28.0, 27.61111111111111)","(7.0, 8.6, 8.538333333333334)","(101.0, 400.0, 390.0)","(31.0, 40.0, 39.353846153846156)","(71.0, 110.0, 104.73684210526315)"
14-12-2022 19:14:56.301921,"(4.6, 5.1, 5.0245098039215685)","(3.6, 4.5, 4.463458646616542)","(71.0, 95.0, 87.38095238095238)","(4.2, 4.7, 4.658041958041958)","(51.0, 90.0, 85.35714285714286)","(5.5, 6.6, 6.474594594594595)","(21.0, 28.0, 27.676923076923078)","(7.0, 8.6, 8.532773109243697)","(101.0, 400.0, 383.75)","(31.0, 40.0, 39.294117647058826)","(71.0, 110.0, 100.0)"
14-12-2022 19:14:57.800474,"(4.6, 5.1, 5.017277486910995)","(3.6, 4.5, 4.463109756097561)","(71.0, 90.0, 88.84615384615384)","(4.2, 4.7, 4.791836734693877)","(51.0, 90.0, 87.17391304347827)","(5.5, 6.6, 6.584810126582278)","(21.0, 28.0, 28.580645161290324)","(7.0, 8.6, 8.688888888888888)","(101.0, 410.0, 383.75)","(31.0, 40.0, 41.57575757575758)","(71.0, 110.0, 99.34782608695652)"
14-12-2022 19:14:59.208538,"(4.6, 5.1, 5.08076109936575)","(3.6, 4.4, 4.330144927536232)","(71.0, 90.0, 88.63636363636364)","(4.2, 4.8, 4.791836734693877)","(51.0, 90.0, 87.17391304347827)","(5.5, 6.6, 6.5636363636363635)","(21.0, 29.0, 27.857142857142858)","(7.0, 8.8, 8.693401015228426)","(101.0, 410.0, 383.75)","(31.0, 42.0, 41.3125)","(71.0, 100.0, 106.11111111111111)"
14-12-2022 19:15:00.637741,"(4.6, 5.1, 5.074834437086093)","(3.7, 4.4, 4.328970588235294)","(71.0, 90.0, 88.80952380952381)","(4.2, 4.8, 4.790178571428571)","(51.0, 90.0, 87.17391304347827)","(5.5, 6.6, 6.5636363636363635)","(21.0, 28.0, 27.857142857142858)","(7.0, 8.8, 8.692030848329049)","(101.0, 410.0, 383.75)","(31.0, 42.0, 41.5)","(71.0, 110.0, 106.61290322580645)"
14-12-2022 19:15:02.023472,"(4.6, 5.2, 5.127118644067797)","(3.7, 4.4, 4.322094926350245)","(71.0, 90.0, 89.44444444444444)","(4.2, 4.8, 4.714049586776859)","(51.0, 90.0, 87.29166666666667)","(5.5, 6.6, 6.637137989778535)","(21.0, 28.0, 27.868852459016395)","(7.0, 8.8, 8.699760191846522)","(101.0, 410.0, 386.6666666666667)","(31.0, 42.0, 41.80952380952381)","(71.0, 110.0, 106.81818181818181)"
14-12-2022 19:15:03.481240,"(4.6, 5.1, 5.098850574712643)","(3.7, 4.4, 4.310912698412698)","(61.0, 90.0, 88.92156862745098)","(4.2, 4.8, 4.733757961783439)","(51.0, 90.0, 87.09677419354838)","(5.5, 6.8, 6.665507246376811)","(21.0, 28.0, 25.57894736842105)","(7.0, 8.8, 8.712471655328798)","(101.0, 410.0, 365.0)","(31.0, 42.0, 42.032786885245905)","(71.0, 110.0, 101.66666666666667)"
14-12-2022 19:15:04.912698,"(4.6, 5.2, 5.144871794871794)","(3.7, 4.3, 4.273766816143498)","(61.0, 95.0, 90.3030303030303)","(4.2, 4.8, 4.753252032520325)","(51.0, 90.0, 87.1875)","(5.5, 6.8, 6.683123425692695)","(21.0, 26.0, 26.09090909090909)","(7.0, 8.8, 8.709128630705395)","(101.0, 410.0, 376.0)","(31.0, 44.0, 42.11764705882353)","(71.0, 110.0, 102.38095238095238)"
14-12-2022 19:15:06.359550,"(4.6, 5.2, 5.152486187845303)","(3.7, 4.3, 4.225590551181103)","(61.0, 95.0, 90.15625)","(4.2, 4.8, 4.745959595959596)","(51.0, 90.0, 87.14285714285714)","(5.5, 6.8, 6.65233644859813)","(21.0, 27.0, 25.57894736842105)","(7.0, 8.8, 8.707399577167019)","(101.0, 430.0, 368.42105263157896)","(31.0, 44.0, 40.75)","(71.0, 110.0, 102.0)"
14-12-2022 19:15:07.739996,"(4.6, 5.2, 5.154010695187166)","(3.7, 4.4, 4.312974051896208)","(61.0, 95.0, 88.8)","(4.2, 4.8, 4.73395061728395)","(51.0, 90.0, 86.84210526315789)","(5.5, 6.8, 6.634385964912281)","(21.0, 26.0, 25.272727272727273)","(7.0, 8.8, 8.708315565031983)","(101.0, 430.0, 380.0)","(31.0, 42.0, 40.57142857142857)","(71.0, 110.0, 102.0)"
14-12-2022 19:15:09.091238,"(4.6, 5.2, 5.196969696969697)","(3.7, 4.4, 4.255510860820595)","(61.0, 95.0, 90.60606060606061)","(4.2, 4.8, 4.76948051948052)","(51.0, 90.0, 87.09677419354838)","(5.5, 6.8, 6.602597402597402)","(21.0, 26.0, 25.727272727272727)","(7.0, 8.8, 8.8896)","(101.0, 420.0, 380.0)","(31.0, 42.0, 41.142857142857146)","(71.0, 110.0, 103.33333333333333)"
14-12-2022 19:15:10.418393,"(4.6, 5.2, 5.145333333333333)","(3.7, 4.3, 4.254761904761905)","(61.0, 95.0, 90.85714285714286)","(4.2, 4.8, 4.795454545454545)","(51.0, 90.0, 87.23076923076923)","(5.5, 6.8, 6.630656934306569)","(21.0, 26.0, 26.47826086956522)","(7.0, 9.0, 8.906493506493506)","(101.0, 420.0, 366.6666666666667)","(31.0, 42.0, 37.68)","(71.0, 110.0, 104.07407407407408)"
14-12-2022 19:15:11.754369,"(4.6, 5.2, 5.147715736040609)","(3.7, 4.3, 4.256850870552611)","(61.0, 95.0, 90.97222222222223)","(4.2, 4.8, 4.816470588235294)","(51.0, 90.0, 87.27272727272727)","(5.5, 6.8, 6.504489795918367)","(21.0, 27.0, 26.272727272727273)","(7.0, 9.0, 8.867889908256881)","(101.0, 420.0, 364.0)","(31.0, 38.0, 37.724137931034484)","(71.0, 110.0, 104.28571428571429)"
14-12-2022 19:15:13.134527,"(4.6, 5.2, 5.1461928934010155)","(3.7, 4.3, 4.257440476190476)","(61.0, 95.0, 90.97222222222223)","(4.2, 4.9, 4.816216216216216)","(51.0, 90.0, 87.27272727272727)","(5.5, 6.6, 6.517251908396947)","(21.0, 27.0, 26.466666666666665)","(7.0, 9.0, 8.876288659793815)","(101.0, 400.0, 364.0)","(31.0, 38.0, 38.883720930232556)","(71.0, 110.0, 104.48275862068965)"
14-12-2022 19:15:14.479758,"(4.6, 5.2, 5.125352112676056)","(3.7, 4.3, 4.260691823899371)","(61.0, 95.0, 90.97222222222223)","(4.2, 4.9, 4.83741935483871)","(51.0, 90.0, 87.27272727272727)","(5.5, 6.6, 6.517251908396947)","(21.0, 27.0, 26.36)","(7.0, 9.0, 8.858823529411765)","(101.0, 400.0, 360.0)","(31.0, 40.0, 38.97435897435897)","(71.0, 110.0, 104.48275862068965)"
14-12-2022 19:15:15.860703,"(4.6, 5.2, 5.129139072847682)","(3.7, 4.3, 4.263020408163265)","(61.0, 95.0, 90.97222222222223)","(4.2, 4.9, 4.83489932885906)","(51.0, 90.0, 87.5)","(5.5, 6.6, 6.518153846153846)","(21.0, 27.0, 26.5)","(7.0, 9.0, 8.858823529411765)","(101.0, 420.0, 360.0)","(31.0, 40.0, 38.97435897435897)","(71.0, 110.0, 104.48275862068965)"
14-12-2022 19:15:17.228883,"(4.6, 5.2, 5.1137096774193544)","(3.7, 4.3, 4.263020408163265)","(61.0, 95.0, 90.97222222222223)","(4.2, 4.9, 4.831690140845071)","(51.0, 90.0, 87.5)","(5.5, 6.6, 6.518153846153846)","(20.0, 27.0, 26.551724137931036)","(7.5, 9.0, 8.858823529411765)","(101.0, 420.0, 360.0)","(31.0, 40.0, 38.97435897435897)","(71.0, 110.0, 104.48275862068965)"
14-12-2022 19:15:18.575967,"(4.6, 5.2, 5.113385826771653)","(3.7, 4.3, 4.263875598086124)","(61.0, 95.0, 91.28205128205128)","(4.2, 4.9, 4.8465608465608465)","(51.0, 90.0, 87.61904761904762)","(5.5, 6.6, 6.523279648609077)","(20.0, 27.0, 26.735294117647058)","(7.5, 9.0, 8.882352941176471)","(101.0, 420.0, 360.0)","(31.0, 40.0, 39.130434782608695)","(71.0, 110.0, 104.83870967741936)"
14-12-2022 19:15:19.937219,"(4.6, 5.2, 5.134715025906735)","(3.7, 4.3, 4.263875598086124)","(61.0, 95.0, 91.28205128205128)","(4.2, 4.9, 4.8465608465608465)","(51.0, 90.0, 87.61904761904762)","(5.5, 6.6, 6.523232323232323)","(20.0, 27.0, 26.666666666666668)","(7.5, 9.0, 8.91891891891892)","(101.0, 420.0, 360.0)","(31.0, 40.0, 39.130434782608695)","(71.0, 110.0, 104.83870967741936)"
14-12-2022 19:15:21.213497,"(4.6, 5.2, 5.125)","(3.7, 4.3, 4.264077669902912)","(71.0, 95.0, 91.28205128205128)","(4.2, 4.9, 4.8511235955056184)","(51.0, 90.0, 87.61904761904762)","(5.5, 6.6, 6.523232323232323)","(21.0, 27.0, 26.666666666666668)","(7.0, 9.0, 8.795918367346939)","(101.0, 420.0, 360.0)","(31.0, 40.0, 41.15151515151515)","(71.0, 110.0, 104.83870967741936)"
14-12-2022 19:15:22.583203,"(4.6, 5.2, 5.137623762376237)","(3.7, 4.3, 4.263449848024316)","(71.0, 95.0, 91.28205128205128)","(4.2, 4.9, 4.770461095100864)","(51.0, 90.0, 87.54098360655738)","(5.5, 6.6, 6.543771043771043)","(21.0, 27.0, 26.666666666666668)","(7.0, 8.8, 8.867680608365019)","(101.0, 420.0, 360.0)","(31.0, 42.0, 40.810810810810814)","(71.0, 110.0, 105.0)"
14-12-2022 19:15:23.883851,"(4.6, 5.1, 5.096)","(3.7, 4.3, 4.267710843373494)","(71.0, 95.0, 91.28205128205128)","(4.2, 4.8, 4.770461095100864)","(51.0, 90.0, 87.54098360655738)","(5.5, 6.6, 6.5305426356589145)","(21.0, 27.0, 26.857142857142858)","(7.0, 9.0, 8.862450592885375)","(101.0, 420.0, 360.0)","(31.0, 42.0, 40.810810810810814)","(71.0, 110.0, 105.0)"
14-12-2022 19:15:25.297774,"(4.6, 5.2, 5.139130434782609)","(3.7, 4.3, 4.267675159235669)","(71.0, 95.0, 92.0)","(4.2, 4.8, 4.763211678832117)","(51.0, 90.0, 87.61904761904762)","(5.5, 6.6, 6.534323922734027)","(21.0, 27.0, 26.896551724137932)","(7.0, 9.0, 8.862365591397849)","(101.0, 420.0, 377.14285714285717)","(31.0, 42.0, 40.9)","(71.0, 110.0, 105.15151515151516)"
14-12-2022 19:15:26.687775,"(4.6, 5.1, 5.0421955403087475)","(3.7, 4.4, 4.308964143426294)","(71.0, 95.0, 92.11538461538461)","(4.2, 4.8, 4.760935350756534)","(51.0, 90.0, 87.61904761904762)","(5.5, 6.6, 6.534323922734027)","(21.0, 27.0, 26.62962962962963)","(7.0, 9.0, 8.589887640449438)","(101.0, 420.0, 377.14285714285717)","(31.0, 42.0, 40.9)","(71.0, 110.0, 113.84615384615384)"
14-12-2022 19:15:28.133361,"(4.6, 5.1, 5.037773722627737)","(3.7, 4.4, 4.32859375)","(71.0, 95.0, 92.11538461538461)","(4.2, 4.8, 4.764255910987482)","(51.0, 90.0, 87.65625)","(5.5, 6.6, 6.5363503649635035)","(21.0, 27.0, 27.176470588235293)","(7.0, 8.6, 8.552999999999999)","(101.0, 420.0, 377.14285714285717)","(31.0, 42.0, 41.04347826086956)","(71.0, 120.0, 111.11111111111111)"
14-12-2022 19:15:29.514373,"(4.6, 5.0, 4.9976401179941)","(3.7, 4.4, 4.325848142164782)","(71.0, 95.0, 92.22222222222223)","(4.2, 4.8, 4.767219387755102)","(51.0, 90.0, 87.82608695652173)","(5.5, 6.6, 6.5404371584699454)","(21.0, 28.0, 27.391304347826086)","(7.0, 8.6, 8.575925925925926)","(101.0, 420.0, 377.14285714285717)","(31.0, 42.0, 40.333333333333336)","(71.0, 120.0, 111.11111111111111)"
14-12-2022 19:15:30.925887,"(4.6, 5.1, 5.055851063829787)","(3.7, 4.4, 4.340926640926641)","(71.0, 95.0, 92.66666666666667)","(4.2, 4.8, 4.767219387755102)","(51.0, 90.0, 87.82608695652173)","(5.5, 6.6, 6.5158301158301155)","(21.0, 28.0, 28.181818181818183)","(7.0, 8.6, 8.55438596491228)","(101.0, 420.0, 377.14285714285717)","(31.0, 42.0, 40.333333333333336)","(71.0, 120.0, 111.11111111111111)"
14-12-2022 19:15:32.346847,"(4.6, 5.1, 5.0546875)","(3.7, 4.4, 4.341863354037267)","(71.0, 95.0, 92.65625)","(4.2, 4.8, 4.843150684931507)","(51.0, 90.0, 88.42105263157895)","(5.5, 6.6, 6.5173831775700934)","(21.0, 29.0, 25.54945054945055)","(7.5, 8.6, 8.58974358974359)","(101.0, 420.0, 377.14285714285717)","(31.0, 42.0, 40.666666666666664)","(71.0, 120.0, 112.0)"
14-12-2022 19:15:33.739872,"(4.6, 5.1, 5.044936708860759)","(3.7, 4.4, 4.341863354037267)","(71.0, 95.0, 92.65625)","(4.2, 4.9, 4.843150684931507)","(51.0, 90.0, 88.42105263157895)","(5.5, 6.6, 6.513333333333334)","(21.0, 26.0, 27.352941176470587)","(7.5, 8.6, 8.55054945054945)","(101.0, 420.0, 377.14285714285717)","(31.0, 42.0, 40.666666666666664)","(71.0, 120.0, 112.0)"
14-12-2022 19:15:35.120855,"(4.6, 5.0, 4.987859424920128)","(3.7, 4.4, 4.342336683417085)","(71.0, 95.0, 92.65625)","(4.2, 4.9, 4.8539682539682545)","(51.0, 90.0, 88.42105263157895)","(5.5, 6.6, 6.513333333333334)","(21.0, 28.0, 27.352941176470587)","(7.5, 8.6, 8.55054945054945)","(101.0, 420.0, 377.14285714285717)","(31.0, 42.0, 40.666666666666664)","(71.0, 120.0, 112.0)"
14-12-2022 19:15:36.516931,"(4.6, 5.0, 4.987859424920128)","(3.7, 4.4, 4.342336683417085)","(71.0, 95.0, 92.65625)","(4.2, 4.9, 4.8539682539682545)","(51.0, 90.0, 88.42105263157895)","(5.5, 6.6, 6.513333333333334)","(21.0, 28.0, 27.352941176470587)","(7.5, 8.6, 8.55054945054945)","(101.0, 420.0, 377.14285714285717)","(31.0, 42.0, 40.666666666666664)","(71.0, 120.0, 112.0)"
14-12-2022 19:15:37.926485,"(4.6, 5.0, 4.976231884057971)","(3.7, 4.4, 4.340926640926641)","(71.0, 95.0, 93.15789473684211)","(4.2, 4.9, 4.89165120593692)","(51.0, 90.0, 88.38235294117646)","(5.5, 6.6, 6.524054982817869)","(21.0, 28.0, 27.16)","(7.5, 8.6, 8.552879581151831)","(101.0, 420.0, 400.0)","(31.0, 36.0, 34.16)","(71.0, 120.0, 109.6774193548387)"
14-12-2022 19:15:39.355376,"(4.6, 5.0, 4.9326388888888895)","(3.6, 4.4, 4.343611793611793)","(71.0, 95.0, 93.2051282051282)","(4.2, 5.0, 4.923255813953489)","(51.0, 90.0, 88.40579710144928)","(5.5, 6.6, 6.526455906821964)","(21.0, 28.0, 27.22222222222222)","(7.0, 8.6, 8.556204379562043)","(101.0, 420.0, 395.0)","(31.0, 36.0, 34.285714285714285)","(71.0, 110.0, 109.6875)"
14-12-2022 19:15:40.683990,"(4.6, 5.0, 4.933333333333334)","(3.6, 4.4, 4.339445910290237)","(71.0, 95.0, 90.77777777777777)","(4.2, 5.0, 4.923255813953489)","(51.0, 90.0, 88.42857142857143)","(5.5, 6.6, 6.527090301003344)","(21.0, 28.0, 27.676923076923078)","(7.0, 8.6, 8.552857142857142)","(101.0, 420.0, 395.0)","(31.0, 36.0, 34.285714285714285)","(71.0, 110.0, 109.6875)"
14-12-2022 19:15:42.046706,"(4.6, 5.0, 4.9318007662835255)","(3.7, 4.4, 4.339445910290237)","(71.0, 95.0, 90.77777777777777)","(4.2, 5.0, 4.923255813953489)","(51.0, 90.0, 88.42857142857143)","(5.5, 6.6, 6.526455906821964)","(21.0, 28.0, 27.8)","(7.5, 8.6, 8.551470588235293)","(101.0, 420.0, 395.0)","(31.0, 36.0, 34.24761904761905)","(71.0, 110.0, 109.72222222222223)"
14-12-2022 19:15:43.399778,"(4.6, 5.0, 4.923156342182891)","(3.7, 4.4, 4.341355463347164)","(71.0, 95.0, 90.77777777777777)","(4.2, 5.0, 4.914285714285715)","(51.0, 90.0, 88.42857142857143)","(5.5, 6.6, 6.525597269624574)","(21.0, 28.0, 27.8)","(7.5, 8.6, 8.527472527472527)","(101.0, 420.0, 395.0)","(31.0, 36.0, 34.24761904761905)","(71.0, 110.0, 109.72222222222223)"
14-12-2022 19:15:44.777000,"(4.6, 5.0, 4.9405940594059405)","(3.7, 4.4, 4.341168289290682)","(71.0, 95.0, 90.77777777777777)","(4.2, 5.0, 4.914285714285715)","(51.0, 90.0, 88.45070422535211)","(5.5, 6.6, 6.526599326599326)","(21.0, 28.0, 27.80701754385965)","(7.0, 8.6, 8.528260869565218)","(101.0, 420.0, 378.57142857142856)","(31.0, 36.0, 34.264150943396224)","(71.0, 110.0, 109.72222222222223)"
14-12-2022 19:15:46.135747,"(4.6, 5.0, 4.941142857142857)","(3.7, 4.4, 4.337976539589443)","(71.0, 95.0, 90.77777777777777)","(4.2, 5.0, 4.934010152284264)","(51.0, 90.0, 88.67647058823529)","(5.5, 6.6, 6.528407224958949)","(21.0, 28.0, 27.81967213114754)","(7.0, 8.6, 8.535922330097087)","(101.0, 430.0, 378.57142857142856)","(31.0, 36.0, 36.833333333333336)","(71.0, 110.0, 109.72972972972973)"
14-12-2022 19:15:47.558410,"(4.6, 5.0, 4.946719681908549)","(3.7, 4.4, 4.310759493670886)","(71.0, 95.0, 83.33333333333334)","(4.2, 5.0, 7.359259259259259)","(51.0, 90.0, 73.0)","(5.5, 6.6, 7.015384615384615)","(21.0, 28.0, 37.61363636363636)","(7.0, 8.6, 10.955555555555556)","(101.0, 430.0, 290.0)","(31.0, 38.0, 53.0)","(71.0, 110.0, 126.66666666666666)"
14-12-2022 19:15:48.874649,"(4.6, 6.0, 4.461538461538462)","(3.7, 5.0, 4.1525423728813555)","(71.0, 150.0, 83.33333333333334)","(4.4, 7.4, 7.359259259259259)","(51.0, 100.0, 88.0)","(5.5, 7.4, 7.015384615384615)","(21.0, 38.0, 26.16)","(7.0, 11.5, 10.955555555555556)","(101.0, 480.0, 9100.0)","(31.0, 65.0, 43.0)","(71.0, 250.0, 204.28571428571428)"
14-12-2022 19:15:50.151927,"(4.6, 6.0, 4.461538461538462)","(3.7, 5.0, 4.1525423728813555)","(71.0, 150.0, 83.33333333333334)","(4.4, 7.4, 7.359259259259259)","(51.0, 130.0, 73.0)","(5.5, 7.4, 7.015384615384615)","(21.0, 27.0, 26.16)","(7.0, 11.5, 11.412121212121212)","(101.0, 99999, 693.3333333333334)","(31.0, 50.0, 39.0)","(71.0, 250.0, 198.33333333333334)"
14-12-2022 19:15:51.433436,"(4.6, 4.9, 4.238235294117647)","(3.7, 5.0, 4.1525423728813555)","(71.0, 120.0, 85.0)","(4.4, 7.2, 7.089285714285714)","(51.0, 100.0, 112.5)","(5.5, 7.4, 7.015384615384615)","(21.0, 27.0, 31.75)","(7.0, 11.5, 11.329411764705883)","(101.0, 810.0, 746.3636363636364)","(31.0, 44.0, 39.0)","(71.0, 220.0, 162.22222222222223)"
14-12-2022 19:15:52.676113,"(4.6, 4.9, 4.238235294117647)","(3.7, 4.7, 4.63)","(71.0, 120.0, 85.0)","(4.4, 7.2, 7.089285714285714)","(51.0, 120.0, 112.5)","(5.5, 7.4, 7.015384615384615)","(21.0, 32.0, 31.75)","(7.0, 11.5, 11.329411764705883)","(101.0, 810.0, 746.3636363636364)","(31.0, 44.0, 39.0)","(71.0, 220.0, 162.22222222222223)"
14-12-2022 19:15:53.926575,"(4.6, 6.0, 4.421052631578947)","(3.7, 4.7, 4.63)","(71.0, 190.0, 185.45454545454547)","(4.4, 7.2, 7.087951807228916)","(51.0, 110.0, 80.0)","(5.5, 7.4, 7.015384615384615)","(21.0, 32.0, 31.75)","(7.0, 11.5, 11.412121212121212)","(101.0, 670.0, 619.090909090909)","(31.0, 23.0, 19.804347826086957)","(71.0, 210.0, 113.33333333333334)"
14-12-2022 19:15:55.154026,"(4.6, 5.9, 5.452941176470588)","(3.7, 6.8, 5.76)","(71.0, 300.0, 240.0)","(4.4, 7.4, 7.359259259259259)","(51.0, 100.0, 73.0)","(5.5, 7.4, 7.015384615384615)","(21.0, 32.0, 31.75)","(7.0, 11.5, 11.412121212121212)","(101.0, 670.0, 608.8888888888889)","(31.0, 23.0, 19.88888888888889)","(71.0, 200.0, 110.0)"
14-12-2022 19:15:56.441925,"(4.6, 4.0, 3.8941176470588235)","(3.7, 6.8, 6.7859649122807015)","(71.0, 480.0, 416.6666666666667)","(4.4, 7.4, 7.359259259259259)","(51.0, 100.0, 73.0)","(5.5, 7.4, 7.015384615384615)","(21.0, 32.0, 31.75)","(7.0, 11.5, 11.412121212121212)","(101.0, 670.0, 608.8888888888889)","(31.0, 23.0, 19.88888888888889)","(71.0, 200.0, 110.0)"
14-12-2022 19:15:57.820587,"(4.6, 4.0, 3.925)","(3.7, 6.8, 6.78600583090379)","(71.0, 99999, 6782.666666666667)","(4.4, 7.4, 7.359259259259259)","(51.0, 110.0, 105.0)","(5.5, 7.4, 7.057142857142857)","(21.0, 32.0, 31.75)","(7.0, 8.6, 6.691428571428571)","(101.0, 670.0, 635.5555555555555)","(31.0, 23.0, 19.88888888888889)","(71.0, 190.0, 127.5)"
