,Jabali,Magic Sign,Henry Maguire,Better Fly,Robyns Shadow,Cool Idea,Paradise Valley,Durrant,Ngaroma,Haley Robyn,Sagwitch
14-12-2022 13:41:25.708286,"(41.0, 310.0, 213.33333333333334)","(3.2, 3.45, 3.402941176470588)","(6.0, 8.8, 6.885714285714285)","(3.2, 4.1, 4.125)","(5.0, 6.2, 6.0600000000000005)","(61.0, 99999, 390.0)","(21.0, 110.0, 87.71428571428571)","(41.0, 290.0, 166.0)","(51.0, 540.0, 216.66666666666666)","(11.0, 27.0, 17.333333333333332)","(12.0, 18.5, 16.5)"
14-12-2022 13:41:27.633110,"(41.0, 300.0, 213.33333333333334)","(3.2, 3.45, 3.402941176470588)","(6.0, 8.6, 7.2)","(3.2, 4.2, 3.966666666666667)","(5.0, 6.2, 6.0600000000000005)","(61.0, 500.0, 390.0)","(21.0, 110.0, 87.71428571428571)","(41.0, 290.0, 166.0)","(51.0, 540.0, 216.66666666666666)","(11.0, 27.0, 17.333333333333332)","(12.0, 18.5, 16.5)"
14-12-2022 13:41:29.455246,"(41.0, 300.0, 213.33333333333334)","(3.2, 3.45, 3.402941176470588)","(6.0, 8.4, 7.2)","(3.2, 4.0, 3.966666666666667)","(5.0, 6.2, 5.949999999999999)","(61.0, 500.0, 390.0)","(21.0, 110.0, 87.71428571428571)","(41.0, 290.0, 166.0)","(51.0, 540.0, 216.66666666666666)","(11.0, 27.0, 17.333333333333332)","(12.0, 18.5, 16.5)"
14-12-2022 13:41:31.128342,"(41.0, 300.0, 213.33333333333334)","(3.2, 3.45, 3.402941176470588)","(6.0, 8.4, 6.866666666666666)","(3.2, 4.0, 3.972)","(5.0, 6.8, 5.769230769230769)","(61.0, 500.0, 402.2222222222222)","(21.0, 110.0, 87.71428571428571)","(41.0, 290.0, 166.0)","(51.0, 540.0, 216.66666666666666)","(11.0, 27.0, 17.333333333333332)","(12.0, 18.5, 16.25)"
14-12-2022 13:41:32.789593,"(41.0, 300.0, 213.33333333333334)","(3.2, 3.45, 3.4055555555555554)","(6.0, 8.2, 6.866666666666666)","(3.2, 4.0, 3.9333333333333336)","(5.0, 6.2, 5.640000000000001)","(61.0, 500.0, 402.2222222222222)","(21.0, 110.0, 87.71428571428571)","(41.0, 290.0, 166.0)","(51.0, 540.0, 216.66666666666666)","(11.0, 27.0, 17.333333333333332)","(12.0, 18.0, 15.375)"
14-12-2022 13:41:34.477506,"(41.0, 300.0, 213.33333333333334)","(3.2, 3.45, 3.402941176470588)","(6.0, 8.2, 7.0)","(3.2, 4.0, 3.7714285714285714)","(5.0, 6.2, 5.84)","(61.0, 500.0, 402.2222222222222)","(21.0, 110.0, 87.71428571428571)","(41.0, 290.0, 166.0)","(51.0, 540.0, 302.5)","(11.0, 27.0, 17.333333333333332)","(12.0, 18.0, 15.375)"
14-12-2022 13:41:36.182074,"(41.0, 300.0, 145.2)","(3.2, 3.45, 3.402941176470588)","(6.0, 8.2, 7.574999999999999)","(3.2, 3.8, 3.9147058823529415)","(5.0, 6.0, 5.885714285714286)","(61.0, 500.0, 239.0)","(21.0, 110.0, 72.0)","(41.0, 290.0, 141.2)","(51.0, 550.0, 302.5)","(11.0, 27.0, 17.333333333333332)","(12.0, 18.0, 15.375)"
14-12-2022 13:41:37.840502,"(41.0, 300.0, 145.2)","(3.2, 3.45, 3.402941176470588)","(6.0, 9.2, 7.7)","(3.2, 3.95, 3.8590909090909093)","(5.0, 6.0, 5.6)","(61.0, 500.0, 239.0)","(21.0, 110.0, 72.0)","(41.0, 290.0, 141.2)","(51.0, 550.0, 302.5)","(11.0, 27.0, 17.333333333333332)","(12.0, 18.0, 15.375)"
14-12-2022 13:41:39.467892,"(41.0, 300.0, 145.2)","(3.2, 3.45, 3.402941176470588)","(6.0, 8.8, 8.0)","(3.2, 3.95, 3.742857142857143)","(5.0, 5.9, 5.728571428571429)","(61.0, 500.0, 239.0)","(21.0, 110.0, 84.66666666666666)","(41.0, 290.0, 141.2)","(51.0, 550.0, 302.5)","(11.0, 27.0, 17.333333333333332)","(12.0, 18.0, 15.357142857142858)"
14-12-2022 13:41:41.201508,"(41.0, 300.0, 145.2)","(3.2, 3.45, 3.4055555555555554)","(6.0, 8.6, 8.054545454545455)","(3.2, 3.8, 3.57)","(5.0, 5.9, 5.728571428571429)","(61.0, 500.0, 239.0)","(21.0, 110.0, 84.66666666666666)","(41.0, 290.0, 141.2)","(51.0, 550.0, 302.5)","(11.0, 27.0, 17.666666666666668)","(12.0, 17.5, 15.357142857142858)"
14-12-2022 13:41:42.935932,"(41.0, 300.0, 145.2)","(3.2, 3.45, 3.4055555555555554)","(6.0, 8.6, 8.054545454545455)","(3.2, 3.65, 3.5749999999999997)","(5.0, 5.9, 5.65)","(61.0, 500.0, 239.0)","(21.0, 110.0, 84.66666666666666)","(41.0, 290.0, 141.2)","(51.0, 550.0, 302.5)","(11.0, 27.0, 19.75)","(12.0, 17.5, 15.7)"
14-12-2022 13:41:44.658311,"(41.0, 300.0, 146.4)","(3.2, 3.45, 3.4105263157894736)","(6.0, 8.6, 7.6)","(3.2, 3.7, 3.6642857142857146)","(5.0, 5.9, 5.566666666666667)","(61.0, 500.0, 239.0)","(21.0, 110.0, 84.66666666666666)","(41.0, 290.0, 141.2)","(51.0, 550.0, 302.5)","(11.0, 27.0, 17.333333333333332)","(12.0, 17.5, 15.7)"
14-12-2022 13:41:46.395796,"(41.0, 300.0, 146.4)","(3.2, 3.45, 3.4105263157894736)","(6.0, 8.4, 7.6)","(3.2, 3.7, 3.675)","(5.0, 6.2, 5.566666666666667)","(61.0, 500.0, 239.0)","(21.0, 110.0, 84.66666666666666)","(41.0, 290.0, 141.2)","(51.0, 550.0, 302.5)","(11.0, 27.0, 17.333333333333332)","(12.0, 17.5, 16.428571428571427)"
14-12-2022 13:41:48.051486,"(41.0, 300.0, 146.4)","(3.2, 3.45, 3.6307692307692307)","(6.0, 8.4, 7.8999999999999995)","(3.2, 3.75, 3.66)","(5.0, 6.2, 5.9)","(61.0, 500.0, 280.0)","(21.0, 110.0, 73.0)","(41.0, 290.0, 93.2)","(51.0, 550.0, 305.0)","(11.0, 27.0, 17.333333333333332)","(12.0, 17.0, 16.0)"
14-12-2022 13:41:49.812411,"(41.0, 300.0, 96.8)","(3.2, 3.65, 3.625)","(6.0, 8.2, 7.8999999999999995)","(3.2, 3.75, 3.6621951219512194)","(5.0, 6.0, 5.55)","(61.0, 490.0, 280.0)","(21.0, 110.0, 73.0)","(41.0, 290.0, 93.2)","(51.0, 550.0, 305.0)","(11.0, 27.0, 21.4)","(12.0, 17.0, 16.0)"
14-12-2022 13:41:51.654226,"(41.0, 300.0, 96.8)","(3.2, 3.7, 3.6357142857142857)","(6.0, 8.2, 7.949999999999999)","(3.2, 3.7, 3.7026315789473685)","(5.0, 6.0, 5.760000000000001)","(61.0, 490.0, 280.0)","(21.0, 110.0, 70.66666666666666)","(41.0, 290.0, 105.5)","(51.0, 550.0, 220.0)","(11.0, 27.0, 17.333333333333332)","(12.0, 17.0, 17.333333333333332)"
14-12-2022 13:41:53.425919,"(41.0, 300.0, 109.5)","(3.2, 3.7, 3.6357142857142857)","(6.0, 8.2, 7.8)","(3.2, 3.75, 3.7026315789473685)","(5.0, 5.9, 5.825)","(61.0, 490.0, 280.0)","(21.0, 140.0, 70.66666666666666)","(41.0, 290.0, 105.5)","(51.0, 540.0, 220.0)","(11.0, 27.0, 17.333333333333332)","(12.0, 21.0, 16.0)"
14-12-2022 13:41:55.065763,"(41.0, 300.0, 109.5)","(3.2, 3.7, 3.6357142857142857)","(6.0, 8.0, 7.75)","(3.2, 3.75, 3.7026315789473685)","(5.0, 5.9, 5.800000000000001)","(61.0, 490.0, 280.0)","(21.0, 140.0, 70.66666666666666)","(41.0, 290.0, 105.5)","(51.0, 540.0, 220.0)","(11.0, 27.0, 21.4)","(12.0, 21.0, 18.0)"
14-12-2022 13:41:56.722082,"(41.0, 300.0, 109.5)","(3.2, 3.7, 3.6357142857142857)","(6.0, 8.0, 7.75)","(3.2, 3.75, 3.7026315789473685)","(5.0, 5.9, 5.775)","(61.0, 490.0, 280.0)","(21.0, 140.0, 70.66666666666666)","(41.0, 290.0, 104.0)","(51.0, 540.0, 220.0)","(11.0, 27.0, 22.666666666666664)","(12.0, 20.0, 17.857142857142858)"
14-12-2022 13:41:58.602165,"(41.0, 300.0, 109.5)","(3.2, 3.7, 3.72)","(6.0, 7.8, 7.6)","(3.2, 3.75, 3.7026315789473685)","(5.0, 5.9, 5.581818181818182)","(61.0, 490.0, 280.0)","(21.0, 140.0, 70.66666666666666)","(41.0, 290.0, 104.0)","(51.0, 540.0, 220.0)","(11.0, 27.0, 18.333333333333332)","(12.0, 20.0, 18.75)"
14-12-2022 13:42:00.469729,"(41.0, 300.0, 109.5)","(3.2, 3.75, 3.72)","(6.0, 7.8, 7.449999999999999)","(3.2, 3.75, 3.7026315789473685)","(5.0, 5.9, 5.8090909090909095)","(61.0, 490.0, 280.0)","(21.0, 140.0, 70.66666666666666)","(41.0, 290.0, 166.0)","(51.0, 540.0, 220.0)","(11.0, 27.0, 24.5)","(12.0, 20.0, 18.5)"
14-12-2022 13:42:02.258797,"(41.0, 300.0, 84.0)","(3.2, 3.75, 3.72)","(6.0, 7.6, 7.449999999999999)","(3.2, 3.75, 3.7026315789473685)","(5.0, 5.9, 5.8090909090909095)","(61.0, 490.0, 280.0)","(21.0, 140.0, 70.66666666666666)","(41.0, 290.0, 126.0)","(51.0, 540.0, 154.0)","(11.0, 27.0, 22.2)","(12.0, 19.5, 18.25)"
14-12-2022 13:42:03.948410,"(41.0, 300.0, 84.0)","(3.2, 3.75, 3.7)","(6.0, 7.4, 7.08)","(3.2, 3.8, 3.5456521739130435)","(5.0, 5.9, 5.78888888888889)","(61.0, 500.0, 213.33333333333334)","(21.0, 140.0, 70.66666666666666)","(41.0, 290.0, 167.0)","(51.0, 530.0, 154.0)","(11.0, 27.0, 22.2)","(12.0, 19.5, 19.02)"
14-12-2022 13:42:05.779118,"(41.0, 300.0, 84.0)","(3.2, 3.75, 3.664285714285714)","(6.0, 7.6, 7.171428571428572)","(3.2, 3.8, 3.5681818181818183)","(5.0, 5.9, 5.7)","(61.0, 500.0, 213.33333333333334)","(21.0, 140.0, 87.0)","(41.0, 290.0, 167.0)","(51.0, 530.0, 154.0)","(11.0, 27.0, 18.333333333333332)","(13.0, 19.5, 17.7)"
14-12-2022 13:42:07.480461,"(41.0, 300.0, 82.28571428571428)","(3.2, 3.75, 3.664285714285714)","(6.0, 7.4, 7.171428571428572)","(3.2, 3.75, 3.5142857142857142)","(5.0, 5.9, 5.760000000000001)","(61.0, 500.0, 213.33333333333334)","(21.0, 140.0, 87.0)","(41.0, 290.0, 167.0)","(51.0, 530.0, 154.0)","(11.0, 27.0, 22.0)","(13.0, 19.5, 18.375)"
14-12-2022 13:42:09.070011,"(41.0, 300.0, 82.28571428571428)","(3.2, 3.75, 3.664285714285714)","(6.0, 7.4, 7.171428571428572)","(3.2, 3.6, 3.525)","(5.0, 5.9, 5.800000000000001)","(61.0, 500.0, 168.0)","(21.0, 140.0, 87.0)","(41.0, 290.0, 167.0)","(51.0, 530.0, 154.0)","(11.0, 27.0, 19.333333333333332)","(13.0, 19.5, 18.357142857142858)"
14-12-2022 13:42:10.730128,"(41.0, 300.0, 82.28571428571428)","(3.2, 3.75, 3.7125)","(6.0, 7.4, 7.0285714285714285)","(3.2, 3.6, 3.525)","(5.0, 5.9, 5.6)","(61.0, 560.0, 168.0)","(21.0, 140.0, 87.0)","(41.0, 290.0, 167.0)","(51.0, 530.0, 154.0)","(11.0, 27.0, 21.5)","(13.0, 19.5, 18.7)"
14-12-2022 13:42:12.537250,"(41.0, 300.0, 82.28571428571428)","(3.2, 3.85, 3.7285714285714286)","(6.0, 7.2, 7.0285714285714285)","(3.2, 3.6, 3.525)","(5.0, 5.9, 5.728571428571429)","(61.0, 560.0, 168.0)","(21.0, 140.0, 87.0)","(41.0, 290.0, 167.0)","(51.0, 530.0, 154.0)","(11.0, 27.0, 21.5)","(13.0, 19.5, 15.833333333333334)"
14-12-2022 13:42:14.288791,"(41.0, 300.0, 82.28571428571428)","(3.2, 3.9, 3.69375)","(6.0, 7.2, 7.0285714285714285)","(3.2, 3.6, 3.63)","(5.0, 5.9, 5.814285714285715)","(61.0, 560.0, 168.0)","(21.0, 140.0, 87.0)","(41.0, 290.0, 167.0)","(51.0, 530.0, 154.0)","(11.0, 27.0, 19.333333333333332)","(13.0, 19.5, 18.5)"
14-12-2022 13:42:15.936499,"(41.0, 300.0, 82.28571428571428)","(3.2, 3.85, 3.69375)","(6.0, 7.2, 6.8769230769230765)","(3.2, 3.65, 3.6214285714285714)","(5.0, 5.9, 5.443478260869566)","(61.0, 560.0, 168.0)","(21.0, 140.0, 60.5)","(41.0, 290.0, 167.0)","(51.0, 530.0, 154.0)","(11.0, 27.0, 21.5)","(13.0, 19.5, 18.642857142857142)"
14-12-2022 13:42:17.667751,"(41.0, 300.0, 173.0)","(3.2, 3.85, 3.73)","(6.0, 7.8, 7.175)","(3.2, 3.65, 3.5454545454545454)","(5.0, 5.9, 5.5600000000000005)","(61.0, 560.0, 310.0)","(21.0, 140.0, 106.0)","(41.0, 290.0, 184.57142857142858)","(51.0, 530.0, 290.0)","(11.0, 27.0, 19.666666666666668)","(13.0, 19.5, 19.0)"
14-12-2022 13:42:19.304889,"(41.0, 290.0, 229.0)","(3.2, 3.85, 3.7456521739130433)","(6.0, 7.8, 7.3)","(3.2, 3.55, 3.6153846153846154)","(5.0, 5.8, 5.5600000000000005)","(61.0, 550.0, 310.0)","(21.0, 130.0, 98.0)","(41.0, 290.0, 167.0)","(51.0, 520.0, 210.0)","(11.0, 27.0, 21.5)","(13.0, 19.5, 18.642857142857142)"
14-12-2022 13:42:21.047434,"(41.0, 290.0, 208.66666666666666)","(3.2, 3.85, 3.7456521739130433)","(6.0, 7.6, 8.879999999999999)","(3.2, 3.65, 3.639772727272727)","(5.0, 5.8, 5.714285714285714)","(61.0, 550.0, 310.0)","(21.0, 130.0, 83.0)","(41.0, 290.0, 107.0)","(51.0, 510.0, 210.0)","(11.0, 27.0, 24.142857142857142)","(13.0, 19.5, 19.0)"
14-12-2022 13:42:22.697643,"(41.0, 290.0, 169.0)","(3.2, 3.85, 3.8038461538461537)","(6.0, 9.6, 8.77142857142857)","(3.2, 3.65, 3.6153846153846154)","(5.0, 5.8, 5.714285714285714)","(61.0, 550.0, 310.0)","(21.0, 130.0, 83.0)","(41.0, 290.0, 107.0)","(51.0, 510.0, 206.66666666666666)","(11.0, 27.0, 24.88888888888889)","(13.0, 19.5, 19.0)"
14-12-2022 13:42:24.449788,"(41.0, 290.0, 125.33333333333333)","(3.2, 3.85, 3.7923076923076926)","(6.0, 9.2, 8.742857142857144)","(3.2, 3.65, 3.626923076923077)","(5.0, 5.8, 5.566666666666666)","(61.0, 550.0, 223.33333333333334)","(21.0, 130.0, 64.0)","(41.0, 280.0, 124.0)","(51.0, 490.0, 167.5)","(12.0, 26.0, 23.166666666666668)","(13.0, 19.5, 18.5)"
14-12-2022 13:42:26.118155,"(41.0, 280.0, 125.33333333333333)","(3.2, 3.85, 3.8333333333333335)","(6.0, 9.0, 8.444444444444445)","(3.2, 3.65, 3.6227272727272726)","(5.0, 5.7, 5.566666666666666)","(61.0, 530.0, 220.0)","(21.0, 120.0, 64.0)","(41.0, 280.0, 124.0)","(51.0, 490.0, 167.5)","(12.0, 26.0, 22.0)","(13.0, 19.5, 18.25)"
14-12-2022 13:42:27.775822,"(41.0, 280.0, 125.33333333333333)","(3.2, 3.9, 4.1863636363636365)","(6.0, 9.0, 8.133333333333333)","(3.2, 3.65, 3.6227272727272726)","(5.0, 5.7, 5.566666666666666)","(61.0, 520.0, 220.0)","(21.0, 120.0, 64.0)","(41.0, 280.0, 124.0)","(51.0, 490.0, 167.5)","(12.0, 26.0, 17.666666666666668)","(13.0, 19.5, 18.785714285714285)"
14-12-2022 13:42:29.494633,"(41.0, 280.0, 125.33333333333333)","(3.2, 4.2, 3.8026315789473686)","(6.0, 8.8, 8.15)","(3.2, 3.65, 3.6227272727272726)","(5.0, 5.7, 5.352173913043478)","(61.0, 520.0, 220.0)","(21.0, 120.0, 64.0)","(41.0, 280.0, 124.0)","(51.0, 490.0, 200.0)","(12.0, 26.0, 17.5)","(13.0, 19.5, 18.785714285714285)"
14-12-2022 13:42:31.315896,"(41.0, 280.0, 125.33333333333333)","(3.2, 4.0, 3.7934782608695654)","(6.0, 8.8, 7.977777777777778)","(3.2, 3.65, 3.7736486486486487)","(5.0, 5.9, 5.44)","(61.0, 520.0, 216.66666666666666)","(21.0, 120.0, 64.0)","(41.0, 280.0, 124.0)","(51.0, 480.0, 200.0)","(12.0, 25.0, 17.5)","(13.0, 19.5, 18.25)"
14-12-2022 13:42:32.926990,"(41.0, 280.0, 186.39999999999998)","(3.2, 4.0, 3.789189189189189)","(6.0, 8.6, 7.977777777777778)","(3.2, 3.8, 3.605)","(5.0, 5.9, 5.447619047619048)","(61.0, 510.0, 332.0)","(21.0, 120.0, 98.0)","(41.0, 280.0, 122.66666666666667)","(51.0, 480.0, 196.66666666666666)","(12.0, 25.0, 16.875)","(13.0, 19.5, 18.25)"
14-12-2022 13:42:34.485230,"(41.0, 280.0, 186.39999999999998)","(3.2, 4.0, 3.791666666666667)","(6.0, 8.6, 7.62)","(3.2, 3.8, 3.6227272727272726)","(5.0, 5.9, 5.449999999999999)","(61.0, 510.0, 213.33333333333334)","(21.0, 120.0, 98.0)","(41.0, 280.0, 122.66666666666667)","(51.0, 480.0, 348.85714285714283)","(12.0, 25.0, 19.31818181818182)","(13.0, 19.0, 18.428571428571427)"
14-12-2022 13:42:36.113362,"(41.0, 280.0, 176.28571428571428)","(3.2, 3.95, 3.7795454545454548)","(6.0, 8.6, 7.666666666666667)","(3.2, 3.8, 3.5944444444444446)","(5.0, 5.8, 5.32)","(61.0, 510.0, 361.6666666666667)","(21.0, 120.0, 176.0)","(41.0, 280.0, 126.0)","(51.0, 470.0, 328.6666666666667)","(12.0, 25.0, 20.0)","(13.0, 19.5, 18.785714285714285)"
14-12-2022 13:42:37.857400,"(41.0, 350.0, 180.57142857142856)","(3.2, 3.95, 3.7795454545454548)","(6.0, 8.6, 7.685714285714286)","(3.2, 3.6, 3.59375)","(5.0, 5.8, 5.4)","(61.0, 510.0, 210.0)","(21.0, 200.0, 176.0)","(41.0, 290.0, 126.0)","(51.0, 470.0, 328.6666666666667)","(12.0, 25.0, 20.0)","(13.0, 19.5, 18.428571428571427)"
14-12-2022 13:42:39.416341,"(41.0, 360.0, 180.57142857142856)","(3.2, 3.95, 3.7795454545454548)","(6.0, 8.4, 7.685714285714286)","(3.2, 3.6, 3.59375)","(5.0, 5.8, 5.4)","(61.0, 500.0, 210.0)","(21.0, 200.0, 176.0)","(41.0, 290.0, 126.0)","(51.0, 470.0, 288.0)","(12.0, 25.0, 15.416666666666666)","(13.0, 19.0, 18.6)"
14-12-2022 13:42:41.240769,"(41.0, 360.0, 180.57142857142856)","(3.2, 3.95, 3.805769230769231)","(6.0, 8.4, 7.981818181818182)","(3.2, 3.65, 3.5300000000000002)","(5.0, 5.6, 5.518181818181818)","(61.0, 500.0, 287.5)","(21.0, 200.0, 181.33333333333334)","(41.0, 290.0, 208.66666666666666)","(51.0, 530.0, 480.7142857142858)","(12.0, 25.0, 19.5)","(13.0, 19.0, 18.428571428571427)"
14-12-2022 13:42:43.026379,"(41.0, 360.0, 203.0)","(3.2, 3.95, 3.881818181818182)","(6.0, 8.8, 8.072727272727274)","(3.2, 3.65, 3.5300000000000002)","(5.0, 5.6, 5.518181818181818)","(61.0, 500.0, 287.5)","(21.0, 200.0, 181.33333333333334)","(41.0, 290.0, 208.66666666666666)","(51.0, 550.0, 480.7142857142858)","(12.0, 25.0, 20.6)","(13.0, 19.0, 18.071428571428573)"
14-12-2022 13:42:45.130121,"(41.0, 360.0, 199.0)","(3.2, 4.1, 3.7738095238095237)","(6.0, 8.8, 7.6625000000000005)","(3.2, 3.6, 3.4772727272727275)","(5.0, 5.6, 5.4875)","(61.0, 500.0, 290.0)","(21.0, 200.0, 145.42857142857142)","(41.0, 290.0, 262.66666666666663)","(51.0, 550.0, 300.0)","(12.0, 25.0, 20.6)","(13.0, 18.5, 18.071428571428573)"
14-12-2022 13:42:46.969797,"(41.0, 350.0, 274.5)","(3.2, 4.0, 3.79)","(6.0, 8.8, 7.5)","(3.2, 3.6, 3.831818181818182)","(5.0, 5.6, 5.657142857142857)","(61.0, 500.0, 290.0)","(21.0, 190.0, 112.0)","(41.0, 400.0, 282.66666666666663)","(51.0, 520.0, 295.0)","(12.0, 25.0, 17.666666666666668)","(13.0, 18.5, 17.0)"
14-12-2022 13:42:48.835773,"(41.0, 350.0, 274.5)","(3.2, 3.95, 3.85)","(6.0, 8.8, 7.733333333333333)","(3.2, 3.85, 4.3125)","(5.0, 5.8, 5.5777777777777775)","(61.0, 500.0, 290.0)","(21.0, 190.0, 112.0)","(41.0, 400.0, 137.14285714285714)","(51.0, 520.0, 295.0)","(12.0, 25.0, 20.5)","(13.0, 18.5, 20.266666666666666)"
14-12-2022 13:42:50.546031,"(41.0, 350.0, 274.5)","(3.2, 3.95, 3.85)","(6.0, 8.4, 7.800000000000001)","(3.2, 4.4, 3.4042372881355933)","(5.0, 5.8, 5.5777777777777775)","(61.0, 500.0, 290.0)","(21.0, 190.0, 112.0)","(41.0, 360.0, 137.14285714285714)","(51.0, 520.0, 295.0)","(12.0, 25.0, 20.5)","(13.0, 24.0, 20.0)"
14-12-2022 13:42:52.323002,"(41.0, 350.0, 274.5)","(3.2, 3.95, 3.683333333333333)","(6.0, 8.4, 7.78888888888889)","(3.2, 3.65, 3.466666666666667)","(5.0, 5.8, 5.6125)","(61.0, 500.0, 332.0)","(21.0, 190.0, 127.6)","(41.0, 360.0, 137.14285714285714)","(51.0, 520.0, 295.0)","(12.0, 25.0, 19.545454545454547)","(13.0, 23.0, 19.0)"
14-12-2022 13:42:53.882036,"(41.0, 350.0, 274.5)","(3.2, 3.95, 3.496153846153846)","(6.0, 8.8, 8.200000000000001)","(3.2, 3.6, 3.466666666666667)","(5.0, 5.8, 5.477777777777778)","(61.0, 500.0, 332.0)","(21.0, 190.0, 127.6)","(41.0, 360.0, 137.14285714285714)","(51.0, 520.0, 295.0)","(12.0, 25.0, 20.714285714285715)","(13.0, 23.0, 19.444444444444443)"
14-12-2022 13:42:55.444135,"(41.0, 350.0, 274.5)","(3.2, 3.55, 3.4187499999999997)","(6.0, 8.4, 8.309090909090909)","(3.2, 3.6, 3.6714285714285717)","(5.0, 5.9, 5.44)","(61.0, 500.0, 332.0)","(21.0, 190.0, 145.42857142857142)","(41.0, 360.0, 165.0)","(51.0, 520.0, 295.0)","(12.0, 25.0, 18.25)","(13.0, 23.0, 19.333333333333332)"
14-12-2022 13:42:56.975784,"(41.0, 350.0, 274.5)","(3.2, 3.55, 3.673684210526316)","(6.0, 8.4, 8.08)","(3.2, 3.7, 3.6875)","(5.0, 5.9, 5.44)","(61.0, 500.0, 332.0)","(21.0, 190.0, 145.42857142857142)","(41.0, 360.0, 165.0)","(51.0, 520.0, 295.0)","(12.0, 25.0, 17.5)","(13.0, 21.0, 19.125)"
14-12-2022 13:42:58.391768,"(41.0, 350.0, 274.5)","(3.2, 3.7, 3.673684210526316)","(6.0, 8.4, 8.0)","(3.2, 3.7, 3.692)","(5.0, 5.9, 5.4071428571428575)","(61.0, 500.0, 332.0)","(21.0, 190.0, 145.42857142857142)","(41.0, 360.0, 165.0)","(51.0, 520.0, 295.0)","(12.0, 25.0, 19.81818181818182)","(13.0, 21.0, 19.125)"
14-12-2022 13:43:00.017248,"(41.0, 350.0, 274.5)","(3.2, 4.0, 3.825)","(6.0, 8.4, 8.261538461538462)","(3.2, 3.7, 3.692)","(5.0, 5.9, 5.44)","(61.0, 500.0, 285.0)","(21.0, 190.0, 109.6)","(41.0, 360.0, 229.2)","(51.0, 520.0, 290.0)","(12.0, 25.0, 21.57142857142857)","(13.0, 21.0, 19.125)"
14-12-2022 13:43:01.680709,"(41.0, 340.0, 133.33333333333331)","(3.2, 3.95, 3.75)","(6.0, 8.8, 8.172413793103448)","(3.2, 3.7, 4.573076923076924)","(5.0, 5.9, 5.4071428571428575)","(61.0, 490.0, 182.85714285714286)","(21.0, 160.0, 109.6)","(41.0, 350.0, 194.0)","(51.0, 510.0, 197.5)","(12.0, 24.0, 19.363636363636363)","(13.0, 21.0, 19.125)"
14-12-2022 13:43:03.321540,"(41.0, 300.0, 110.0)","(3.2, 3.95, 3.7986486486486486)","(6.0, 8.8, 8.35)","(3.2, 4.7, 3.8125)","(5.0, 5.9, 5.6)","(61.0, 440.0, 313.33333333333337)","(21.0, 160.0, 121.0)","(41.0, 340.0, 160.8)","(51.0, 410.0, 317.5)","(12.0, 24.0, 21.45)","(13.0, 20.0, 19.0)"
14-12-2022 13:43:04.814903,"(41.0, 290.0, 110.0)","(3.2, 3.95, 3.7986486486486486)","(6.5, 8.8, 8.620000000000001)","(3.3, 4.6, 3.8875)","(4.8, 5.8, 5.514285714285714)","(71.0, 430.0, 313.33333333333337)","(26.0, 150.0, 144.0)","(41.0, 330.0, 160.8)","(51.0, 400.0, 317.5)","(12.0, 24.0, 21.96)","(13.0, 20.0, 18.75)"
14-12-2022 13:43:06.554636,"(41.0, 290.0, 110.0)","(3.2, 3.95, 3.7986486486486486)","(6.5, 8.8, 8.425)","(3.3, 4.3, 3.947058823529412)","(4.8, 5.8, 5.514285714285714)","(71.0, 430.0, 250.0)","(26.0, 150.0, 89.0)","(41.0, 330.0, 160.8)","(51.0, 400.0, 317.5)","(12.0, 24.0, 18.0)","(13.0, 20.0, 18.75)"
14-12-2022 13:43:08.295809,"(41.0, 280.0, 198.33333333333334)","(3.2, 3.95, 3.7333333333333334)","(6.5, 8.8, 9.666666666666666)","(3.3, 4.0, 3.825)","(4.8, 5.8, 5.6125)","(71.0, 420.0, 240.0)","(26.0, 140.0, 100.0)","(41.0, 330.0, 184.0)","(51.0, 400.0, 317.5)","(12.0, 24.0, 19.5)","(13.0, 20.0, 18.875)"
14-12-2022 13:43:09.874384,"(41.0, 270.0, 198.33333333333334)","(3.2, 3.9, 3.7333333333333334)","(6.5, 10.0, 9.666666666666666)","(3.3, 3.95, 3.6053571428571427)","(4.8, 5.8, 5.6125)","(71.0, 400.0, 286.66666666666663)","(26.0, 130.0, 100.0)","(41.0, 320.0, 222.66666666666666)","(51.0, 400.0, 317.5)","(12.0, 23.0, 20.941176470588236)","(13.0, 20.0, 19.68181818181818)"
14-12-2022 13:43:11.356377,"(41.0, 270.0, 238.28571428571428)","(3.2, 3.9, 3.7172413793103445)","(6.5, 10.0, 8.523076923076923)","(3.3, 3.65, 3.6051724137931034)","(4.8, 5.8, 5.492307692307692)","(71.0, 390.0, 286.66666666666663)","(26.0, 130.0, 100.0)","(41.0, 310.0, 222.66666666666666)","(51.0, 400.0, 317.5)","(12.0, 23.0, 18.357142857142858)","(13.0, 20.0, 20.4)"
14-12-2022 13:43:12.849066,"(41.0, 270.0, 238.28571428571428)","(3.2, 3.8, 3.65625)","(6.5, 10.0, 8.633333333333333)","(3.3, 3.65, 3.6051724137931034)","(4.8, 5.8, 5.492307692307692)","(71.0, 390.0, 230.0)","(26.0, 130.0, 100.0)","(41.0, 310.0, 222.66666666666666)","(51.0, 400.0, 317.5)","(12.0, 23.0, 18.357142857142858)","(13.0, 21.0, 19.0)"
14-12-2022 13:43:14.350872,"(41.0, 250.0, 221.14285714285714)","(3.2, 3.75, 3.6420454545454546)","(6.5, 9.8, 8.584615384615384)","(3.3, 3.65, 3.6053571428571427)","(4.8, 5.8, 5.492307692307692)","(71.0, 380.0, 273.33333333333337)","(26.0, 130.0, 100.0)","(41.0, 310.0, 114.28571428571429)","(51.0, 400.0, 317.5)","(12.0, 23.0, 18.357142857142858)","(13.0, 21.0, 18.666666666666668)"
14-12-2022 13:43:15.820257,"(41.0, 250.0, 221.14285714285714)","(3.2, 3.75, 3.5434782608695654)","(6.5, 9.6, 8.584615384615384)","(3.3, 3.65, 3.6053571428571427)","(4.8, 5.8, 5.492307692307692)","(71.0, 370.0, 273.33333333333337)","(26.0, 130.0, 100.0)","(41.0, 280.0, 114.28571428571429)","(51.0, 400.0, 317.5)","(12.0, 23.0, 20.0)","(13.0, 21.0, 19.142857142857142)"
14-12-2022 13:43:17.294089,"(41.0, 230.0, 147.27272727272728)","(3.2, 3.75, 3.623333333333333)","(6.5, 9.4, 8.9)","(3.3, 3.65, 3.6053571428571427)","(4.8, 5.8, 5.492307692307692)","(71.0, 340.0, 154.28571428571428)","(26.0, 130.0, 62.5)","(41.0, 270.0, 196.0)","(51.0, 400.0, 280.0)","(12.0, 23.0, 20.692307692307693)","(13.0, 20.0, 19.142857142857142)"
14-12-2022 13:43:18.694436,"(41.0, 300.0, 255.42857142857142)","(3.2, 3.75, 3.6444444444444444)","(6.5, 9.2, 8.775)","(3.3, 4.0, 3.8551724137931034)","(4.8, 5.8, 5.492307692307692)","(71.0, 330.0, 246.66666666666666)","(26.0, 130.0, 100.0)","(41.0, 270.0, 196.0)","(51.0, 350.0, 280.0)","(12.0, 23.0, 19.071428571428573)","(13.0, 20.0, 19.5)"
14-12-2022 13:43:20.058200,"(41.0, 290.0, 255.42857142857142)","(3.2, 3.75, 3.6444444444444444)","(6.5, 9.4, 8.9)","(3.3, 4.0, 3.5115384615384615)","(4.8, 5.8, 5.492307692307692)","(71.0, 330.0, 246.66666666666666)","(26.0, 130.0, 100.0)","(41.0, 270.0, 196.0)","(51.0, 350.0, 280.0)","(13.0, 23.0, 19.071428571428573)","(13.0, 20.0, 19.5)"
14-12-2022 13:43:21.500168,"(41.0, 290.0, 255.42857142857142)","(3.2, 3.75, 3.6444444444444444)","(6.5, 9.4, 8.92)","(3.3, 3.6, 3.809090909090909)","(4.8, 5.8, 5.492307692307692)","(71.0, 330.0, 246.66666666666666)","(26.0, 130.0, 100.0)","(41.0, 270.0, 196.0)","(51.0, 350.0, 256.66666666666663)","(13.0, 23.0, 19.071428571428573)","(13.0, 20.0, 19.5)"
14-12-2022 13:43:22.926230,"(41.0, 290.0, 255.42857142857142)","(3.2, 3.75, 3.6444444444444444)","(6.5, 9.4, 8.92)","(3.3, 4.0, 3.9250000000000003)","(4.8, 5.8, 5.492307692307692)","(71.0, 330.0, 246.66666666666666)","(26.0, 130.0, 100.0)","(41.0, 270.0, 196.0)","(51.0, 350.0, 256.66666666666663)","(13.0, 23.0, 19.071428571428573)","(13.0, 20.0, 19.642857142857142)"
14-12-2022 13:43:24.441757,"(41.0, 290.0, 255.42857142857142)","(3.2, 3.75, 3.5384615384615383)","(6.5, 9.4, 8.92)","(3.3, 3.95, 3.6666666666666665)","(4.8, 5.8, 5.492307692307692)","(71.0, 330.0, 148.57142857142856)","(26.0, 130.0, 100.0)","(41.0, 270.0, 196.0)","(51.0, 350.0, 256.66666666666663)","(13.0, 23.0, 20.25)","(13.0, 20.0, 19.0)"
14-12-2022 13:43:25.919738,"(41.0, 290.0, 238.28571428571428)","(3.2, 3.75, 3.5673913043478263)","(6.5, 9.4, 8.92)","(3.3, 3.9, 3.848936170212766)","(4.8, 5.8, 5.492307692307692)","(71.0, 320.0, 250.0)","(26.0, 130.0, 80.0)","(41.0, 270.0, 150.0)","(51.0, 350.0, 205.0)","(13.0, 23.0, 21.6)","(13.0, 20.0, 19.428571428571427)"
14-12-2022 13:43:27.320303,"(41.0, 270.0, 154.0)","(3.2, 3.6, 3.5520833333333335)","(6.5, 9.4, 9.142857142857144)","(3.3, 3.9, 3.503125)","(4.8, 5.8, 5.492307692307692)","(71.0, 310.0, 279.375)","(26.0, 120.0, 86.66666666666666)","(41.0, 260.0, 140.0)","(51.0, 340.0, 195.0)","(13.0, 23.0, 21.916666666666664)","(13.0, 20.0, 19.571428571428573)"
14-12-2022 13:43:28.965858,"(41.0, 260.0, 155.0)","(3.2, 3.75, 3.574074074074074)","(6.5, 9.4, 9.142857142857144)","(3.3, 3.55, 3.6)","(4.8, 5.8, 5.492307692307692)","(61.0, 310.0, 279.375)","(26.0, 110.0, 86.66666666666666)","(41.0, 240.0, 166.66666666666669)","(51.0, 320.0, 166.0)","(13.0, 23.0, 21.916666666666664)","(13.0, 20.0, 21.0)"
14-12-2022 13:43:30.466001,"(41.0, 250.0, 183.33333333333334)","(3.2, 3.75, 3.5462962962962963)","(6.5, 9.4, 9.142857142857144)","(3.3, 3.8, 3.7578125)","(4.8, 5.8, 5.492307692307692)","(61.0, 310.0, 279.375)","(26.0, 110.0, 86.66666666666666)","(41.0, 230.0, 187.33333333333331)","(51.0, 310.0, 166.0)","(13.0, 23.0, 20.0)","(13.0, 22.0, 19.8125)"
14-12-2022 13:43:32.268013,"(41.0, 250.0, 140.0)","(3.2, 3.75, 3.5520833333333335)","(6.5, 9.4, 9.142857142857144)","(3.3, 3.8, 3.75)","(4.8, 5.8, 5.492307692307692)","(61.0, 310.0, 279.375)","(26.0, 110.0, 70.0)","(41.0, 230.0, 187.33333333333331)","(51.0, 310.0, 162.0)","(13.0, 23.0, 21.428571428571427)","(13.0, 22.0, 19.8125)"
14-12-2022 13:43:33.919182,"(41.0, 230.0, 140.0)","(3.2, 3.75, 3.5434782608695654)","(6.5, 9.4, 9.142857142857144)","(3.3, 3.8, 3.7564102564102564)","(4.8, 5.8, 5.508333333333333)","(61.0, 310.0, 261.0)","(26.0, 100.0, 76.66666666666666)","(41.0, 230.0, 187.33333333333331)","(51.0, 300.0, 216.66666666666666)","(13.0, 23.0, 21.428571428571427)","(13.0, 21.0, 19.833333333333332)"
14-12-2022 13:43:35.466111,"(41.0, 230.0, 140.0)","(3.2, 3.75, 3.5673076923076925)","(6.5, 9.4, 9.142857142857144)","(3.3, 3.8, 3.82)","(4.8, 5.8, 5.61578947368421)","(61.0, 310.0, 261.0)","(26.0, 95.0, 87.14285714285714)","(41.0, 230.0, 187.33333333333331)","(51.0, 290.0, 216.66666666666666)","(13.0, 23.0, 21.428571428571427)","(14.0, 21.0, 19.6)"
14-12-2022 13:43:36.853355,"(41.0, 230.0, 140.0)","(3.2, 3.75, 3.596774193548387)","(6.5, 9.4, 9.142857142857144)","(3.3, 4.0, 3.8526315789473684)","(4.8, 5.8, 5.61578947368421)","(61.0, 310.0, 261.0)","(26.0, 95.0, 86.16666666666667)","(41.0, 230.0, 187.33333333333331)","(51.0, 290.0, 216.66666666666666)","(13.0, 23.0, 21.428571428571427)","(14.0, 20.0, 19.0)"
14-12-2022 13:43:38.457110,"(41.0, 230.0, 140.0)","(3.2, 3.75, 3.610294117647059)","(6.5, 9.4, 9.142857142857144)","(3.3, 3.95, 3.606666666666667)","(4.8, 5.8, 5.705405405405405)","(61.0, 310.0, 453.0)","(26.0, 95.0, 86.16666666666667)","(41.0, 230.0, 187.33333333333331)","(51.0, 290.0, 216.66666666666666)","(13.0, 23.0, 21.428571428571427)","(14.0, 20.0, 19.0)"
14-12-2022 13:43:40.003974,"(41.0, 230.0, 140.0)","(3.2, 3.75, 3.610294117647059)","(6.5, 9.4, 9.040000000000001)","(3.3, 3.7, 3.7)","(4.8, 5.8, 5.566666666666666)","(61.0, 550.0, 489.375)","(26.0, 95.0, 86.16666666666667)","(41.0, 230.0, 187.33333333333331)","(51.0, 290.0, 216.66666666666666)","(13.0, 23.0, 19.944444444444443)","(14.0, 20.0, 19.0)"
14-12-2022 13:43:41.552958,"(41.0, 230.0, 140.0)","(3.2, 3.75, 3.610294117647059)","(6.5, 9.4, 9.040000000000001)","(3.3, 3.9, 3.69)","(4.8, 5.8, 5.566666666666666)","(61.0, 550.0, 489.375)","(26.0, 95.0, 86.16666666666667)","(41.0, 230.0, 187.33333333333331)","(51.0, 290.0, 216.66666666666666)","(13.0, 23.0, 19.944444444444443)","(14.0, 20.0, 16.5625)"
14-12-2022 13:43:43.068588,"(41.0, 230.0, 140.0)","(3.2, 3.75, 3.585714285714286)","(6.5, 9.4, 9.142857142857144)","(3.3, 3.9, 3.7)","(4.8, 5.8, 5.566666666666666)","(61.0, 550.0, 489.375)","(26.0, 95.0, 86.16666666666667)","(41.0, 230.0, 187.33333333333331)","(51.0, 290.0, 216.66666666666666)","(13.0, 23.0, 21.035714285714285)","(14.0, 20.0, 16.5625)"
14-12-2022 13:43:44.585284,"(41.0, 230.0, 140.0)","(3.2, 3.7, 3.585714285714286)","(6.5, 9.4, 9.142857142857144)","(3.3, 3.9, 3.7545454545454544)","(4.8, 5.8, 5.566666666666666)","(61.0, 550.0, 489.375)","(26.0, 95.0, 86.16666666666667)","(41.0, 230.0, 103.33333333333334)","(51.0, 290.0, 216.66666666666666)","(13.0, 23.0, 19.944444444444443)","(14.0, 20.0, 16.785714285714285)"
14-12-2022 13:43:45.938664,"(41.0, 230.0, 140.0)","(3.2, 3.7, 3.553846153846154)","(6.5, 9.4, 9.040000000000001)","(3.3, 3.9, 3.8833333333333333)","(4.8, 5.8, 5.566666666666666)","(61.0, 550.0, 527.5)","(26.0, 95.0, 87.14285714285714)","(41.0, 230.0, 135.0)","(51.0, 290.0, 216.66666666666666)","(13.0, 23.0, 18.714285714285715)","(14.0, 20.0, 17.75)"
14-12-2022 13:43:47.337247,"(41.0, 230.0, 140.0)","(3.2, 3.7, 3.553846153846154)","(6.5, 9.4, 9.040000000000001)","(3.2, 4.0, 3.9444444444444446)","(4.8, 5.8, 5.633333333333334)","(61.0, 620.0, 211.66666666666666)","(26.0, 95.0, 76.66666666666666)","(41.0, 230.0, 103.33333333333334)","(51.0, 290.0, 216.66666666666666)","(13.0, 23.0, 17.166666666666668)","(14.0, 20.0, 17.81818181818182)"
14-12-2022 13:43:48.733977,"(41.0, 230.0, 140.0)","(3.2, 3.7, 3.5642857142857145)","(6.5, 9.4, 9.142857142857144)","(3.2, 4.0, 3.8181818181818183)","(4.8, 5.7, 5.633333333333334)","(61.0, 970.0, 428.75)","(26.0, 95.0, 76.66666666666666)","(41.0, 230.0, 103.33333333333334)","(51.0, 290.0, 216.66666666666666)","(13.0, 23.0, 16.75)","(14.0, 20.0, 17.375)"
14-12-2022 13:43:50.209439,"(41.0, 230.0, 140.0)","(3.2, 3.7, 3.5642857142857145)","(6.5, 9.4, 9.142857142857144)","(3.2, 4.0, 3.973404255319149)","(4.8, 5.7, 5.633333333333334)","(61.0, 550.0, 428.75)","(26.0, 95.0, 76.66666666666666)","(41.0, 230.0, 103.33333333333334)","(51.0, 290.0, 216.66666666666666)","(13.0, 23.0, 20.22222222222222)","(14.0, 20.0, 18.09090909090909)"
14-12-2022 13:43:51.691476,"(41.0, 230.0, 140.0)","(3.2, 3.7, 3.5812500000000003)","(6.5, 9.4, 9.040000000000001)","(3.2, 4.0, 3.9999999999999996)","(4.8, 5.7, 5.625)","(61.0, 550.0, 428.75)","(26.0, 95.0, 76.66666666666666)","(41.0, 230.0, 103.33333333333334)","(51.0, 290.0, 216.66666666666666)","(13.0, 23.0, 19.607142857142858)","(14.0, 20.0, 17.375)"
14-12-2022 13:43:53.002893,"(41.0, 230.0, 140.0)","(3.2, 3.7, 3.5812500000000003)","(6.5, 9.4, 9.040000000000001)","(3.2, 4.1, 3.9999999999999996)","(4.8, 5.7, 5.6571428571428575)","(61.0, 550.0, 428.75)","(26.0, 95.0, 88.0)","(41.0, 230.0, 103.33333333333334)","(51.0, 290.0, 216.66666666666666)","(13.0, 23.0, 19.607142857142858)","(14.0, 20.0, 21.6)"
14-12-2022 13:43:54.466317,"(41.0, 230.0, 140.0)","(3.2, 3.7, 3.586666666666667)","(6.5, 9.4, 9.040000000000001)","(3.2, 4.1, 3.6325)","(4.8, 5.7, 5.6571428571428575)","(61.0, 550.0, 350.0)","(26.0, 95.0, 88.0)","(41.0, 230.0, 100.0)","(51.0, 290.0, 208.66666666666666)","(13.0, 23.0, 19.607142857142858)","(14.0, 24.0, 20.88888888888889)"
14-12-2022 13:43:55.892480,"(41.0, 220.0, 163.33333333333331)","(3.2, 3.75, 3.6875)","(6.5, 9.4, 9.22)","(3.2, 3.65, 3.558695652173913)","(4.8, 5.7, 5.6)","(61.0, 540.0, 437.0)","(26.0, 95.0, 88.69999999999999)","(41.0, 220.0, 125.0)","(51.0, 290.0, 220.28571428571428)","(13.0, 23.0, 19.607142857142858)","(14.0, 24.0, 22.666666666666668)"
14-12-2022 13:43:57.467795,"(41.0, 220.0, 177.5)","(3.2, 4.1, 3.4517543859649122)","(6.5, 9.4, 9.142857142857144)","(3.3, 3.65, 3.554838709677419)","(4.8, 6.0, 5.614285714285715)","(61.0, 530.0, 426.66666666666663)","(26.0, 95.0, 89.75)","(41.0, 210.0, 125.0)","(51.0, 290.0, 255.1428571428571)","(13.0, 23.0, 20.63157894736842)","(14.0, 24.0, 22.666666666666668)"
14-12-2022 13:43:59.026594,"(41.0, 340.0, 234.54545454545453)","(3.2, 3.5, 3.4371428571428573)","(6.5, 9.4, 9.142857142857144)","(3.3, 3.7, 3.638888888888889)","(4.8, 5.9, 5.7)","(61.0, 530.0, 426.66666666666663)","(26.0, 95.0, 83.17647058823529)","(41.0, 210.0, 93.33333333333334)","(51.0, 290.0, 208.66666666666666)","(13.0, 23.0, 20.63157894736842)","(14.0, 24.0, 23.25)"
14-12-2022 13:44:00.761878,"(41.0, 340.0, 195.3846153846154)","(3.2, 3.5, 3.435672514619883)","(6.5, 9.4, 9.142857142857144)","(3.3, 3.65, 3.95)","(4.8, 5.9, 5.733333333333333)","(61.0, 530.0, 426.66666666666663)","(26.0, 90.0, 79.81818181818181)","(41.0, 200.0, 115.0)","(51.0, 270.0, 232.66666666666669)","(13.0, 23.0, 20.34375)","(14.0, 24.0, 22.875)"
14-12-2022 13:44:02.346709,"(41.0, 320.0, 277.5)","(3.2, 3.5, 3.6789473684210527)","(6.5, 9.4, 9.142857142857144)","(3.3, 4.4, 4.145652173913044)","(4.8, 6.0, 5.733333333333333)","(61.0, 530.0, 375.0)","(26.0, 90.0, 78.625)","(41.0, 190.0, 115.0)","(51.0, 270.0, 233.25)","(13.0, 23.0, 18.75)","(14.0, 24.0, 22.2)"
14-12-2022 13:44:04.071295,"(41.0, 310.0, 245.0)","(3.2, 3.7, 3.6043478260869564)","(6.5, 9.4, 9.142857142857144)","(3.3, 4.4, 3.6329629629629627)","(4.8, 6.0, 5.733333333333333)","(61.0, 530.0, 375.0)","(26.0, 85.0, 76.5)","(41.0, 190.0, 115.0)","(51.0, 260.0, 233.25)","(13.0, 23.0, 18.75)","(14.0, 24.0, 22.2)"
14-12-2022 13:44:05.651766,"(41.0, 310.0, 245.0)","(3.2, 3.65, 3.6043478260869564)","(6.5, 9.4, 9.142857142857144)","(3.3, 3.65, 3.5557142857142856)","(4.8, 6.0, 5.733333333333333)","(61.0, 530.0, 368.3333333333333)","(26.0, 85.0, 76.5)","(41.0, 190.0, 115.0)","(51.0, 260.0, 236.22222222222223)","(13.0, 23.0, 28.28)","(14.0, 24.0, 21.6)"
14-12-2022 13:44:07.031273,"(41.0, 310.0, 258.0)","(3.2, 3.65, 3.4884615384615385)","(6.5, 9.4, 9.142857142857144)","(3.3, 3.6, 3.5557142857142856)","(4.8, 6.0, 5.733333333333333)","(61.0, 520.0, 368.3333333333333)","(26.0, 85.0, 76.5)","(41.0, 190.0, 115.0)","(51.0, 260.0, 236.22222222222223)","(13.0, 29.0, 28.28)","(14.0, 24.0, 21.6)"
14-12-2022 13:44:08.375836,"(41.0, 310.0, 223.33333333333334)","(3.2, 3.6, 3.5)","(6.5, 9.4, 9.142857142857144)","(3.3, 3.65, 3.591176470588235)","(4.8, 5.9, 5.733333333333333)","(61.0, 530.0, 375.0)","(26.0, 85.0, 77.71428571428572)","(41.0, 190.0, 115.0)","(51.0, 260.0, 154.0)","(13.0, 29.0, 28.379310344827587)","(14.0, 24.0, 22.8)"
14-12-2022 13:44:09.725405,"(41.0, 310.0, 223.33333333333334)","(3.2, 3.65, 3.4884615384615385)","(6.5, 9.4, 9.142857142857144)","(3.3, 3.8, 3.7691176470588235)","(4.8, 6.0, 5.6)","(61.0, 530.0, 251.0)","(26.0, 85.0, 72.25)","(41.0, 190.0, 115.0)","(51.0, 260.0, 154.0)","(13.0, 29.0, 26.0)","(14.0, 24.0, 21.6)"
14-12-2022 13:44:11.257057,"(41.0, 310.0, 223.33333333333334)","(3.2, 3.6, 3.5)","(6.5, 9.4, 9.01818181818182)","(3.3, 3.9, 3.82)","(4.8, 5.9, 5.566666666666666)","(61.0, 530.0, 251.0)","(26.0, 85.0, 72.25)","(41.0, 190.0, 115.0)","(51.0, 260.0, 154.0)","(13.0, 29.0, 25.25)","(14.0, 24.0, 21.6)"
14-12-2022 13:44:12.761238,"(41.0, 310.0, 223.33333333333334)","(3.2, 3.65, 3.4452380952380954)","(6.5, 9.4, 8.5)","(3.2, 4.1, 3.551290322580645)","(4.8, 6.0, 5.718181818181819)","(61.0, 520.0, 213.33333333333334)","(26.0, 85.0, 72.25)","(41.0, 190.0, 115.0)","(51.0, 260.0, 115.33333333333333)","(13.0, 29.0, 26.6)","(14.0, 24.0, 22.8)"
14-12-2022 13:44:14.245381,"(41.0, 300.0, 175.0)","(3.2, 3.6, 3.4452380952380954)","(6.5, 8.8, 8.418181818181818)","(3.2, 3.65, 3.551290322580645)","(4.8, 5.9, 5.718181818181819)","(61.0, 510.0, 382.85714285714283)","(26.0, 85.0, 72.25)","(41.0, 190.0, 115.0)","(51.0, 250.0, 115.33333333333333)","(13.0, 29.0, 48.33333333333333)","(14.0, 24.0, 22.8)"
14-12-2022 13:44:15.698076,"(41.0, 300.0, 175.0)","(3.2, 3.55, 3.422727272727273)","(6.5, 8.6, 8.218181818181819)","(3.2, 3.65, 3.5625)","(4.8, 5.9, 5.718181818181819)","(61.0, 510.0, 427.5)","(26.0, 85.0, 77.71428571428572)","(41.0, 190.0, 115.0)","(51.0, 250.0, 115.33333333333333)","(14.0, 95.0, 37.5)","(14.0, 24.0, 22.8)"
14-12-2022 13:44:17.091012,"(41.0, 300.0, 175.0)","(3.2, 3.55, 3.422727272727273)","(6.5, 8.6, 8.218181818181819)","(3.2, 3.6, 3.5625)","(4.8, 5.9, 5.718181818181819)","(61.0, 500.0, 427.5)","(26.0, 85.0, 76.5)","(41.0, 190.0, 115.0)","(51.0, 250.0, 115.33333333333333)","(14.0, 40.0, 35.0)","(14.0, 24.0, 22.2)"
14-12-2022 13:44:18.678877,"(41.0, 300.0, 175.0)","(3.2, 3.55, 3.422727272727273)","(6.5, 8.6, 7.685714285714285)","(3.2, 3.6, 3.476470588235294)","(4.8, 5.9, 5.718181818181819)","(61.0, 500.0, 427.5)","(26.0, 85.0, 77.71428571428572)","(41.0, 190.0, 115.0)","(51.0, 250.0, 154.0)","(14.0, 40.0, 37.5)","(14.0, 24.0, 22.2)"
14-12-2022 13:44:20.190087,"(41.0, 290.0, 170.0)","(3.2, 3.55, 3.422727272727273)","(6.5, 8.6, 8.09090909090909)","(3.2, 3.5, 3.454285714285714)","(4.8, 5.9, 5.718181818181819)","(61.0, 500.0, 427.5)","(26.0, 85.0, 77.71428571428572)","(41.0, 190.0, 115.0)","(51.0, 260.0, 154.0)","(14.0, 40.0, 37.5)","(14.0, 24.0, 22.2)"
14-12-2022 13:44:21.721097,"(41.0, 290.0, 170.0)","(3.2, 3.55, 3.422727272727273)","(6.5, 8.6, 8.09090909090909)","(3.2, 3.5, 3.4378048780487807)","(4.8, 5.9, 5.718181818181819)","(61.0, 500.0, 427.5)","(26.0, 85.0, 77.71428571428572)","(41.0, 190.0, 115.0)","(51.0, 260.0, 154.0)","(14.0, 40.0, 37.5)","(14.0, 24.0, 22.2)"
14-12-2022 13:44:23.179051,"(41.0, 290.0, 170.0)","(3.2, 3.55, 3.4971698113207546)","(6.5, 8.6, 7.8)","(3.2, 3.5, 3.4482758620689657)","(4.8, 5.9, 5.718181818181819)","(61.0, 500.0, 368.57142857142856)","(26.0, 85.0, 77.71428571428572)","(41.0, 190.0, 115.0)","(51.0, 260.0, 154.0)","(14.0, 40.0, 37.5)","(14.0, 24.0, 23.142857142857142)"
14-12-2022 13:44:24.691605,"(41.0, 290.0, 165.0)","(3.2, 3.55, 3.5083333333333333)","(6.5, 8.6, 7.822222222222222)","(3.2, 3.45, 3.345833333333333)","(4.8, 5.9, 5.74)","(61.0, 490.0, 405.0)","(26.0, 85.0, 77.71428571428572)","(41.0, 190.0, 160.0)","(51.0, 260.0, 224.66666666666669)","(14.0, 40.0, 37.5)","(14.0, 24.0, 22.2)"
14-12-2022 13:44:26.154330,"(41.0, 280.0, 165.0)","(3.2, 3.55, 3.5083333333333333)","(6.5, 8.6, 7.822222222222222)","(3.2, 3.35, 3.5142011834319526)","(4.8, 5.9, 5.714285714285714)","(61.0, 490.0, 438.5)","(26.0, 85.0, 72.25)","(41.0, 190.0, 160.0)","(51.0, 260.0, 233.5)","(14.0, 40.0, 35.0)","(14.0, 24.0, 22.2)"
14-12-2022 13:44:27.628718,"(41.0, 280.0, 165.0)","(3.2, 3.55, 3.5083333333333333)","(6.5, 8.6, 7.822222222222222)","(3.2, 3.65, 3.5142011834319526)","(4.8, 6.0, 5.614285714285715)","(61.0, 480.0, 438.5)","(26.0, 85.0, 72.25)","(41.0, 190.0, 168.57142857142856)","(51.0, 260.0, 190.0)","(14.0, 40.0, 30.2)","(14.0, 24.0, 22.0)"
14-12-2022 13:44:29.027460,"(41.0, 270.0, 193.125)","(3.2, 3.55, 3.407142857142857)","(6.5, 8.6, 7.822222222222222)","(3.2, 3.65, 3.5142011834319526)","(4.8, 5.9, 5.614285714285715)","(61.0, 480.0, 438.5)","(26.0, 85.0, 72.25)","(41.0, 190.0, 168.57142857142856)","(51.0, 260.0, 218.0)","(14.0, 38.0, 30.2)","(14.0, 23.0, 22.333333333333332)"
14-12-2022 13:44:30.478701,"(41.0, 270.0, 193.125)","(3.2, 3.55, 3.407142857142857)","(6.5, 8.6, 8.22857142857143)","(3.2, 3.65, 3.5083333333333333)","(4.8, 5.9, 5.614285714285715)","(61.0, 480.0, 438.5)","(26.0, 85.0, 72.25)","(41.0, 190.0, 140.66666666666669)","(51.0, 260.0, 225.83333333333331)","(14.0, 38.0, 30.2)","(14.0, 23.0, 22.333333333333332)"
14-12-2022 13:44:31.925405,"(41.0, 270.0, 193.125)","(3.2, 3.55, 3.407142857142857)","(6.5, 8.4, 7.9)","(3.2, 3.65, 3.5083333333333333)","(4.8, 5.9, 5.614285714285715)","(61.0, 480.0, 438.5)","(26.0, 85.0, 77.71428571428572)","(41.0, 190.0, 141.33333333333331)","(51.0, 260.0, 225.83333333333331)","(14.0, 38.0, 33.125)","(14.0, 23.0, 22.333333333333332)"
14-12-2022 13:44:33.424716,"(41.0, 270.0, 167.5)","(3.2, 3.55, 3.407142857142857)","(6.5, 8.4, 8.218181818181819)","(3.2, 3.65, 3.5083333333333333)","(4.8, 5.9, 5.685714285714286)","(61.0, 480.0, 438.5)","(26.0, 85.0, 59.5)","(41.0, 190.0, 141.33333333333331)","(51.0, 260.0, 225.83333333333331)","(14.0, 38.0, 30.2)","(14.0, 23.0, 22.333333333333332)"
14-12-2022 13:44:34.843661,"(41.0, 270.0, 138.0)","(3.2, 3.55, 3.4388888888888887)","(6.5, 8.4, 8.218181818181819)","(3.2, 3.65, 3.5083333333333333)","(4.8, 5.9, 5.685714285714286)","(61.0, 480.0, 438.5)","(26.0, 85.0, 59.5)","(41.0, 190.0, 141.33333333333331)","(51.0, 260.0, 225.83333333333331)","(14.0, 38.0, 30.2)","(14.0, 23.0, 22.333333333333332)"
14-12-2022 13:44:36.229061,"(41.0, 270.0, 138.0)","(3.2, 3.55, 3.4388888888888887)","(6.5, 8.4, 8.218181818181819)","(3.2, 3.65, 3.5083333333333333)","(4.8, 5.9, 5.685714285714286)","(61.0, 480.0, 438.5)","(26.0, 85.0, 59.5)","(41.0, 190.0, 141.33333333333331)","(51.0, 260.0, 225.83333333333331)","(14.0, 38.0, 30.2)","(14.0, 23.0, 22.333333333333332)"
14-12-2022 13:44:37.622298,"(41.0, 270.0, 138.0)","(3.2, 3.55, 3.4388888888888887)","(6.5, 8.4, 8.218181818181819)","(3.2, 3.65, 3.5083333333333333)","(4.8, 5.9, 5.685714285714286)","(61.0, 480.0, 438.5)","(26.0, 85.0, 59.5)","(41.0, 190.0, 141.33333333333331)","(51.0, 260.0, 225.83333333333331)","(14.0, 38.0, 30.2)","(14.0, 23.0, 22.333333333333332)"
14-12-2022 13:44:39.143090,"(41.0, 270.0, 138.0)","(3.2, 3.55, 3.4388888888888887)","(6.5, 8.4, 8.218181818181819)","(3.2, 3.65, 3.5083333333333333)","(4.8, 5.9, 5.685714285714286)","(61.0, 480.0, 438.5)","(26.0, 85.0, 59.5)","(41.0, 190.0, 141.33333333333331)","(51.0, 260.0, 225.83333333333331)","(14.0, 38.0, 30.2)","(14.0, 23.0, 22.333333333333332)"
14-12-2022 13:44:40.665401,"(41.0, 270.0, 138.0)","(3.2, 3.55, 3.4388888888888887)","(6.5, 8.4, 8.218181818181819)","(3.2, 3.65, 3.5083333333333333)","(4.8, 5.9, 5.685714285714286)","(61.0, 480.0, 438.5)","(26.0, 85.0, 59.5)","(41.0, 190.0, 141.33333333333331)","(51.0, 260.0, 225.83333333333331)","(14.0, 38.0, 30.2)","(14.0, 23.0, 22.333333333333332)"
14-12-2022 13:44:42.169465,"(41.0, 270.0, 138.0)","(3.2, 3.55, 3.4388888888888887)","(6.5, 8.4, 7.9)","(3.2, 3.65, 3.5083333333333333)","(4.8, 5.9, 5.614285714285715)","(61.0, 480.0, 438.5)","(26.0, 85.0, 59.5)","(41.0, 190.0, 141.33333333333331)","(51.0, 260.0, 225.83333333333331)","(14.0, 38.0, 30.2)","(14.0, 23.0, 22.333333333333332)"
