,Vanburg,Oakfield Triumph,Sneaky Paige,Compassionate,Hell I Am,Shalailed,Resonator,Arch Of Titus
14-12-2022 14:26:27.493935,"(91.0, 310.0, 243.33333333333334)","(91.0, 340.0, 273.3333333333333)","(3.3, 4.1, 3.9615384615384617)","(26.0, 42.0, 40.45454545454545)","(2.5, 2.82, 2.894054054054054)","(3.8, 4.6, 4.478947368421053)","(6.5, 7.4, 7.2681818181818185)","(91.0, 240.0, 235.55555555555554)"
14-12-2022 14:26:28.912602,"(91.0, 310.0, 243.33333333333334)","(91.0, 310.0, 255.0)","(3.3, 4.0, 3.951089588377724)","(26.0, 42.0, 40.3)","(2.5, 2.9, 2.8909090909090907)","(3.8, 4.5, 4.478947368421053)","(6.5, 7.6, 7.2681818181818185)","(91.0, 260.0, 235.55555555555554)"
14-12-2022 14:26:30.309506,"(91.0, 310.0, 243.33333333333334)","(91.0, 300.0, 250.0)","(3.3, 4.0, 3.95)","(26.0, 42.0, 42.05555555555556)","(2.5, 2.9, 2.9036363636363633)","(3.8, 4.5, 4.478947368421053)","(6.5, 7.6, 7.2681818181818185)","(91.0, 260.0, 235.55555555555554)"
14-12-2022 14:26:31.707860,"(91.0, 310.0, 243.33333333333334)","(91.0, 300.0, 245.0)","(3.3, 3.95, 3.9260942760942763)","(26.0, 44.0, 42.05555555555556)","(2.5, 2.92, 2.9062745098039215)","(3.8, 4.5, 4.42)","(6.5, 7.6, 7.2681818181818185)","(91.0, 260.0, 235.55555555555554)"
14-12-2022 14:26:33.111881,"(91.0, 310.0, 243.33333333333334)","(91.0, 290.0, 248.57142857142856)","(3.3, 3.95, 3.926254180602007)","(26.0, 44.0, 42.57142857142857)","(2.5, 2.98, 2.9062745098039215)","(3.8, 4.5, 4.341463414634147)","(6.5, 7.6, 7.302040816326531)","(91.0, 260.0, 235.55555555555554)"
14-12-2022 14:26:34.517771,"(91.0, 310.0, 243.33333333333334)","(91.0, 280.0, 248.57142857142856)","(3.3, 3.95, 3.9255172413793105)","(26.0, 44.0, 42.25)","(2.5, 2.98, 2.9266666666666667)","(3.8, 4.4, 4.413793103448276)","(6.5, 7.6, 7.2496)","(91.0, 260.0, 247.77777777777777)"
14-12-2022 14:26:35.998386,"(91.0, 380.0, 266.6666666666667)","(91.0, 280.0, 246.66666666666669)","(3.3, 3.95, 3.9255172413793105)","(26.0, 44.0, 42.92307692307692)","(2.5, 2.98, 2.965777777777778)","(3.8, 4.6, 4.410526315789474)","(6.5, 7.6, 7.26046511627907)","(91.0, 260.0, 185.0)"
14-12-2022 14:26:37.395984,"(91.0, 360.0, 285.0)","(91.0, 280.0, 246.66666666666669)","(3.3, 3.95, 3.9247440273037544)","(26.0, 44.0, 42.6)","(2.5, 2.98, 3.038278388278388)","(3.8, 4.6, 4.403846153846154)","(6.5, 7.6, 7.392307692307693)","(91.0, 260.0, 185.0)"
14-12-2022 14:26:38.786509,"(91.0, 350.0, 256.6666666666667)","(91.0, 280.0, 255.0)","(3.3, 3.95, 3.9064705882352944)","(31.0, 44.0, 42.6)","(2.6, 3.05, 3.0396584440227703)","(3.9, 4.5, 4.4031746031746035)","(6.5, 7.4, 7.390476190476191)","(91.0, 260.0, 185.0)"
14-12-2022 14:26:40.116719,"(101.0, 340.0, 275.0)","(91.0, 280.0, 267.5)","(3.4, 3.95, 3.876923076923077)","(31.0, 44.0, 40.888888888888886)","(2.6, 3.05, 3.0396193771626296)","(3.9, 4.5, 4.5024390243902435)","(6.5, 7.4, 7.365178571428571)","(91.0, 260.0, 235.71428571428572)"
14-12-2022 14:26:41.530545,"(101.0, 350.0, 275.0)","(91.0, 270.0, 263.33333333333337)","(3.4, 3.9, 3.872413793103448)","(31.0, 44.0, 40.888888888888886)","(2.6, 3.05, 3.0396193771626296)","(3.9, 4.6, 4.441721854304636)","(6.5, 7.4, 7.364383561643836)","(91.0, 250.0, 233.33333333333334)"
14-12-2022 14:26:42.875095,"(91.0, 350.0, 275.0)","(101.0, 280.0, 263.33333333333337)","(3.4, 3.9, 3.8166666666666664)","(31.0, 44.0, 40.888888888888886)","(2.6, 3.05, 3.0396193771626296)","(3.8, 4.7, 4.458783783783784)","(6.5, 7.6, 7.356756756756757)","(101.0, 250.0, 214.28571428571428)"
14-12-2022 14:26:44.249334,"(91.0, 350.0, 260.0)","(101.0, 280.0, 263.33333333333337)","(3.4, 3.85, 3.8166666666666664)","(31.0, 44.0, 40.888888888888886)","(2.6, 3.05, 3.038984088127295)","(3.8, 4.7, 4.586192468619246)","(6.5, 7.6, 7.0525)","(101.0, 240.0, 214.28571428571428)"
14-12-2022 14:26:45.646067,"(91.0, 350.0, 260.0)","(101.0, 280.0, 263.33333333333337)","(3.4, 3.85, 3.8062043795620437)","(31.0, 44.0, 40.888888888888886)","(2.6, 3.05, 3.038984088127295)","(3.8, 4.6, 4.586192468619246)","(6.5, 7.6, 7.0525)","(101.0, 240.0, 204.0)"
14-12-2022 14:26:46.996296,"(91.0, 350.0, 260.0)","(101.0, 280.0, 265.7142857142857)","(3.4, 3.85, 3.82)","(31.0, 44.0, 40.888888888888886)","(2.6, 3.05, 3.0389162561576355)","(3.8, 4.6, 4.586192468619246)","(6.5, 7.6, 7.0525)","(101.0, 240.0, 210.0)"
14-12-2022 14:26:48.306219,"(91.0, 350.0, 260.0)","(101.0, 280.0, 265.7142857142857)","(3.4, 3.85, 3.854421768707483)","(31.0, 44.0, 40.888888888888886)","(2.6, 3.05, 3.0386746987951807)","(3.8, 4.6, 4.586192468619246)","(6.5, 7.6, 7.0525)","(101.0, 220.0, 196.66666666666666)"
14-12-2022 14:26:49.667644,"(91.0, 350.0, 260.0)","(101.0, 280.0, 265.7142857142857)","(3.4, 3.9, 3.8534246575342466)","(31.0, 44.0, 40.888888888888886)","(2.6, 3.05, 3.0387961859356376)","(3.8, 4.6, 4.484030418250951)","(6.5, 7.6, 7.3566666666666665)","(101.0, 220.0, 192.0)"
14-12-2022 14:26:51.252418,"(91.0, 380.0, 245.0)","(101.0, 280.0, 265.7142857142857)","(3.4, 3.9, 3.8534246575342466)","(31.0, 44.0, 40.888888888888886)","(2.6, 3.05, 3.0387961859356376)","(3.8, 4.5, 4.484030418250951)","(6.5, 7.6, 7.344615384615385)","(101.0, 220.0, 192.0)"
14-12-2022 14:26:52.680593,"(91.0, 360.0, 264.0)","(101.0, 320.0, 201.8181818181818)","(3.4, 3.9, 3.8534246575342466)","(31.0, 48.0, 44.888888888888886)","(2.6, 3.05, 3.039057043073341)","(3.8, 4.5, 4.417142857142857)","(6.5, 7.6, 7.351612903225806)","(101.0, 220.0, 192.0)"
14-12-2022 14:26:54.102158,"(91.0, 350.0, 275.0)","(101.0, 310.0, 248.75)","(3.4, 3.85, 3.8238532110091743)","(31.0, 48.0, 44.888888888888886)","(2.6, 3.05, 3.0389150943396226)","(3.8, 4.5, 4.421782178217821)","(6.5, 7.6, 7.373643410852713)","(101.0, 220.0, 192.0)"
14-12-2022 14:26:55.515905,"(91.0, 350.0, 275.0)","(101.0, 290.0, 248.75)","(3.4, 3.85, 3.8238532110091743)","(31.0, 48.0, 44.888888888888886)","(2.6, 3.05, 3.0389150943396226)","(3.8, 4.5, 4.421782178217821)","(6.5, 7.6, 7.373643410852713)","(101.0, 220.0, 192.0)"
14-12-2022 14:26:56.870271,"(91.0, 330.0, 286.6666666666667)","(101.0, 280.0, 251.42857142857144)","(3.4, 3.8, 3.717993079584775)","(31.0, 48.0, 43.8)","(2.6, 3.05, 3.0389150943396226)","(3.8, 4.5, 4.382962962962963)","(6.5, 7.6, 7.373643410852713)","(101.0, 220.0, 192.0)"
14-12-2022 14:26:58.264637,"(91.0, 330.0, 286.6666666666667)","(101.0, 270.0, 244.28571428571428)","(3.4, 3.8, 3.717993079584775)","(31.0, 48.0, 43.8)","(2.6, 3.05, 3.0428015564202333)","(3.8, 4.5, 4.449032258064516)","(6.5, 7.6, 7.373643410852713)","(101.0, 220.0, 192.0)"
14-12-2022 14:26:59.557340,"(91.0, 320.0, 280.0)","(101.0, 270.0, 244.28571428571428)","(3.4, 3.8, 3.717993079584775)","(31.0, 48.0, 45.333333333333336)","(2.6, 3.05, 3.0419681620839363)","(3.8, 4.5, 4.4531157270029675)","(6.5, 7.6, 7.373643410852713)","(101.0, 220.0, 192.0)"
14-12-2022 14:27:00.986398,"(91.0, 310.0, 255.0)","(101.0, 270.0, 244.28571428571428)","(3.4, 3.8, 3.7279742765273314)","(31.0, 48.0, 45.09090909090909)","(2.6, 3.05, 3.0374149659863945)","(3.8, 4.5, 4.452976190476191)","(6.5, 7.6, 7.373643410852713)","(101.0, 220.0, 192.0)"
14-12-2022 14:27:02.390224,"(91.0, 310.0, 255.0)","(101.0, 270.0, 237.14285714285714)","(3.4, 3.8, 3.7279742765273314)","(31.0, 48.0, 45.62962962962963)","(2.6, 3.05, 3.0374149659863945)","(3.8, 4.5, 4.452976190476191)","(6.5, 7.6, 7.419607843137255)","(101.0, 220.0, 195.0)"
14-12-2022 14:27:03.868399,"(101.0, 300.0, 266.6666666666667)","(101.0, 260.0, 220.0)","(3.3, 3.8, 3.7278846153846157)","(31.0, 48.0, 45.62962962962963)","(2.6, 3.05, 3.0381720430107526)","(3.8, 4.5, 4.452976190476191)","(6.5, 7.6, 7.473972602739726)","(101.0, 210.0, 182.72727272727272)"
14-12-2022 14:27:05.498236,"(101.0, 290.0, 193.33333333333334)","(101.0, 260.0, 230.0)","(3.3, 3.8, 3.731294964028777)","(31.0, 48.0, 47.01754385964912)","(2.6, 3.05, 3.0381720430107526)","(3.8, 4.5, 4.445328719723183)","(6.5, 7.6, 7.473972602739726)","(101.0, 210.0, 187.5)"
14-12-2022 14:27:06.851586,"(101.0, 280.0, 193.33333333333334)","(101.0, 250.0, 230.0)","(3.3, 3.8, 3.731294964028777)","(31.0, 48.0, 47.01754385964912)","(2.6, 3.05, 3.037732342007435)","(3.8, 4.5, 4.416402116402117)","(6.5, 7.6, 7.475757575757576)","(101.0, 200.0, 187.5)"
14-12-2022 14:27:08.380634,"(101.0, 270.0, 186.66666666666666)","(101.0, 240.0, 237.14285714285714)","(3.3, 3.8, 3.734939759036145)","(31.0, 48.0, 47.01754385964912)","(2.6, 3.05, 3.036852589641434)","(3.8, 4.5, 4.414130434782609)","(6.5, 7.6, 7.475757575757576)","(101.0, 200.0, 187.5)"
14-12-2022 14:27:09.766243,"(101.0, 260.0, 186.66666666666666)","(101.0, 260.0, 228.0)","(3.3, 3.8, 3.7348)","(31.0, 48.0, 44.705882352941174)","(2.6, 3.05, 2.973913043478261)","(3.8, 4.5, 4.411731843575419)","(6.5, 7.6, 7.7555555555555555)","(101.0, 200.0, 187.5)"
14-12-2022 14:27:11.106874,"(101.0, 260.0, 186.66666666666666)","(101.0, 260.0, 240.0)","(3.3, 3.8, 3.7348)","(31.0, 48.0, 44.705882352941174)","(2.6, 3.0, 2.98)","(3.8, 4.5, 4.40246913580247)","(6.5, 7.8, 7.7555555555555555)","(101.0, 200.0, 187.5)"
14-12-2022 14:27:12.379210,"(101.0, 260.0, 186.66666666666666)","(101.0, 250.0, 240.0)","(3.3, 3.8, 3.7348)","(31.0, 48.0, 44.705882352941174)","(2.6, 3.0, 2.98)","(3.8, 4.5, 4.40246913580247)","(6.5, 7.8, 7.7555555555555555)","(101.0, 200.0, 187.5)"
14-12-2022 14:27:13.599060,"(101.0, 260.0, 186.66666666666666)","(101.0, 240.0, 231.42857142857144)","(3.3, 3.8, 3.726070038910506)","(31.0, 48.0, 44.705882352941174)","(2.6, 3.05, 2.9451063829787234)","(3.8, 4.5, 4.4021739130434785)","(6.5, 7.8, 7.554216867469879)","(101.0, 200.0, 187.5)"
14-12-2022 14:27:14.907471,"(101.0, 260.0, 210.0)","(101.0, 240.0, 231.42857142857144)","(3.3, 3.8, 3.731818181818182)","(31.0, 48.0, 45.2)","(2.6, 3.0, 2.944848484848485)","(3.8, 4.5, 4.385350318471337)","(6.5, 7.8, 7.451813471502591)","(101.0, 200.0, 180.0)"
14-12-2022 14:27:16.236150,"(101.0, 260.0, 230.0)","(101.0, 280.0, 223.33333333333334)","(3.3, 3.8, 3.731818181818182)","(31.0, 48.0, 45.2)","(2.6, 3.0, 2.957007874015748)","(3.8, 4.5, 4.385350318471337)","(6.5, 7.8, 7.4515463917525775)","(101.0, 200.0, 185.0)"
14-12-2022 14:27:17.576443,"(101.0, 300.0, 256.6666666666667)","(101.0, 270.0, 223.33333333333334)","(3.3, 3.8, 3.731818181818182)","(31.0, 48.0, 45.2)","(2.6, 3.0, 2.9487066246056783)","(3.8, 4.5, 4.385350318471337)","(6.5, 7.8, 7.4515463917525775)","(101.0, 200.0, 185.0)"
14-12-2022 14:27:18.866868,"(101.0, 300.0, 256.6666666666667)","(101.0, 270.0, 223.33333333333334)","(3.3, 3.8, 3.7315352697095436)","(31.0, 48.0, 45.2)","(2.6, 3.0, 2.9470358306188924)","(3.8, 4.5, 4.385350318471337)","(6.5, 7.8, 7.4515463917525775)","(101.0, 200.0, 185.0)"
14-12-2022 14:27:20.160349,"(101.0, 300.0, 256.6666666666667)","(101.0, 260.0, 220.0)","(3.3, 3.8, 3.7331877729257643)","(31.0, 48.0, 44.18181818181818)","(2.6, 3.0, 2.944505119453925)","(3.8, 4.5, 4.41)","(6.5, 7.8, 7.4515463917525775)","(101.0, 200.0, 185.0)"
14-12-2022 14:27:21.505898,"(101.0, 300.0, 256.6666666666667)","(101.0, 250.0, 216.66666666666666)","(3.3, 3.8, 3.716447368421053)","(31.0, 46.0, 43.77777777777778)","(2.6, 3.0, 2.94289156626506)","(3.8, 4.5, 4.41123595505618)","(6.5, 7.8, 7.476555023923445)","(101.0, 200.0, 185.0)"
14-12-2022 14:27:22.983826,"(101.0, 320.0, 270.0)","(101.0, 250.0, 216.66666666666666)","(3.3, 3.8, 3.716447368421053)","(31.0, 46.0, 43.77777777777778)","(2.6, 3.0, 2.9436501901140684)","(3.8, 4.5, 4.41123595505618)","(6.5, 7.8, 7.482474226804124)","(101.0, 200.0, 185.0)"
14-12-2022 14:27:24.455607,"(101.0, 310.0, 270.0)","(101.0, 250.0, 222.5)","(3.3, 3.8, 3.716393442622951)","(31.0, 46.0, 43.77777777777778)","(2.6, 3.0, 2.943232323232323)","(3.8, 4.5, 4.41)","(6.5, 7.8, 7.482474226804124)","(101.0, 200.0, 185.0)"
14-12-2022 14:27:25.816175,"(101.0, 320.0, 270.0)","(101.0, 290.0, 223.33333333333334)","(3.3, 3.8, 3.5881818181818184)","(31.0, 46.0, 44.70967741935484)","(2.6, 3.0, 3.01990171990172)","(3.8, 4.5, 4.407692307692308)","(6.5, 7.8, 7.472549019607843)","(101.0, 200.0, 192.5)"
14-12-2022 14:27:27.447036,"(101.0, 320.0, 263.3333333333333)","(101.0, 270.0, 223.33333333333334)","(3.3, 3.6, 3.6430232558139535)","(31.0, 46.0, 44.18181818181818)","(2.6, 3.1, 3.0130666666666666)","(3.8, 4.5, 4.407692307692308)","(6.5, 7.8, 7.448421052631579)","(101.0, 200.0, 192.94117647058823)"
14-12-2022 14:27:28.876483,"(101.0, 380.0, 263.3333333333333)","(101.0, 270.0, 223.33333333333334)","(3.3, 3.65, 3.6584507042253525)","(31.0, 46.0, 43.64705882352941)","(2.6, 3.1, 3.0079872204472844)","(3.8, 4.5, 4.405263157894737)","(6.5, 7.8, 7.448421052631579)","(101.0, 200.0, 192.94117647058823)"
14-12-2022 14:27:30.262796,"(101.0, 360.0, 305.7142857142857)","(101.0, 270.0, 223.33333333333334)","(3.3, 3.7, 3.6611650485436895)","(31.0, 46.0, 43.64705882352941)","(2.6, 3.1, 3.0089605734767026)","(3.8, 4.5, 4.405263157894737)","(6.5, 7.8, 7.507017543859649)","(101.0, 200.0, 192.94117647058823)"
14-12-2022 14:27:31.562284,"(101.0, 360.0, 312.5)","(101.0, 270.0, 223.33333333333334)","(3.2, 3.7, 3.6611650485436895)","(31.0, 46.0, 43.64705882352941)","(2.6, 3.1, 3.0089605734767026)","(3.9, 4.5, 4.405263157894737)","(6.5, 7.8, 7.507017543859649)","(101.0, 200.0, 192.94117647058823)"
14-12-2022 14:27:32.866978,"(101.0, 340.0, 297.5)","(101.0, 270.0, 223.33333333333334)","(3.2, 3.7, 3.6817733990147783)","(31.0, 46.0, 43.64705882352941)","(2.6, 3.1, 3.020376175548589)","(3.9, 4.4, 4.351229508196721)","(6.5, 7.4, 7.277777777777778)","(101.0, 200.0, 192.94117647058823)"
14-12-2022 14:27:34.136121,"(101.0, 340.0, 302.5)","(101.0, 270.0, 223.33333333333334)","(3.2, 3.7, 3.6758169934640526)","(31.0, 46.0, 44.064516129032256)","(2.6, 3.1, 3.020376175548589)","(3.9, 4.4, 4.351229508196721)","(6.5, 7.4, 7.277777777777778)","(101.0, 200.0, 192.94117647058823)"
14-12-2022 14:27:35.505622,"(101.0, 340.0, 295.0)","(101.0, 270.0, 223.33333333333334)","(3.2, 3.7, 3.6589743589743593)","(31.0, 46.0, 43.9375)","(2.6, 3.1, 3.0158940397350995)","(3.9, 4.4, 4.339593908629442)","(6.5, 7.4, 7.272258064516129)","(101.0, 200.0, 193.33333333333334)"
14-12-2022 14:27:36.824533,"(101.0, 330.0, 243.33333333333334)","(101.0, 270.0, 246.66666666666666)","(3.2, 3.7, 3.6361702127659576)","(31.0, 46.0, 43.142857142857146)","(2.6, 3.1, 3.009608540925267)","(3.9, 4.4, 4.341935483870968)","(6.5, 7.4, 7.2751677852349)","(101.0, 200.0, 196.47058823529412)"
14-12-2022 14:27:38.148932,"(101.0, 320.0, 260.0)","(101.0, 270.0, 268.3333333333333)","(3.2, 3.7, 3.6361702127659576)","(31.0, 46.0, 44.064516129032256)","(2.6, 3.1, 3.006788990825688)","(3.9, 4.4, 4.341935483870968)","(6.5, 7.4, 7.280769230769231)","(101.0, 200.0, 196.47058823529412)"
14-12-2022 14:27:39.532638,"(101.0, 310.0, 236.66666666666666)","(101.0, 280.0, 268.3333333333333)","(3.2, 3.7, 3.675)","(31.0, 46.0, 41.6)","(2.6, 3.1, 3.00248)","(3.9, 4.4, 4.364661654135338)","(6.5, 7.4, 7.291666666666667)","(101.0, 200.0, 196.47058823529412)"
14-12-2022 14:27:40.840068,"(101.0, 330.0, 232.5)","(101.0, 280.0, 253.75)","(3.2, 3.75, 3.6662162162162164)","(31.0, 44.0, 42.285714285714285)","(2.6, 3.05, 3.0186451612903227)","(3.9, 4.5, 4.386792452830188)","(6.5, 7.4, 7.2924137931034485)","(101.0, 200.0, 187.27272727272728)"
14-12-2022 14:27:42.153609,"(101.0, 320.0, 260.0)","(101.0, 280.0, 260.0)","(3.2, 3.7, 3.6773480662983427)","(31.0, 44.0, 45.186440677966104)","(2.6, 3.05, 3.0436283185840707)","(3.9, 4.5, 4.3427860696517415)","(6.5, 7.4, 7.735922330097087)","(101.0, 210.0, 189.16666666666666)"
14-12-2022 14:27:43.366743,"(101.0, 380.0, 332.5)","(101.0, 280.0, 260.0)","(3.2, 3.7, 3.6773480662983427)","(31.0, 46.0, 45.186440677966104)","(2.6, 3.05, 3.045384615384615)","(3.9, 4.5, 4.338565022421524)","(6.5, 7.8, 7.786666666666666)","(101.0, 210.0, 176.66666666666666)"
14-12-2022 14:27:44.556080,"(101.0, 370.0, 316.0)","(101.0, 270.0, 260.0)","(3.2, 3.7, 3.7192105263157895)","(31.0, 46.0, 41.84313725490196)","(2.6, 3.05, 3.0437499999999997)","(3.9, 4.5, 4.3605633802816905)","(6.5, 7.8, 7.780645161290322)","(101.0, 210.0, 191.8181818181818)"
14-12-2022 14:27:45.748646,"(101.0, 370.0, 310.0)","(101.0, 270.0, 260.0)","(3.2, 3.75, 3.7192105263157895)","(31.0, 42.0, 41.84313725490196)","(2.6, 3.05, 3.0404109589041095)","(3.9, 4.4, 4.363157894736842)","(6.5, 7.8, 7.743307086614173)","(101.0, 210.0, 178.0)"
14-12-2022 14:27:46.935516,"(101.0, 350.0, 250.0)","(101.0, 270.0, 260.0)","(3.2, 3.75, 3.7227906976744185)","(31.0, 42.0, 44.0)","(2.6, 3.05, 3.0033333333333334)","(3.9, 4.4, 4.3605633802816905)","(6.5, 7.8, 7.729411764705882)","(101.0, 210.0, 191.8181818181818)"
14-12-2022 14:27:48.115256,"(101.0, 350.0, 250.0)","(101.0, 270.0, 260.0)","(3.2, 3.75, 3.7192105263157895)","(31.0, 46.0, 44.0)","(2.6, 3.05, 2.9805)","(3.9, 4.4, 4.3605633802816905)","(6.5, 7.8, 7.4363636363636365)","(101.0, 210.0, 191.8181818181818)"
14-12-2022 14:27:49.194341,"(101.0, 330.0, 226.0)","(101.0, 270.0, 260.0)","(3.2, 3.75, 3.718716577540107)","(31.0, 46.0, 44.0)","(2.6, 3.05, 2.9803070175438595)","(3.9, 4.4, 4.3605633802816905)","(6.5, 7.8, 7.56793893129771)","(101.0, 210.0, 191.8181818181818)"
14-12-2022 14:27:50.297081,"(101.0, 330.0, 226.0)","(101.0, 270.0, 245.0)","(3.2, 3.75, 3.7180851063829787)","(31.0, 44.0, 42.857142857142854)","(2.6, 3.05, 3.0082720588235294)","(3.9, 4.4, 4.3605633802816905)","(6.5, 7.8, 7.56793893129771)","(101.0, 210.0, 191.8181818181818)"
14-12-2022 14:27:51.586784,"(101.0, 330.0, 265.0)","(101.0, 270.0, 258.0)","(3.2, 3.75, 3.7125)","(31.0, 44.0, 42.857142857142854)","(2.6, 3.05, 3.0082720588235294)","(3.9, 4.4, 4.3605633802816905)","(6.5, 7.8, 7.56793893129771)","(101.0, 210.0, 191.8181818181818)"
14-12-2022 14:27:52.847432,"(101.0, 320.0, 220.0)","(101.0, 270.0, 225.0)","(3.2, 3.75, 3.7125)","(31.0, 44.0, 42.857142857142854)","(2.6, 3.05, 3.008876811594203)","(3.9, 4.4, 4.345744680851064)","(6.5, 7.8, 7.678333333333333)","(101.0, 210.0, 191.8181818181818)"
14-12-2022 14:27:54.058971,"(101.0, 310.0, 255.0)","(101.0, 270.0, 225.0)","(3.2, 3.75, 3.7180851063829787)","(31.0, 44.0, 42.857142857142854)","(2.6, 3.05, 3.021338383838384)","(3.9, 4.4, 4.314492753623188)","(6.5, 7.8, 7.678333333333333)","(101.0, 210.0, 191.8181818181818)"
14-12-2022 14:27:55.278700,"(101.0, 300.0, 233.33333333333334)","(101.0, 270.0, 225.0)","(3.2, 3.75, 3.7128151260504203)","(31.0, 44.0, 42.857142857142854)","(2.6, 3.05, 2.9463813229571985)","(3.9, 4.4, 4.376271186440678)","(6.5, 7.8, 7.435955056179775)","(101.0, 210.0, 191.8181818181818)"
14-12-2022 14:27:56.453696,"(101.0, 300.0, 233.33333333333334)","(101.0, 270.0, 225.0)","(3.2, 3.75, 3.7128151260504203)","(31.0, 44.0, 42.857142857142854)","(2.6, 2.98, 2.9481031307550642)","(3.9, 4.4, 4.407602339181287)","(6.5, 7.8, 7.523893805309735)","(101.0, 210.0, 195.0)"
14-12-2022 14:27:57.715492,"(101.0, 300.0, 270.0)","(101.0, 270.0, 225.0)","(3.2, 3.75, 3.711133603238866)","(31.0, 44.0, 42.90909090909091)","(2.6, 2.98, 2.9481031307550642)","(3.9, 4.5, 4.407602339181287)","(6.5, 7.8, 7.511111111111111)","(101.0, 210.0, 183.33333333333334)"
14-12-2022 14:27:58.926217,"(101.0, 330.0, 290.0)","(101.0, 270.0, 225.0)","(3.2, 3.75, 3.711133603238866)","(31.0, 44.0, 42.90909090909091)","(2.6, 2.98, 2.9481031307550642)","(3.9, 4.5, 4.407602339181287)","(6.5, 7.8, 7.424096385542169)","(101.0, 210.0, 170.0)"
14-12-2022 14:28:00.014143,"(101.0, 310.0, 285.0)","(101.0, 270.0, 215.0)","(3.2, 3.75, 3.711133603238866)","(31.0, 44.0, 42.90909090909091)","(2.6, 2.98, 2.9481031307550642)","(3.9, 4.5, 4.407602339181287)","(6.5, 7.8, 7.432941176470589)","(101.0, 210.0, 180.0)"
14-12-2022 14:28:01.200382,"(101.0, 310.0, 287.77777777777777)","(101.0, 270.0, 215.0)","(3.2, 3.75, 3.711133603238866)","(31.0, 44.0, 42.90909090909091)","(2.6, 2.98, 2.9923076923076923)","(3.9, 4.5, 4.395535714285715)","(6.5, 7.8, 7.47945205479452)","(101.0, 210.0, 170.0)"
14-12-2022 14:28:02.376604,"(101.0, 320.0, 292.5)","(101.0, 270.0, 215.0)","(3.2, 3.75, 3.700515463917526)","(31.0, 44.0, 43.04)","(2.6, 3.1, 2.9961797752808987)","(3.9, 4.4, 4.395495495495496)","(6.5, 7.8, 7.437209302325582)","(101.0, 210.0, 170.0)"
14-12-2022 14:28:03.549547,"(101.0, 320.0, 292.5)","(101.0, 270.0, 227.5)","(3.2, 3.75, 3.7067567567567568)","(31.0, 44.0, 42.985915492957744)","(2.6, 3.1, 2.996317280453258)","(3.9, 4.4, 4.395283018867925)","(6.5, 7.8, 7.437209302325582)","(101.0, 210.0, 170.0)"
14-12-2022 14:28:04.764371,"(101.0, 330.0, 300.0)","(101.0, 260.0, 236.36363636363637)","(3.2, 3.75, 3.7067567567567568)","(31.0, 44.0, 42.985915492957744)","(2.6, 3.1, 2.9945244956772332)","(3.9, 4.4, 4.395283018867925)","(6.5, 7.8, 7.437209302325582)","(101.0, 210.0, 170.0)"
14-12-2022 14:28:05.969341,"(101.0, 320.0, 283.3333333333333)","(101.0, 260.0, 236.36363636363637)","(3.2, 3.75, 3.7067567567567568)","(31.0, 44.0, 41.827586206896555)","(2.6, 3.1, 3.001081081081081)","(3.9, 4.4, 4.395283018867925)","(6.5, 7.8, 7.437209302325582)","(101.0, 210.0, 170.0)"
14-12-2022 14:28:07.121531,"(101.0, 320.0, 283.3333333333333)","(101.0, 250.0, 220.0)","(3.2, 3.75, 3.7067567567567568)","(31.0, 42.0, 41.827586206896555)","(2.6, 3.1, 3.001081081081081)","(3.9, 4.4, 4.395283018867925)","(6.5, 7.8, 7.437209302325582)","(101.0, 210.0, 170.0)"
14-12-2022 14:28:08.339345,"(101.0, 310.0, 285.0)","(101.0, 250.0, 220.0)","(3.2, 3.75, 3.703623188405797)","(31.0, 42.0, 41.85964912280702)","(2.6, 3.1, 2.9933980582524273)","(3.9, 4.4, 4.372924187725632)","(6.5, 7.8, 7.435955056179775)","(101.0, 210.0, 170.0)"
14-12-2022 14:28:09.580590,"(101.0, 310.0, 285.0)","(101.0, 250.0, 228.1818181818182)","(3.2, 3.75, 3.6997109826589596)","(31.0, 42.0, 41.85964912280702)","(2.6, 3.1, 2.9933980582524273)","(3.9, 4.5, 4.372924187725632)","(6.5, 7.8, 7.435955056179775)","(101.0, 210.0, 170.0)"
14-12-2022 14:28:10.811275,"(101.0, 310.0, 277.5)","(101.0, 250.0, 202.0)","(3.2, 3.75, 3.6607692307692306)","(31.0, 42.0, 42.985915492957744)","(2.6, 3.1, 3.0255555555555556)","(3.9, 4.5, 4.383056478405315)","(6.5, 7.8, 7.447826086956522)","(101.0, 210.0, 170.0)"
14-12-2022 14:28:11.970849,"(101.0, 300.0, 277.5)","(101.0, 250.0, 202.0)","(3.2, 3.75, 3.6607692307692306)","(31.0, 44.0, 42.985915492957744)","(2.6, 3.05, 3.0255555555555556)","(3.9, 4.5, 4.383056478405315)","(6.5, 7.8, 7.447826086956522)","(101.0, 210.0, 170.0)"
14-12-2022 14:28:13.159019,"(101.0, 300.0, 204.0)","(101.0, 230.0, 219.0)","(3.2, 3.85, 3.73)","(31.0, 40.0, 38.18779342723005)","(2.6, 3.1, 3.089130434782609)","(3.9, 4.4, 4.386666666666667)","(6.5, 7.8, 7.437313432835821)","(101.0, 140.0, 137.85714285714286)"
14-12-2022 14:28:14.374014,"(101.0, 300.0, 220.0)","(101.0, 230.0, 220.0)","(3.2, 3.85, 3.7887640449438202)","(31.0, 40.0, 38.76190476190476)","(2.6, 3.1, 3.0688)","(3.9, 4.4, 4.3816046966731905)","(6.5, 7.8, 7.434782608695652)","(101.0, 140.0, 137.85714285714286)"
14-12-2022 14:28:15.559514,"(101.0, 280.0, 210.0)","(101.0, 220.0, 210.90909090909093)","(3.2, 3.8, 3.7371794871794872)","(31.0, 40.0, 41.67741935483871)","(2.6, 3.1, 3.066086956521739)","(3.9, 4.4, 4.3816046966731905)","(6.5, 7.8, 7.488888888888889)","(101.0, 140.0, 146.0)"
14-12-2022 14:28:16.721305,"(101.0, 280.0, 210.0)","(101.0, 210.0, 201.8181818181818)","(3.2, 3.8, 3.7371794871794872)","(31.0, 44.0, 41.67741935483871)","(2.6, 3.1, 3.0785714285714283)","(3.9, 4.4, 4.3816046966731905)","(6.5, 7.8, 7.488888888888889)","(101.0, 150.0, 146.66666666666666)"
14-12-2022 14:28:17.846128,"(101.0, 270.0, 183.33333333333334)","(101.0, 210.0, 201.8181818181818)","(3.2, 3.8, 3.750662251655629)","(31.0, 44.0, 41.67741935483871)","(2.6, 3.15, 3.0689189189189188)","(3.9, 4.4, 4.3816046966731905)","(6.5, 7.8, 7.488888888888889)","(101.0, 150.0, 146.66666666666666)"
14-12-2022 14:28:19.051902,"(101.0, 270.0, 183.33333333333334)","(101.0, 190.0, 183.63636363636363)","(3.2, 3.8, 3.7519607843137255)","(31.0, 44.0, 41.06122448979592)","(2.6, 3.15, 3.1066176470588234)","(3.9, 4.4, 4.379497098646035)","(6.5, 7.8, 7.488888888888889)","(101.0, 150.0, 146.66666666666666)"
14-12-2022 14:28:20.265022,"(101.0, 270.0, 183.33333333333334)","(101.0, 190.0, 183.63636363636363)","(3.2, 3.8, 3.7519607843137255)","(31.0, 44.0, 41.45882352941177)","(2.6, 3.15, 3.10352422907489)","(3.9, 4.4, 4.382318271119843)","(6.5, 7.8, 7.439024390243903)","(101.0, 150.0, 146.66666666666666)"
14-12-2022 14:28:21.451139,"(101.0, 280.0, 186.66666666666666)","(101.0, 180.0, 169.0909090909091)","(3.2, 3.8, 3.7519607843137255)","(31.0, 44.0, 41.45882352941177)","(2.6, 3.2, 3.064788732394366)","(3.9, 4.4, 4.382677165354331)","(6.5, 7.8, 7.439024390243903)","(101.0, 150.0, 146.92307692307693)"
14-12-2022 14:28:22.734823,"(101.0, 280.0, 186.66666666666666)","(101.0, 180.0, 169.0909090909091)","(3.2, 3.8, 3.7519607843137255)","(31.0, 44.0, 41.45882352941177)","(2.6, 3.2, 3.064788732394366)","(3.9, 4.4, 4.352631578947369)","(6.5, 7.8, 7.397872340425533)","(101.0, 150.0, 146.92307692307693)"
14-12-2022 14:28:24.001494,"(101.0, 270.0, 183.33333333333334)","(101.0, 170.0, 160.9090909090909)","(3.2, 3.8, 3.72303664921466)","(31.0, 44.0, 41.45882352941177)","(2.6, 3.2, 3.0629729729729727)","(3.9, 4.4, 4.352631578947369)","(6.5, 7.4, 7.398165137614679)","(101.0, 150.0, 142.94117647058823)"
14-12-2022 14:28:25.414623,"(101.0, 270.0, 183.33333333333334)","(101.0, 160.0, 145.71428571428572)","(3.2, 3.8, 3.73013698630137)","(31.0, 44.0, 41.45882352941177)","(2.6, 3.2, 3.0629729729729727)","(3.9, 4.4, 4.352631578947369)","(6.5, 7.4, 7.958620689655173)","(101.0, 150.0, 146.92307692307693)"
14-12-2022 14:28:26.861114,"(101.0, 260.0, 200.0)","(101.0, 160.0, 145.71428571428572)","(3.2, 3.75, 3.73013698630137)","(31.0, 44.0, 41.45882352941177)","(2.6, 3.2, 3.0629729729729727)","(3.9, 4.4, 4.352631578947369)","(6.5, 8.0, 7.958620689655173)","(101.0, 150.0, 142.94117647058823)"
14-12-2022 14:28:28.377770,"(101.0, 250.0, 184.0)","(101.0, 160.0, 145.71428571428572)","(3.2, 3.75, 3.7242647058823533)","(31.0, 44.0, 41.45882352941177)","(2.6, 3.2, 3.0713197969543145)","(3.9, 4.4, 4.290272373540856)","(6.5, 8.0, 7.958620689655173)","(101.0, 150.0, 146.92307692307693)"
14-12-2022 14:28:29.789003,"(101.0, 240.0, 190.0)","(101.0, 160.0, 145.71428571428572)","(3.2, 3.75, 3.7242647058823533)","(31.0, 44.0, 41.45882352941177)","(2.6, 3.2, 3.0713197969543145)","(3.9, 4.3, 4.290272373540856)","(6.5, 8.0, 7.423762376237624)","(101.0, 150.0, 141.42857142857142)"
14-12-2022 14:28:31.218226,"(101.0, 240.0, 173.33333333333334)","(101.0, 160.0, 145.0)","(3.2, 3.75, 3.721311475409836)","(31.0, 44.0, 41.72631578947369)","(2.6, 3.2, 3.130864197530864)","(3.9, 4.4, 4.319310344827586)","(6.5, 8.0, 7.821122112211221)","(101.0, 150.0, 143.33333333333334)"
14-12-2022 14:28:32.541635,"(101.0, 240.0, 190.0)","(101.0, 170.0, 158.57142857142858)","(3.2, 3.8, 3.714606741573034)","(31.0, 44.0, 41.93333333333333)","(2.6, 3.15, 3.1271999999999998)","(3.9, 4.4, 4.321374045801527)","(6.5, 8.0, 7.827350427350427)","(101.0, 150.0, 141.42857142857142)"
14-12-2022 14:28:33.859229,"(101.0, 260.0, 188.0)","(101.0, 170.0, 160.9090909090909)","(3.2, 3.8, 3.761809045226131)","(31.0, 42.0, 41.93333333333333)","(2.6, 3.15, 3.0765432098765433)","(3.9, 4.4, 4.339766081871345)","(6.5, 8.0, 7.824884792626728)","(101.0, 150.0, 141.42857142857142)"
14-12-2022 14:28:35.264721,"(101.0, 250.0, 195.0)","(101.0, 170.0, 160.9090909090909)","(3.2, 3.8, 3.765771812080537)","(31.0, 42.0, 41.93333333333333)","(2.6, 3.1, 3.079047619047619)","(3.9, 4.4, 4.337951807228916)","(6.5, 8.0, 7.816425120772947)","(101.0, 150.0, 141.42857142857142)"
14-12-2022 14:28:36.795609,"(101.0, 260.0, 188.0)","(101.0, 170.0, 160.9090909090909)","(3.2, 3.8, 3.7628048780487804)","(31.0, 42.0, 41.93333333333333)","(2.6, 3.1, 3.0446745562130175)","(3.9, 4.4, 4.337951807228916)","(6.5, 8.0, 7.806796116504854)","(101.0, 150.0, 141.42857142857142)"
14-12-2022 14:28:38.238802,"(101.0, 250.0, 170.0)","(101.0, 170.0, 160.9090909090909)","(3.2, 3.8, 3.734468085106383)","(31.0, 42.0, 41.934065934065934)","(2.6, 3.05, 3.2616412213740458)","(3.9, 4.4, 4.291119691119691)","(6.5, 8.0, 7.37)","(101.0, 150.0, 140.76923076923077)"
14-12-2022 14:28:39.632184,"(101.0, 250.0, 190.0)","(101.0, 170.0, 158.88888888888889)","(3.2, 3.8, 3.7479591836734696)","(31.0, 44.0, 41.80769230769231)","(2.6, 3.3, 3.0919354838709676)","(3.9, 4.3, 4.363486842105264)","(6.5, 7.4, 7.770422535211267)","(101.0, 150.0, 141.42857142857142)"
14-12-2022 14:28:40.891811,"(101.0, 250.0, 190.0)","(101.0, 130.0, 124.44444444444444)","(3.2, 3.8, 3.7479591836734696)","(31.0, 42.0, 41.80769230769231)","(2.6, 3.15, 3.0636363636363635)","(3.9, 4.4, 4.336206896551724)","(6.5, 7.8, 7.66)","(101.0, 150.0, 142.0)"
14-12-2022 14:28:42.067693,"(101.0, 260.0, 216.66666666666669)","(101.0, 120.0, 117.6470588235294)","(3.2, 3.8, 3.7465968586387435)","(31.0, 44.0, 41.69230769230769)","(2.6, 3.15, 3.106818181818182)","(3.9, 4.4, 4.336206896551724)","(6.5, 7.8, 7.66)","(101.0, 150.0, 136.66666666666666)"
14-12-2022 14:28:43.258814,"(101.0, 250.0, 190.0)","(101.0, 120.0, 117.14285714285714)","(3.2, 3.8, 3.7468421052631578)","(31.0, 42.0, 39.23076923076923)","(2.6, 3.15, 3.131470588235294)","(3.9, 4.4, 4.349773755656109)","(6.5, 7.8, 7.5200000000000005)","(101.0, 150.0, 142.0)"
14-12-2022 14:28:44.442125,"(101.0, 260.0, 216.66666666666669)","(101.0, 120.0, 118.26086956521739)","(3.2, 3.8, 3.7627659574468084)","(31.0, 42.0, 39.23076923076923)","(2.6, 3.15, 3.131470588235294)","(3.9, 4.4, 4.349773755656109)","(6.5, 7.8, 7.5200000000000005)","(101.0, 150.0, 138.0)"
14-12-2022 14:28:45.698151,"(101.0, 250.0, 232.85714285714286)","(101.0, 120.0, 118.33333333333333)","(3.2, 3.8, 3.7675925925925924)","(31.0, 42.0, 39.62162162162162)","(2.6, 3.1, 3.0953237410071943)","(3.9, 4.4, 4.345049504950495)","(6.5, 7.8, 7.391666666666667)","(101.0, 150.0, 144.28571428571428)"
14-12-2022 14:28:46.884042,"(101.0, 250.0, 234.0)","(101.0, 120.0, 118.33333333333333)","(3.2, 3.8, 3.7862944162436545)","(31.0, 42.0, 38.333333333333336)","(2.6, 3.1, 3.037837837837838)","(3.9, 4.4, 4.326573426573426)","(6.5, 7.4, 7.391666666666667)","(101.0, 150.0, 147.64705882352942)"
14-12-2022 14:28:48.067349,"(101.0, 260.0, 205.0)","(101.0, 120.0, 118.33333333333333)","(3.2, 3.75, 3.744973544973545)","(31.0, 42.0, 37.111111111111114)","(2.6, 3.1, 3.0545112781954886)","(3.9, 4.4, 4.345370370370371)","(6.5, 7.4, 7.393006993006994)","(101.0, 150.0, 144.28571428571428)"
14-12-2022 14:28:49.238614,"(101.0, 250.0, 183.33333333333334)","(101.0, 110.0, 109.0)","(3.2, 3.75, 3.744946808510638)","(31.0, 42.0, 37.111111111111114)","(2.6, 3.1, 3.0545112781954886)","(3.9, 4.4, 4.345370370370371)","(6.5, 7.4, 7.393006993006994)","(101.0, 150.0, 144.28571428571428)"
14-12-2022 14:28:50.336873,"(101.0, 250.0, 225.0)","(101.0, 110.0, 109.23076923076923)","(3.2, 3.8, 3.779230769230769)","(31.0, 42.0, 38.74074074074074)","(2.6, 3.1, 3.0612179487179487)","(3.9, 4.4, 4.381578947368421)","(6.5, 7.6, 7.526315789473684)","(101.0, 150.0, 143.33333333333334)"
14-12-2022 14:28:51.383786,"(101.0, 260.0, 192.5)","(101.0, 120.0, 112.0)","(3.2, 3.75, 3.7426470588235294)","(31.0, 40.0, 39.1578947368421)","(2.6, 3.1, 3.044580152671756)","(3.9, 4.5, 4.455813953488372)","(6.5, 7.8, 7.707692307692308)","(101.0, 150.0, 142.0)"
14-12-2022 14:28:52.509606,"(101.0, 250.0, 210.0)","(101.0, 120.0, 112.0)","(3.2, 3.75, 3.7426470588235294)","(31.0, 40.0, 37.714285714285715)","(2.6, 3.1, 3.0481632653061226)","(3.9, 4.5, 4.461616161616162)","(6.5, 7.8, 7.68)","(101.0, 150.0, 143.33333333333334)"
14-12-2022 14:28:53.709055,"(101.0, 250.0, 177.27272727272728)","(101.0, 120.0, 117.33333333333333)","(3.2, 3.85, 3.7496575342465754)","(31.0, 40.0, 39.68181818181818)","(2.6, 3.05, 3.0226363636363636)","(3.9, 4.5, 4.461616161616162)","(6.5, 7.8, 7.4)","(101.0, 150.0, 148.26086956521738)"
14-12-2022 14:28:54.889187,"(101.0, 230.0, 200.0)","(101.0, 120.0, 117.33333333333333)","(3.2, 3.85, 3.7395728643216084)","(31.0, 40.0, 39.37037037037037)","(2.6, 3.05, 3.0201067615658364)","(3.9, 4.5, 4.464150943396227)","(6.5, 7.8, 7.275)","(101.0, 150.0, 162.30769230769232)"
14-12-2022 14:28:56.092306,"(101.0, 230.0, 200.0)","(101.0, 120.0, 117.33333333333333)","(3.2, 3.85, 3.7308943089430895)","(31.0, 40.0, 39.37037037037037)","(2.6, 3.05, 3.0201067615658364)","(3.9, 4.5, 4.472857142857143)","(6.5, 7.8, 7.3100000000000005)","(101.0, 190.0, 162.8125)"
14-12-2022 14:28:57.189607,"(101.0, 230.0, 200.0)","(101.0, 120.0, 117.33333333333333)","(3.2, 3.85, 3.709584664536741)","(31.0, 40.0, 39.37037037037037)","(2.6, 3.05, 3.0201067615658364)","(3.9, 4.5, 4.472857142857143)","(6.5, 7.8, 7.3)","(101.0, 180.0, 152.5)"
14-12-2022 14:28:58.274037,"(101.0, 230.0, 200.0)","(101.0, 120.0, 116.0)","(3.2, 3.8, 3.7581395348837208)","(31.0, 40.0, 39.37037037037037)","(2.6, 3.05, 3.0202127659574467)","(3.9, 4.5, 4.468852459016394)","(6.5, 7.8, 7.3)","(101.0, 180.0, 154.11764705882354)"
14-12-2022 14:28:59.445823,"(101.0, 230.0, 200.0)","(101.0, 120.0, 116.0)","(3.2, 3.85, 3.8006734006734004)","(31.0, 40.0, 39.12820512820513)","(2.6, 3.05, 3.008415841584158)","(3.9, 4.5, 4.468852459016394)","(6.5, 7.8, 7.3)","(101.0, 180.0, 154.11764705882354)"
14-12-2022 14:29:00.632327,"(101.0, 230.0, 200.0)","(101.0, 120.0, 116.0)","(3.2, 3.8, 3.773529411764706)","(31.0, 40.0, 39.12820512820513)","(2.6, 3.05, 3.012995594713656)","(3.9, 4.5, 4.468852459016394)","(6.5, 7.8, 7.339682539682539)","(101.0, 180.0, 154.11764705882354)"
14-12-2022 14:29:01.804276,"(101.0, 230.0, 200.0)","(101.0, 130.0, 123.33333333333333)","(3.2, 3.8, 3.6777070063694266)","(31.0, 40.0, 39.12820512820513)","(2.6, 3.1, 3.058455882352941)","(3.9, 4.5, 4.427586206896552)","(6.5, 7.8, 7.481283422459893)","(101.0, 180.0, 154.11764705882354)"
14-12-2022 14:29:02.981405,"(101.0, 230.0, 200.0)","(101.0, 130.0, 124.0)","(3.2, 3.8, 3.6980263157894737)","(31.0, 40.0, 39.521126760563384)","(2.6, 3.1, 3.050422297297297)","(3.9, 4.6, 4.5009900990099005)","(6.5, 7.8, 7.308791208791209)","(101.0, 180.0, 162.5)"
14-12-2022 14:29:04.116995,"(101.0, 230.0, 190.0)","(101.0, 140.0, 121.66666666666667)","(3.2, 3.7, 3.671597633136095)","(31.0, 40.0, 39.78125)","(2.6, 3.1, 3.011354961832061)","(3.9, 4.6, 4.55406976744186)","(6.5, 7.8, 7.3545454545454545)","(101.0, 170.0, 154.11764705882354)"
14-12-2022 14:29:05.288584,"(101.0, 240.0, 200.0)","(101.0, 130.0, 124.0)","(3.2, 3.7, 3.6873684210526316)","(31.0, 40.0, 39.78125)","(2.6, 3.05, 3.0455223880597013)","(3.9, 4.6, 4.556050955414013)","(6.5, 7.4, 7.342857142857143)","(101.0, 180.0, 155.55555555555554)"
14-12-2022 14:29:06.385941,"(101.0, 240.0, 193.33333333333334)","(101.0, 130.0, 125.71428571428571)","(3.2, 3.7, 3.6873684210526316)","(31.0, 40.0, 39.78125)","(2.6, 3.05, 3.047391304347826)","(3.9, 4.6, 4.5575)","(6.5, 7.4, 7.3304347826086955)","(101.0, 180.0, 155.55555555555554)"
14-12-2022 14:29:07.520704,"(101.0, 240.0, 200.0)","(101.0, 140.0, 130.83333333333334)","(3.2, 3.7, 3.68420245398773)","(31.0, 40.0, 39.77777777777778)","(2.6, 3.05, 3.046655518394649)","(3.9, 4.6, 4.5575)","(6.5, 7.4, 7.2164383561643834)","(101.0, 180.0, 155.55555555555554)"
14-12-2022 14:29:08.667940,"(101.0, 240.0, 200.0)","(101.0, 140.0, 130.83333333333334)","(3.2, 3.7, 3.68420245398773)","(31.0, 40.0, 39.77777777777778)","(2.6, 3.05, 3.046655518394649)","(3.9, 4.6, 4.5575)","(6.5, 7.4, 7.2164383561643834)","(101.0, 180.0, 164.28571428571428)"
14-12-2022 14:29:09.823843,"(101.0, 240.0, 200.0)","(101.0, 140.0, 130.83333333333334)","(3.2, 3.7, 3.6982051282051285)","(31.0, 40.0, 39.791044776119406)","(2.6, 3.1, 3.0140686922060764)","(3.9, 4.6, 4.556129032258064)","(6.5, 7.4, 7.238938053097345)","(101.0, 180.0, 155.83333333333334)"
14-12-2022 14:29:11.012412,"(101.0, 240.0, 193.33333333333334)","(101.0, 140.0, 130.83333333333334)","(3.2, 3.8, 3.7017412935323386)","(31.0, 40.0, 39.791044776119406)","(2.6, 3.05, 3.0140686922060764)","(3.9, 4.6, 4.556129032258064)","(6.5, 7.4, 7.238938053097345)","(101.0, 160.0, 155.83333333333334)"
14-12-2022 14:29:12.185863,"(101.0, 240.0, 155.71428571428572)","(101.0, 140.0, 131.66666666666666)","(3.2, 3.8, 3.6895287958115186)","(31.0, 40.0, 39.57746478873239)","(2.6, 3.05, 3.0151679306608883)","(3.9, 4.6, 4.552173913043478)","(6.5, 7.4, 7.242424242424242)","(101.0, 160.0, 156.66666666666666)"
14-12-2022 14:29:13.272209,"(101.0, 170.0, 152.0)","(101.0, 140.0, 131.25)","(3.2, 3.8, 3.701732673267327)","(31.0, 40.0, 39.97014925373134)","(2.6, 3.05, 3.0135973763874873)","(3.9, 4.6, 4.585321100917431)","(6.5, 7.4, 7.26)","(101.0, 160.0, 168.94736842105263)"
14-12-2022 14:29:14.352747,"(101.0, 170.0, 158.0)","(101.0, 140.0, 132.22222222222223)","(3.2, 3.8, 3.7256410256410257)","(31.0, 40.0, 39.97014925373134)","(2.6, 3.05, 3.0134127789046654)","(3.9, 4.6, 4.585238095238095)","(6.5, 7.4, 7.2532258064516135)","(101.0, 180.0, 168.94736842105263)"
14-12-2022 14:29:15.398303,"(101.0, 160.0, 152.5)","(101.0, 140.0, 132.22222222222223)","(3.2, 3.8, 3.73781512605042)","(31.0, 40.0, 39.97014925373134)","(2.6, 3.05, 3.0134263959390863)","(3.9, 4.6, 4.564772727272727)","(6.5, 7.4, 7.2532258064516135)","(101.0, 180.0, 164.44444444444446)"
14-12-2022 14:29:16.430222,"(101.0, 160.0, 152.5)","(101.0, 140.0, 132.22222222222223)","(3.2, 3.8, 3.739714867617108)","(31.0, 40.0, 39.97014925373134)","(2.6, 3.05, 3.0253184713375796)","(3.9, 4.6, 4.583597883597883)","(6.5, 7.4, 7.250381679389313)","(101.0, 180.0, 164.44444444444446)"
14-12-2022 14:29:17.574802,"(101.0, 160.0, 152.5)","(101.0, 140.0, 132.22222222222223)","(3.2, 3.8, 3.7160472972972975)","(31.0, 40.0, 39.97014925373134)","(2.6, 3.05, 3.017573221757322)","(3.9, 4.6, 4.578472222222222)","(6.5, 7.4, 7.250381679389313)","(101.0, 180.0, 168.33333333333334)"
14-12-2022 14:29:18.733682,"(101.0, 160.0, 152.5)","(101.0, 140.0, 132.22222222222223)","(3.2, 3.75, 3.7160472972972975)","(31.0, 40.0, 39.97014925373134)","(2.6, 3.05, 3.003612716763006)","(3.9, 4.6, 4.588356164383561)","(6.5, 7.4, 7.26235741444867)","(101.0, 180.0, 168.57142857142858)"
14-12-2022 14:29:19.844568,"(101.0, 160.0, 152.5)","(101.0, 140.0, 131.14285714285714)","(3.2, 3.7, 3.662888888888889)","(31.0, 42.0, 40.810810810810814)","(2.6, 3.05, 3.087055837563452)","(3.9, 4.6, 4.591981132075471)","(6.5, 7.4, 7.259689922480621)","(101.0, 170.0, 168.75)"
14-12-2022 14:29:20.943614,"(101.0, 160.0, 154.0)","(101.0, 140.0, 131.6216216216216)","(3.2, 3.7, 3.6634085213032583)","(31.0, 42.0, 40.625)","(2.6, 3.15, 3.070547945205479)","(3.9, 4.6, 4.591191709844559)","(6.5, 7.4, 7.259143968871595)","(101.0, 170.0, 168.75)"
14-12-2022 14:29:22.003527,"(101.0, 160.0, 154.0)","(101.0, 140.0, 131.3953488372093)","(3.2, 3.7, 3.6814465408805033)","(31.0, 42.0, 40.625)","(2.6, 3.15, 3.107361963190184)","(3.9, 4.6, 4.588372093023255)","(6.5, 7.4, 7.259607843137255)","(101.0, 170.0, 168.75)"
14-12-2022 14:29:23.091198,"(101.0, 160.0, 154.0)","(101.0, 140.0, 131.3953488372093)","(3.2, 3.7, 3.691666666666667)","(31.0, 42.0, 41.27472527472528)","(2.6, 3.15, 3.060948905109489)","(3.9, 4.6, 4.590196078431372)","(6.5, 7.4, 7.259607843137255)","(101.0, 170.0, 168.75)"
14-12-2022 14:29:24.220746,"(101.0, 160.0, 154.0)","(101.0, 140.0, 131.3953488372093)","(3.2, 3.7, 3.7113702623906706)","(31.0, 42.0, 40.42857142857143)","(2.6, 3.15, 3.0297979797979795)","(3.9, 4.6, 4.67906976744186)","(6.5, 7.4, 7.288448844884488)","(101.0, 170.0, 165.71428571428572)"
14-12-2022 14:29:25.406456,"(101.0, 160.0, 155.0)","(101.0, 140.0, 134.44444444444446)","(3.2, 3.75, 3.71021021021021)","(31.0, 42.0, 40.42857142857143)","(2.6, 3.05, 3.0326576576576576)","(3.9, 4.7, 4.672340425531915)","(6.5, 7.4, 7.286195286195286)","(101.0, 190.0, 165.71428571428572)"
14-12-2022 14:29:26.559453,"(101.0, 160.0, 155.0)","(101.0, 140.0, 134.44444444444446)","(3.2, 3.75, 3.7082018927444795)","(31.0, 42.0, 40.642857142857146)","(2.6, 3.05, 2.991056603773585)","(3.9, 4.7, 4.666929133858268)","(6.5, 7.4, 7.058064516129033)","(101.0, 190.0, 165.71428571428572)"
14-12-2022 14:29:27.736328,"(101.0, 170.0, 160.0)","(101.0, 140.0, 135.83333333333334)","(3.2, 3.75, 3.7138655462184875)","(31.0, 42.0, 40.94444444444444)","(2.6, 3.0, 3.007643312101911)","(3.9, 4.7, 4.676582278481012)","(6.5, 7.2, 7.019753086419753)","(101.0, 190.0, 176.36363636363637)"
14-12-2022 14:29:28.725574,"(101.0, 170.0, 162.5)","(101.0, 140.0, 135.83333333333334)","(3.2, 3.75, 3.7138655462184875)","(31.0, 42.0, 40.94444444444444)","(2.6, 3.05, 3.007643312101911)","(3.9, 4.7, 4.676582278481012)","(6.5, 7.2, 7.019753086419753)","(101.0, 190.0, 176.36363636363637)"
14-12-2022 14:29:29.840852,"(101.0, 170.0, 164.0)","(101.0, 140.0, 136.05263157894737)","(3.2, 3.75, 3.7195035460992907)","(31.0, 42.0, 40.857142857142854)","(2.6, 3.0, 2.9973507462686566)","(3.9, 4.7, 4.665094339622642)","(6.5, 7.4, 7.253658536585366)","(101.0, 190.0, 177.5)"
14-12-2022 14:29:30.902452,"(101.0, 170.0, 164.0)","(101.0, 140.0, 136.05263157894737)","(3.2, 3.75, 3.7195035460992907)","(31.0, 42.0, 40.857142857142854)","(2.6, 3.0, 2.9973507462686566)","(3.9, 4.7, 4.665094339622642)","(6.5, 7.4, 7.253658536585366)","(101.0, 190.0, 177.5)"
14-12-2022 14:29:32.052684,"(101.0, 170.0, 164.0)","(101.0, 140.0, 136.05263157894737)","(3.2, 3.75, 3.707469512195122)","(31.0, 42.0, 40.15384615384615)","(2.6, 3.0, 2.999684542586751)","(4.0, 4.7, 4.726701570680628)","(6.5, 7.2, 7.035514018691589)","(101.0, 190.0, 177.5)"
14-12-2022 14:29:33.231449,"(101.0, 170.0, 164.0)","(101.0, 160.0, 152.25806451612902)","(3.2, 3.75, 3.707469512195122)","(31.0, 42.0, 40.15384615384615)","(2.6, 3.0, 2.999684542586751)","(4.0, 4.8, 4.734)","(6.5, 7.2, 6.888590604026845)","(101.0, 190.0, 177.5)"
14-12-2022 14:29:34.403721,"(101.0, 170.0, 164.0)","(101.0, 150.0, 144.57142857142858)","(3.2, 3.7, 3.678544776119403)","(31.0, 42.0, 40.9375)","(2.6, 3.05, 3.0164529914529914)","(3.9, 4.8, 4.741463414634146)","(6.5, 7.0, 6.88551724137931)","(101.0, 190.0, 177.5)"
14-12-2022 14:29:35.515150,"(101.0, 170.0, 164.54545454545453)","(101.0, 150.0, 144.57142857142858)","(3.2, 3.7, 3.674798387096774)","(31.0, 42.0, 40.9375)","(2.6, 3.05, 3.0164529914529914)","(3.9, 4.8, 4.741463414634146)","(6.5, 7.0, 6.88551724137931)","(101.0, 190.0, 205.0)"
14-12-2022 14:29:36.591382,"(101.0, 240.0, 232.17391304347825)","(101.0, 150.0, 143.04347826086956)","(3.2, 3.75, 3.680960086299892)","(31.0, 44.0, 42.05128205128205)","(2.6, 3.05, 3.000084388185654)","(3.9, 4.8, 4.786206896551724)","(6.5, 7.0, 6.981443298969072)","(101.0, 210.0, 205.0)"
14-12-2022 14:29:37.642349,"(101.0, 230.0, 214.48275862068965)","(101.0, 150.0, 143.04347826086956)","(3.2, 3.75, 3.6864572605561277)","(31.0, 44.0, 42.05128205128205)","(2.6, 3.05, 3.0396825396825395)","(4.0, 4.8, 4.795522388059702)","(6.5, 7.2, 6.981443298969072)","(101.0, 210.0, 205.55555555555554)"
14-12-2022 14:29:38.733110,"(101.0, 230.0, 213.33333333333334)","(101.0, 150.0, 143.04347826086956)","(3.2, 3.75, 3.6837864077669904)","(31.0, 42.0, 41.69565217391305)","(2.6, 3.05, 3.0410714285714286)","(4.0, 4.8, 4.797142857142857)","(6.5, 7.2, 7.079069767441861)","(101.0, 210.0, 199.33333333333334)"
14-12-2022 14:29:39.836346,"(101.0, 230.0, 213.33333333333334)","(101.0, 150.0, 142.38095238095238)","(3.2, 3.75, 3.6877396569122096)","(31.0, 42.0, 41.69565217391305)","(2.6, 3.0, 2.9952941176470587)","(4.0, 4.8, 4.781967213114754)","(6.5, 7.2, 6.944262295081967)","(101.0, 210.0, 199.33333333333334)"
14-12-2022 14:29:40.922907,"(101.0, 230.0, 213.33333333333334)","(101.0, 150.0, 142.38095238095238)","(3.2, 3.75, 3.729110251450677)","(31.0, 42.0, 41.68181818181818)","(2.6, 3.0, 2.988118081180812)","(4.0, 4.8, 4.690140845070422)","(6.5, 7.2, 6.925925925925926)","(101.0, 210.0, 198.57142857142858)"
14-12-2022 14:29:41.950719,"(101.0, 230.0, 213.33333333333334)","(101.0, 150.0, 142.38095238095238)","(3.2, 3.75, 3.705763688760807)","(31.0, 42.0, 40.98550724637681)","(2.6, 3.0, 2.988118081180812)","(4.0, 4.9, 4.690140845070422)","(6.5, 7.0, 6.898550724637681)","(101.0, 210.0, 196.66666666666666)"
14-12-2022 14:29:42.997003,"(101.0, 230.0, 220.625)","(101.0, 150.0, 142.38095238095238)","(3.2, 3.75, 3.7055072463768117)","(31.0, 42.0, 40.98550724637681)","(2.6, 3.0, 2.990639534883721)","(4.0, 4.9, 4.696796338672769)","(6.5, 7.0, 6.9638554216867465)","(101.0, 210.0, 198.57142857142858)"
14-12-2022 14:29:44.051432,"(101.0, 220.0, 210.0)","(101.0, 150.0, 143.04347826086956)","(3.2, 3.75, 3.7078125)","(31.0, 42.0, 41.1025641025641)","(2.6, 3.0, 2.9930901287553646)","(4.0, 4.9, 4.742236024844721)","(6.5, 7.2, 7.138983050847457)","(101.0, 210.0, 203.84615384615384)"
14-12-2022 14:29:45.129707,"(101.0, 220.0, 208.0)","(101.0, 150.0, 143.33333333333334)","(3.2, 3.7, 3.673623853211009)","(31.0, 42.0, 41.1025641025641)","(2.6, 3.0, 2.9901941747572813)","(4.0, 4.9, 4.742236024844721)","(6.5, 7.2, 7.138983050847457)","(101.0, 210.0, 203.84615384615384)"
14-12-2022 14:29:46.244212,"(101.0, 220.0, 208.0)","(101.0, 150.0, 142.85714285714286)","(3.2, 3.7, 3.6593525179856115)","(31.0, 42.0, 41.1025641025641)","(2.6, 2.98, 2.9766292134831462)","(4.0, 4.9, 4.775294117647059)","(6.5, 7.2, 7.128)","(101.0, 210.0, 194.0)"
14-12-2022 14:29:47.343079,"(101.0, 220.0, 208.0)","(101.0, 150.0, 142.85714285714286)","(3.2, 3.75, 3.704676258992806)","(31.0, 42.0, 41.1025641025641)","(2.6, 2.98, 2.9747019867549667)","(4.0, 4.8, 4.745801526717557)","(6.5, 7.2, 7.286060606060606)","(101.0, 210.0, 194.0)"
14-12-2022 14:29:48.383174,"(101.0, 230.0, 206.0)","(101.0, 150.0, 142.85714285714286)","(3.2, 3.75, 3.710372340425532)","(31.0, 42.0, 41.13157894736842)","(2.6, 2.98, 2.97468438538206)","(4.0, 4.8, 4.78695652173913)","(6.5, 7.4, 7.325170068027211)","(101.0, 210.0, 186.66666666666666)"
14-12-2022 14:29:49.433415,"(101.0, 190.0, 188.63636363636363)","(101.0, 150.0, 141.66666666666666)","(3.2, 3.7, 3.697985347985348)","(31.0, 42.0, 41.18518518518518)","(2.6, 2.98, 2.973089005235602)","(4.0, 4.8, 4.787012987012987)","(6.5, 7.4, 6.894424673784104)","(101.0, 190.0, 188.0)"
14-12-2022 14:29:50.540952,"(101.0, 230.0, 226.875)","(101.0, 150.0, 145.7377049180328)","(3.2, 3.7, 3.698684210526316)","(31.0, 42.0, 41.18518518518518)","(2.6, 2.98, 2.975432098765432)","(4.0, 4.8, 4.790816326530612)","(6.5, 7.0, 6.898989898989899)","(101.0, 200.0, 188.0)"
14-12-2022 14:29:51.702325,"(101.0, 230.0, 219.4736842105263)","(101.0, 150.0, 145.7377049180328)","(3.2, 3.7, 3.657356076759062)","(31.0, 42.0, 41.18518518518518)","(2.6, 2.98, 2.981773399014778)","(4.0, 4.8, 4.791764705882353)","(6.5, 7.0, 6.899874529485571)","(101.0, 200.0, 202.0)"
14-12-2022 14:29:52.874532,"(101.0, 220.0, 213.33333333333334)","(101.0, 140.0, 139.79591836734693)","(3.2, 3.7, 3.6607291666666666)","(31.0, 42.0, 41.18518518518518)","(2.6, 3.0, 2.9834597156398104)","(4.0, 4.8, 4.793457943925233)","(6.5, 7.0, 6.942795698924731)","(101.0, 210.0, 202.0)"
14-12-2022 14:29:53.982533,"(101.0, 220.0, 213.84615384615384)","(101.0, 140.0, 139.80392156862746)","(3.2, 3.7, 3.6854651162790697)","(31.0, 42.0, 41.204819277108435)","(2.6, 3.0, 3.027941176470588)","(4.0, 4.8, 4.78)","(6.5, 7.0, 6.947483588621444)","(101.0, 210.0, 202.0)"
14-12-2022 14:29:55.033333,"(101.0, 220.0, 213.84615384615384)","(101.0, 140.0, 139.80392156862746)","(3.2, 3.7, 3.6843971631205674)","(31.0, 42.0, 41.204819277108435)","(2.6, 3.1, 3.027941176470588)","(4.0, 4.8, 4.779047619047619)","(6.5, 7.0, 7.176536312849162)","(101.0, 210.0, 202.0)"
14-12-2022 14:29:56.043789,"(101.0, 220.0, 213.84615384615384)","(101.0, 140.0, 139.8)","(3.2, 3.7, 3.669491525423729)","(31.0, 42.0, 41.204819277108435)","(2.6, 3.1, 3.028672086720867)","(4.0, 4.8, 4.776086956521739)","(6.5, 7.2, 7.091891891891892)","(101.0, 210.0, 202.0)"
14-12-2022 14:29:57.086231,"(101.0, 220.0, 216.66666666666669)","(101.0, 150.0, 145.80645161290323)","(3.2, 3.7, 3.668253968253968)","(31.0, 42.0, 40.75471698113208)","(2.6, 3.05, 2.996848484848485)","(4.0, 4.8, 4.740495867768595)","(6.5, 7.4, 7.144827586206897)","(101.0, 210.0, 202.0)"
14-12-2022 14:29:58.140537,"(101.0, 220.0, 216.66666666666669)","(101.0, 150.0, 145.80645161290323)","(3.2, 3.7, 3.668253968253968)","(31.0, 42.0, 40.6530612244898)","(2.6, 3.0, 2.993333333333333)","(4.0, 4.8, 4.740441176470588)","(6.5, 7.4, 7.060869565217391)","(101.0, 210.0, 202.0)"
14-12-2022 14:29:59.262070,"(101.0, 220.0, 216.66666666666669)","(101.0, 150.0, 145.80645161290323)","(3.2, 3.7, 3.6658256880733946)","(31.0, 42.0, 40.6530612244898)","(2.6, 3.0, 2.9935526315789476)","(4.0, 4.8, 4.688095238095238)","(6.5, 7.4, 7.276646706586827)","(101.0, 210.0, 201.11111111111111)"
14-12-2022 14:30:00.328114,"(101.0, 220.0, 216.66666666666669)","(101.0, 150.0, 145.80645161290323)","(3.2, 3.7, 3.6203636363636362)","(31.0, 42.0, 40.77777777777778)","(2.6, 3.0, 3.0690322580645164)","(4.0, 4.7, 4.677477477477478)","(6.5, 7.4, 7.278823529411765)","(101.0, 210.0, 201.11111111111111)"
14-12-2022 14:30:01.349159,"(101.0, 220.0, 216.66666666666669)","(101.0, 150.0, 145.80645161290323)","(3.2, 3.7, 3.6284848484848484)","(31.0, 42.0, 40.69767441860465)","(2.6, 3.1, 3.026)","(4.0, 4.7, 4.68848167539267)","(6.5, 7.4, 7.253061224489796)","(101.0, 210.0, 190.0)"
14-12-2022 14:30:02.411391,"(101.0, 220.0, 216.66666666666669)","(101.0, 150.0, 145.80645161290323)","(3.2, 3.75, 3.6795112781954886)","(31.0, 42.0, 40.193548387096776)","(2.6, 3.1, 3.0058035714285714)","(4.0, 4.7, 4.685806451612903)","(6.5, 7.4, 7.2478873239436625)","(101.0, 200.0, 190.0)"
14-12-2022 14:30:03.462361,"(101.0, 220.0, 216.66666666666669)","(101.0, 150.0, 145.80645161290323)","(3.2, 3.65, 3.6400568181818183)","(31.0, 42.0, 40.193548387096776)","(2.6, 3.05, 2.9863636363636363)","(4.0, 4.7, 4.688079470198676)","(6.5, 7.4, 7.252054794520548)","(101.0, 200.0, 188.0)"
14-12-2022 14:30:04.501308,"(101.0, 220.0, 216.66666666666669)","(101.0, 150.0, 145.43859649122805)","(3.2, 3.65, 3.6389937106918238)","(31.0, 42.0, 40.206896551724135)","(2.6, 3.05, 3.013235294117647)","(4.0, 4.7, 4.684347826086957)","(6.5, 7.4, 7.294573643410853)","(101.0, 200.0, 188.0)"
14-12-2022 14:30:05.607757,"(101.0, 220.0, 216.66666666666669)","(91.0, 150.0, 145.43859649122805)","(3.2, 3.75, 3.665916955017301)","(31.0, 42.0, 40.206896551724135)","(2.6, 3.05, 3.009349593495935)","(4.0, 4.7, 4.676)","(6.5, 7.4, 7.342857142857143)","(101.0, 200.0, 188.0)"
14-12-2022 14:30:06.672535,"(101.0, 220.0, 216.66666666666669)","(91.0, 150.0, 145.43859649122805)","(3.2, 3.75, 3.6683673469387754)","(31.0, 42.0, 40.206896551724135)","(2.6, 3.05, 3.0578512396694215)","(4.0, 4.7, 4.682608695652174)","(6.5, 7.4, 7.348717948717949)","(101.0, 200.0, 188.0)"
14-12-2022 14:30:07.789192,"(101.0, 220.0, 216.36363636363637)","(91.0, 150.0, 145.35714285714286)","(3.2, 3.7, 3.6859375)","(31.0, 42.0, 41.51401869158879)","(2.6, 3.1, 3.0641791044776117)","(4.0, 4.7, 4.681395348837209)","(6.5, 7.4, 7.333333333333334)","(101.0, 200.0, 185.0)"
14-12-2022 14:30:08.921677,"(101.0, 220.0, 216.66666666666669)","(91.0, 140.0, 139.56521739130434)","(3.2, 3.7, 3.691228070175439)","(31.0, 42.0, 40.758620689655174)","(2.6, 3.1, 3.0627450980392155)","(4.0, 4.8, 4.674285714285714)","(6.5, 7.4, 7.457142857142857)","(101.0, 190.0, 178.33333333333334)"
14-12-2022 14:30:10.013354,"(101.0, 220.0, 216.92307692307693)","(91.0, 140.0, 139.56521739130434)","(3.2, 3.65, 3.645631067961165)","(31.0, 42.0, 40.19417475728155)","(2.6, 3.1, 3.0933734939759034)","(4.0, 4.7, 4.616666666666666)","(6.5, 7.6, 7.4483516483516485)","(101.0, 180.0, 178.33333333333334)"
14-12-2022 14:30:11.161873,"(101.0, 220.0, 216.66666666666669)","(91.0, 140.0, 139.14893617021278)","(3.2, 3.65, 3.645348837209302)","(31.0, 44.0, 40.59016393442623)","(2.6, 3.1, 3.0813432835820893)","(4.0, 4.7, 4.692105263157895)","(6.5, 7.6, 7.446575342465754)","(101.0, 180.0, 178.33333333333334)"
14-12-2022 14:30:12.318300,"(101.0, 220.0, 216.66666666666669)","(91.0, 140.0, 139.14893617021278)","(3.2, 3.65, 3.6457219251336896)","(31.0, 44.0, 39.88095238095238)","(2.6, 3.15, 3.094578313253012)","(4.0, 4.7, 4.675)","(6.5, 7.6, 7.26)","(101.0, 180.0, 178.33333333333334)"
14-12-2022 14:30:13.392901,"(101.0, 190.0, 187.33333333333334)","(91.0, 140.0, 138.26923076923077)","(3.2, 3.65, 3.6440217391304346)","(31.0, 40.0, 39.86666666666667)","(2.6, 3.15, 3.094578313253012)","(4.0, 4.7, 4.675)","(6.5, 7.4, 7.196766743648961)","(101.0, 180.0, 178.33333333333334)"
14-12-2022 14:30:14.424973,"(101.0, 190.0, 187.33333333333334)","(91.0, 140.0, 137.16666666666666)","(3.2, 3.65, 3.592195121951219)","(31.0, 40.0, 39.86666666666667)","(2.6, 3.15, 3.118794326241135)","(4.0, 4.7, 4.682027649769585)","(6.5, 7.2, 7.196846846846847)","(101.0, 180.0, 178.33333333333334)"
14-12-2022 14:30:15.538467,"(101.0, 190.0, 187.33333333333334)","(91.0, 140.0, 137.16666666666666)","(3.2, 3.65, 3.585162601626016)","(31.0, 40.0, 39.473684210526315)","(2.6, 3.15, 3.1209677419354835)","(4.0, 4.7, 4.641176470588235)","(6.5, 7.2, 7.196943231441049)","(101.0, 180.0, 178.33333333333334)"
14-12-2022 14:30:16.552980,"(101.0, 190.0, 187.33333333333334)","(91.0, 140.0, 136.96428571428572)","(3.2, 3.6, 3.5862264150943397)","(31.0, 40.0, 39.473684210526315)","(2.6, 3.15, 3.1254098360655735)","(4.0, 4.7, 4.662264150943396)","(6.5, 7.2, 7.252631578947368)","(101.0, 180.0, 178.1818181818182)"
14-12-2022 14:30:17.705774,"(101.0, 190.0, 187.5)","(91.0, 140.0, 136.96428571428572)","(3.2, 3.6, 3.5786931818181817)","(31.0, 40.0, 38.357142857142854)","(2.6, 3.15, 3.124624060150376)","(4.0, 4.7, 4.552380952380952)","(6.5, 7.6, 7.402985074626866)","(101.0, 180.0, 178.1818181818182)"
14-12-2022 14:30:18.791556,"(101.0, 190.0, 187.5)","(91.0, 140.0, 136.96428571428572)","(3.2, 3.6, 3.5791666666666666)","(31.0, 40.0, 38.357142857142854)","(2.6, 3.15, 3.1094059405940593)","(4.0, 4.6, 4.573469387755102)","(6.5, 7.6, 7.362025316455696)","(101.0, 180.0, 181.76470588235293)"
14-12-2022 14:30:19.887986,"(101.0, 190.0, 188.57142857142858)","(91.0, 140.0, 137.35849056603774)","(3.2, 3.65, 3.608274647887324)","(31.0, 40.0, 38.60606060606061)","(2.6, 3.15, 3.1353919239904986)","(4.0, 4.6, 4.573469387755102)","(6.5, 7.4, 7.429565217391304)","(101.0, 190.0, 185.0)"
14-12-2022 14:30:20.892388,"(101.0, 190.0, 188.57142857142858)","(91.0, 140.0, 137.5438596491228)","(3.2, 3.65, 3.608274647887324)","(31.0, 40.0, 38.60606060606061)","(2.6, 3.15, 3.0475)","(4.0, 4.6, 4.59)","(6.5, 7.6, 7.508860759493671)","(101.0, 190.0, 185.55555555555554)"
14-12-2022 14:30:22.019611,"(101.0, 190.0, 189.375)","(91.0, 140.0, 137.67857142857142)","(3.2, 3.65, 3.611206896551724)","(31.0, 40.0, 38.689655172413794)","(2.6, 3.15, 3.0184615384615383)","(4.0, 4.6, 4.633333333333333)","(6.5, 7.6, 7.514563106796116)","(101.0, 190.0, 185.55555555555554)"
14-12-2022 14:30:23.187111,"(101.0, 190.0, 189.375)","(91.0, 140.0, 138.94736842105263)","(3.2, 3.65, 3.611206896551724)","(31.0, 40.0, 38.689655172413794)","(2.6, 3.1, 3.0806896551724137)","(4.0, 4.7, 4.6414634146341465)","(6.5, 7.6, 7.5771428571428565)","(101.0, 190.0, 185.55555555555554)"
14-12-2022 14:30:24.383561,"(101.0, 190.0, 189.375)","(91.0, 140.0, 138.88888888888889)","(3.2, 3.65, 3.645614035087719)","(31.0, 40.0, 38.416666666666664)","(2.6, 3.1, 3.0225512528473804)","(4.0, 4.7, 4.6414634146341465)","(6.5, 7.6, 7.5771428571428565)","(101.0, 190.0, 185.55555555555554)"
14-12-2022 14:30:25.483464,"(101.0, 190.0, 189.375)","(91.0, 140.0, 138.85714285714286)","(3.2, 3.65, 3.645614035087719)","(31.0, 40.0, 38.27272727272727)","(2.6, 3.1, 3.0616438356164384)","(4.0, 4.7, 4.690909090909091)","(6.5, 7.6, 7.343478260869565)","(101.0, 190.0, 187.33333333333334)"
14-12-2022 14:30:26.594815,"(101.0, 190.0, 189.375)","(91.0, 140.0, 138.8235294117647)","(3.2, 3.6, 3.570703125)","(31.0, 40.0, 38.285714285714285)","(2.6, 3.1, 3.0470198675496687)","(4.0, 4.7, 4.6923076923076925)","(6.5, 7.4, 7.342857142857143)","(101.0, 190.0, 202.5)"
14-12-2022 14:30:27.703643,"(101.0, 210.0, 195.0)","(91.0, 140.0, 138.8235294117647)","(3.2, 3.6, 3.5690934065934066)","(31.0, 40.0, 38.36363636363637)","(2.6, 3.05, 3.0344594594594594)","(4.0, 4.7, 4.696875)","(6.5, 7.4, 7.372413793103449)","(101.0, 210.0, 202.5)"
14-12-2022 14:30:28.769128,"(101.0, 210.0, 202.0)","(91.0, 140.0, 138.85714285714286)","(3.2, 3.6, 3.592608695652174)","(31.0, 40.0, 38.36363636363637)","(2.6, 3.05, 3.030057803468208)","(4.0, 4.7, 4.69)","(6.5, 7.4, 7.284337349397591)","(101.0, 210.0, 202.5)"
14-12-2022 14:30:29.878691,"(101.0, 210.0, 202.5)","(91.0, 140.0, 138.85714285714286)","(3.2, 3.65, 3.634375)","(31.0, 40.0, 38.43478260869565)","(2.6, 3.05, 3.0051181102362206)","(4.0, 4.7, 4.696551724137931)","(6.5, 7.4, 7.2444444444444445)","(101.0, 210.0, 203.57142857142856)"
14-12-2022 14:30:30.975425,"(101.0, 210.0, 202.5)","(91.0, 140.0, 138.6206896551724)","(3.2, 3.65, 3.6454545454545455)","(31.0, 40.0, 38.43478260869565)","(2.6, 3.05, 3.005868544600939)","(4.0, 4.7, 4.6947368421052635)","(6.5, 7.4, 7.338916256157636)","(101.0, 210.0, 203.57142857142856)"
14-12-2022 14:30:32.014150,"(101.0, 210.0, 202.5)","(91.0, 140.0, 138.6206896551724)","(3.2, 3.65, 3.6203703703703702)","(31.0, 40.0, 39.333333333333336)","(2.6, 3.05, 3.011463414634146)","(4.0, 4.7, 4.694117647058824)","(6.5, 7.4, 7.338916256157636)","(101.0, 210.0, 203.57142857142856)"
14-12-2022 14:30:33.030728,"(101.0, 210.0, 202.5)","(91.0, 140.0, 136.66666666666666)","(3.2, 3.65, 3.6257575757575755)","(31.0, 40.0, 39.333333333333336)","(2.6, 3.05, 3.011463414634146)","(4.0, 4.7, 4.694117647058824)","(6.5, 7.4, 7.340298507462687)","(101.0, 210.0, 205.0)"
14-12-2022 14:30:34.058041,"(101.0, 210.0, 202.5)","(91.0, 140.0, 136.66666666666666)","(3.2, 3.65, 3.6399999999999997)","(31.0, 40.0, 39.333333333333336)","(2.6, 3.05, 3.0256923076923075)","(4.0, 4.7, 4.694117647058824)","(6.5, 7.4, 7.340298507462687)","(101.0, 210.0, 205.0)"
14-12-2022 14:30:35.053890,"(101.0, 210.0, 202.5)","(91.0, 140.0, 136.0)","(3.2, 3.65, 3.6402439024390243)","(31.0, 38.0, 37.23529411764706)","(2.6, 3.05, 3.020300751879699)","(4.0, 4.7, 4.694117647058824)","(6.5, 7.4, 7.3420289855072465)","(101.0, 210.0, 205.0)"
14-12-2022 14:30:36.084861,"(101.0, 210.0, 202.5)","(91.0, 140.0, 136.36363636363637)","(3.2, 3.65, 3.626470588235294)","(31.0, 38.0, 37.333333333333336)","(2.6, 3.05, 3.017153284671533)","(4.0, 4.7, 4.6967741935483875)","(6.5, 7.4, 7.331838565022422)","(101.0, 210.0, 205.0)"
14-12-2022 14:30:37.132318,"(101.0, 240.0, 222.35294117647058)","(91.0, 140.0, 136.36363636363637)","(3.2, 3.65, 3.6493775933609958)","(31.0, 38.0, 37.23529411764706)","(2.6, 3.05, 3.017153284671533)","(4.0, 4.7, 4.697058823529412)","(6.5, 7.4, 7.3324444444444445)","(101.0, 210.0, 205.0)"
14-12-2022 14:30:38.146149,"(101.0, 240.0, 198.33333333333334)","(91.0, 140.0, 134.11764705882354)","(3.2, 3.65, 3.6493775933609958)","(31.0, 38.0, 37.27777777777778)","(2.6, 3.0, 2.9891588785046728)","(4.0, 4.7, 4.631746031746031)","(6.5, 7.4, 7.332743362831859)","(101.0, 210.0, 205.0)"
14-12-2022 14:30:39.162311,"(101.0, 240.0, 198.33333333333334)","(91.0, 140.0, 134.11764705882354)","(3.2, 3.65, 3.6494642857142856)","(31.0, 38.0, 37.16129032258065)","(2.6, 3.0, 2.987495682210708)","(4.0, 4.7, 4.644805194805195)","(6.5, 7.4, 7.370285714285715)","(101.0, 210.0, 202.5)"
14-12-2022 14:30:40.193825,"(101.0, 240.0, 231.66666666666666)","(91.0, 140.0, 135.0)","(3.2, 3.7, 3.6664451827242526)","(31.0, 38.0, 37.625)","(2.6, 3.0, 2.987495682210708)","(4.0, 4.7, 4.67752808988764)","(6.5, 7.4, 7.372192513368985)","(101.0, 210.0, 202.5)"
14-12-2022 14:30:41.264053,"(101.0, 240.0, 231.66666666666666)","(91.0, 140.0, 135.0)","(3.2, 3.7, 3.6690184049079755)","(31.0, 38.0, 38.92537313432836)","(2.6, 3.0, 2.987743658210948)","(4.0, 4.6, 4.611784511784512)","(6.5, 7.4, 7.503333333333333)","(101.0, 210.0, 205.0)"
14-12-2022 14:30:42.327905,"(101.0, 240.0, 233.75)","(91.0, 140.0, 135.65217391304347)","(3.2, 3.7, 3.6656451612903225)","(31.0, 40.0, 38.758620689655174)","(2.6, 3.0, 2.986937799043062)","(4.0, 4.7, 4.608797653958944)","(6.5, 7.6, 7.554347826086956)","(101.0, 210.0, 205.0)"
14-12-2022 14:30:43.379129,"(101.0, 240.0, 233.75)","(91.0, 140.0, 135.65217391304347)","(3.2, 3.7, 3.6658163265306123)","(31.0, 40.0, 38.758620689655174)","(2.6, 3.0, 2.9859371362048894)","(4.0, 4.7, 4.627126436781609)","(6.5, 7.6, 7.065898305084746)","(101.0, 210.0, 205.0)"
14-12-2022 14:30:44.414468,"(101.0, 240.0, 233.75)","(91.0, 140.0, 135.65217391304347)","(3.2, 3.7, 3.672189349112426)","(31.0, 40.0, 39.705882352941174)","(2.6, 3.0, 2.9859371362048894)","(4.0, 4.7, 4.637475345167653)","(6.5, 7.2, 7.070634401569653)","(101.0, 210.0, 207.0)"
14-12-2022 14:30:45.491236,"(101.0, 240.0, 235.45454545454547)","(91.0, 140.0, 136.8181818181818)","(3.2, 3.7, 3.676353092783505)","(31.0, 40.0, 41.142857142857146)","(2.6, 3.0, 2.987711088504578)","(4.0, 4.7, 4.640152963671128)","(6.5, 7.2, 7.1633082706766915)","(101.0, 210.0, 207.0)"
14-12-2022 14:30:46.585414,"(101.0, 240.0, 236.66666666666666)","(91.0, 140.0, 137.08333333333334)","(3.2, 3.75, 3.7134259259259257)","(31.0, 42.0, 41.142857142857146)","(2.7, 3.0, 2.987790339157246)","(4.0, 4.7, 4.644871794871794)","(6.5, 7.2, 7.1633082706766915)","(101.0, 210.0, 207.0)"
14-12-2022 14:30:47.720672,"(101.0, 240.0, 236.66666666666666)","(91.0, 140.0, 136.31578947368422)","(3.2, 3.7, 3.676281208935611)","(31.0, 42.0, 40.285714285714285)","(2.7, 3.0, 2.987914547304171)","(4.0, 4.7, 4.638424821002387)","(6.5, 7.2, 7.391489361702128)","(101.0, 210.0, 207.27272727272728)"
14-12-2022 14:30:48.840553,"(101.0, 240.0, 236.875)","(91.0, 140.0, 136.5)","(3.2, 3.7, 3.676281208935611)","(31.0, 42.0, 40.56)","(2.7, 3.0, 2.9768333333333334)","(4.0, 4.7, 4.638424821002387)","(6.5, 7.6, 7.255294117647059)","(101.0, 210.0, 207.27272727272728)"
14-12-2022 14:30:50.009568,"(101.0, 240.0, 236.875)","(91.0, 140.0, 136.5)","(3.2, 3.7, 3.675641025641026)","(31.0, 42.0, 40.666666666666664)","(2.7, 2.98, 2.947741935483871)","(4.0, 4.7, 4.642702702702702)","(6.5, 7.4, 7.255)","(101.0, 210.0, 216.25)"
14-12-2022 14:30:51.116635,"(101.0, 240.0, 236.875)","(91.0, 140.0, 136.5)","(3.2, 3.7, 3.687568870523416)","(31.0, 42.0, 40.666666666666664)","(2.7, 2.98, 2.972956810631229)","(4.0, 4.7, 4.641917808219178)","(6.5, 7.4, 7.255)","(101.0, 220.0, 216.25)"
14-12-2022 14:30:52.138925,"(101.0, 240.0, 236.66666666666666)","(91.0, 150.0, 143.68421052631578)","(3.2, 3.7, 3.6776027397260274)","(31.0, 42.0, 40.36363636363637)","(2.7, 2.98, 2.961627906976744)","(4.0, 4.7, 4.638011695906433)","(6.5, 7.4, 7.255)","(101.0, 220.0, 216.25)"
14-12-2022 14:30:53.186549,"(101.0, 240.0, 236.66666666666666)","(91.0, 150.0, 146.8421052631579)","(3.2, 3.7, 3.676372832369942)","(31.0, 42.0, 40.36363636363637)","(2.7, 3.0, 2.9606349206349205)","(4.0, 4.7, 4.614563106796116)","(6.5, 7.4, 7.203178484107579)","(101.0, 220.0, 216.25)"
14-12-2022 14:30:54.257220,"(101.0, 240.0, 236.15384615384616)","(91.0, 150.0, 146.8421052631579)","(3.2, 3.7, 3.6821895424836604)","(31.0, 42.0, 40.36363636363637)","(2.7, 3.0, 2.9564969450101835)","(4.0, 4.7, 4.625106382978723)","(6.5, 7.4, 7.167341040462428)","(101.0, 220.0, 215.71428571428572)"
14-12-2022 14:30:55.344669,"(101.0, 240.0, 235.83333333333334)","(91.0, 150.0, 147.0)","(3.2, 3.7, 3.6828616352201258)","(31.0, 42.0, 41.41935483870968)","(2.7, 3.0, 2.965851318944844)","(4.0, 4.7, 4.671951219512195)","(6.5, 7.4, 7.171599402092676)","(101.0, 220.0, 215.71428571428572)"
14-12-2022 14:30:56.442703,"(101.0, 240.0, 235.83333333333334)","(91.0, 150.0, 147.0)","(3.2, 3.7, 3.6828616352201258)","(31.0, 42.0, 41.41935483870968)","(2.7, 3.0, 2.9648395061728396)","(4.0, 4.7, 4.678899082568807)","(6.5, 7.4, 7.233477321814255)","(101.0, 220.0, 216.66666666666666)"
14-12-2022 14:30:57.452234,"(101.0, 240.0, 235.83333333333334)","(91.0, 150.0, 147.0)","(3.2, 3.7, 3.6816216216216215)","(31.0, 42.0, 41.43859649122807)","(2.7, 3.0, 2.9825764192139737)","(4.0, 4.8, 4.703095975232198)","(6.5, 7.4, 7.233477321814255)","(101.0, 220.0, 216.66666666666666)"
14-12-2022 14:30:58.469965,"(101.0, 240.0, 235.83333333333334)","(91.0, 160.0, 151.57894736842104)","(3.2, 3.7, 3.681893687707641)","(31.0, 42.0, 41.285714285714285)","(2.7, 3.0, 2.9825764192139737)","(4.0, 4.8, 4.625510204081633)","(6.5, 7.4, 7.318441558441559)","(101.0, 220.0, 216.66666666666666)"
14-12-2022 14:30:59.595773,"(101.0, 240.0, 235.83333333333334)","(91.0, 160.0, 153.33333333333334)","(3.2, 3.7, 3.681893687707641)","(31.0, 42.0, 41.285714285714285)","(2.6, 3.0, 2.9825)","(4.0, 4.8, 4.625510204081633)","(6.5, 7.4, 7.255299539170507)","(101.0, 220.0, 216.66666666666666)"
14-12-2022 14:31:00.720466,"(101.0, 260.0, 242.35294117647058)","(91.0, 160.0, 153.33333333333334)","(3.2, 3.7, 3.6815254237288135)","(31.0, 42.0, 41.285714285714285)","(2.6, 3.0, 2.9816241299303945)","(4.0, 4.6, 4.577805486284289)","(6.5, 7.4, 7.307647058823529)","(101.0, 220.0, 216.66666666666666)"
14-12-2022 14:31:01.851891,"(101.0, 260.0, 248.23529411764707)","(91.0, 160.0, 153.33333333333334)","(3.2, 3.7, 3.681185270425777)","(31.0, 42.0, 41.0)","(2.6, 3.0, 2.9475132275132276)","(4.0, 4.8, 4.597790055248619)","(6.5, 7.4, 7.315591397849462)","(101.0, 220.0, 217.5)"
14-12-2022 14:31:02.979619,"(101.0, 260.0, 248.88888888888889)","(91.0, 160.0, 153.33333333333334)","(3.2, 3.7, 3.683633633633634)","(31.0, 42.0, 41.2)","(2.6, 3.0, 2.957546362339515)","(4.0, 4.6, 4.6274999999999995)","(6.5, 7.4, 7.337380191693291)","(101.0, 220.0, 213.52941176470588)"
14-12-2022 14:31:04.027137,"(101.0, 260.0, 250.9090909090909)","(91.0, 160.0, 154.07407407407408)","(3.2, 3.7, 3.6880952380952383)","(31.0, 42.0, 41.2)","(2.6, 3.0, 2.957546362339515)","(4.0, 4.8, 4.6274999999999995)","(6.5, 7.4, 7.331707317073171)","(101.0, 230.0, 215.26315789473685)"
14-12-2022 14:31:05.079271,"(101.0, 260.0, 250.9090909090909)","(91.0, 160.0, 154.07407407407408)","(3.2, 3.7, 3.6879448909299657)","(31.0, 42.0, 41.16279069767442)","(2.6, 3.0, 2.9401207243460763)","(4.0, 4.8, 4.602857142857142)","(6.5, 7.4, 7.331707317073171)","(101.0, 230.0, 215.26315789473685)"
14-12-2022 14:31:06.144581,"(101.0, 260.0, 250.9090909090909)","(91.0, 160.0, 154.07407407407408)","(3.2, 3.75, 3.723690078037904)","(31.0, 42.0, 41.16279069767442)","(2.6, 3.0, 2.880470588235294)","(4.0, 4.8, 4.661739130434783)","(6.5, 7.4, 7.534090909090909)","(101.0, 230.0, 213.63636363636363)"
14-12-2022 14:31:07.220896,"(101.0, 260.0, 250.9090909090909)","(91.0, 160.0, 154.07407407407408)","(3.2, 3.75, 3.732236842105263)","(31.0, 44.0, 40.63576158940398)","(2.6, 2.9, 2.880470588235294)","(4.0, 4.7, 4.683561643835617)","(6.5, 7.6, 7.562962962962962)","(101.0, 230.0, 220.76923076923077)"
14-12-2022 14:31:08.338120,"(101.0, 260.0, 254.11764705882354)","(91.0, 160.0, 154.48275862068965)","(3.2, 3.8, 3.755340699815838)","(31.0, 44.0, 32.0)","(2.6, 2.9, 2.88)","(4.0, 4.7, 4.328723404255319)","(6.5, 7.6, 8.58)","(101.0, 230.0, 380.0)"
14-12-2022 14:31:09.437512,"(101.0, 420.0, 247.5)","(91.0, 300.0, 185.0)","(3.2, 3.85, 3.6973282442748094)","(31.0, 48.0, 32.0)","(2.6, 3.2, 2.9183098591549297)","(4.0, 5.1, 4.658823529411765)","(6.5, 9.0, 7.648780487804878)","(101.0, 430.0, 380.0)"
14-12-2022 14:31:10.492752,"(101.0, 420.0, 247.5)","(91.0, 370.0, 220.0)","(3.2, 3.65, 3.628021978021978)","(31.0, 30.0, 24.15)","(2.6, 3.2, 2.8521739130434782)","(4.0, 5.1, 4.164)","(6.5, 8.0, 8.4)","(101.0, 430.0, 372.0)"
14-12-2022 14:31:11.528836,"(101.0, 420.0, 247.5)","(91.0, 190.0, 130.0)","(3.2, 3.75, 3.7384615384615385)","(31.0, 30.0, 24.15)","(2.6, 3.2, 2.808181818181818)","(4.0, 4.9, 4.283870967741936)","(6.5, 9.0, 7.938461538461539)","(101.0, 420.0, 409.5)"
14-12-2022 14:31:12.576605,"(101.0, 420.0, 247.5)","(91.0, 260.0, 165.0)","(3.2, 3.75, 3.6115384615384616)","(31.0, 30.0, 24.17142857142857)","(2.6, 2.86, 2.808181818181818)","(4.0, 5.1, 4.283870967741936)","(6.5, 10.5, 10.05)","(101.0, 420.0, 400.0)"
14-12-2022 14:31:13.631582,"(101.0, 420.0, 255.0)","(91.0, 230.0, 155.0)","(3.2, 3.6, 3.584375)","(31.0, 15.0, 14.535714285714286)","(2.6, 2.86, 2.843035714285714)","(4.0, 5.1, 4.923076923076923)","(6.5, 10.5, 10.05)","(101.0, 420.0, 400.0)"
14-12-2022 14:31:14.668127,"(101.0, 480.0, 290.0)","(91.0, 260.0, 140.0)","(3.2, 3.6, 3.3157894736842106)","(31.0, 29.0, 19.333333333333332)","(2.6, 3.2, 2.980921052631579)","(4.0, 5.9, 4.179411764705883)","(6.5, 11.5, 8.48)","(101.0, 420.0, 351.42857142857144)"
14-12-2022 14:31:15.781371,"(101.0, 460.0, 196.0)","(91.0, 240.0, 133.33333333333334)","(3.2, 3.6, 3.2800000000000002)","(31.0, 29.0, 17.333333333333332)","(2.6, 3.2, 3.074519230769231)","(4.0, 5.9, 3.7675)","(6.5, 9.8, 9.625)","(101.0, 420.0, 305.0)"
14-12-2022 14:31:16.822724,"(101.0, 460.0, 320.0)","(91.0, 240.0, 127.5)","(3.2, 3.7, 3.6)","(31.0, 29.0, 22.571428571428573)","(2.6, 3.2, 3.074519230769231)","(4.0, 3.8, 3.759375)","(6.5, 10.5, 9.625)","(101.0, 420.0, 305.0)"
14-12-2022 14:31:17.880283,"(101.0, 460.0, 320.0)","(91.0, 240.0, 162.5)","(3.2, 3.7, 3.573684210526316)","(31.0, 29.0, 26.0)","(2.6, 3.2, 2.99609375)","(4.0, 3.8, 3.744285714285714)","(6.5, 10.5, 16.98406374501992)","(101.0, 420.0, 305.0)"
14-12-2022 14:31:18.903328,"(101.0, 450.0, 336.66666666666663)","(91.0, 230.0, 160.0)","(3.2, 3.65, 3.5949999999999998)","(31.0, 29.0, 24.333333333333336)","(2.6, 3.2, 2.99609375)","(4.0, 3.8, 3.744285714285714)","(6.5, 17.0, 15.833333333333332)","(101.0, 420.0, 270.0)"
14-12-2022 14:31:19.912259,"(101.0, 440.0, 213.33333333333331)","(91.0, 220.0, 133.33333333333334)","(3.2, 3.65, 3.3833333333333333)","(31.0, 20.0, 16.0)","(2.6, 3.2, 3.0121951219512195)","(4.0, 3.8, 5.396296296296296)","(6.5, 18.5, 16.383333333333333)","(101.0, 410.0, 270.0)"
14-12-2022 14:31:20.985772,"(101.0, 420.0, 206.66666666666669)","(91.0, 220.0, 155.0)","(3.2, 3.65, 3.3444444444444446)","(31.0, 20.0, 14.461538461538462)","(2.6, 3.2, 3.0108108108108107)","(4.0, 5.7, 4.879310344827586)","(6.5, 17.0, 17.0)","(101.0, 410.0, 270.0)"
