,Carpe Eros,Trade Deadline,Serendip Ruler,Bluegrass Breeze,Sr Bi Bi,Bayron,Love My Ride,Name Rejected
15-12-2022 11:57:49.751518,"(6.5, 9.2, 8.8)","(31.0, 150.0, 118.0)","(14.0, 24.0, 19.1875)","(14.0, 24.0, 20.0)","(8.5, 99999, 99990)","(1.85, 2.16, 2.087191011235955)","(7.0, 9.0, 8.5)","(11.0, 14.0, 13.53125)"
15-12-2022 11:57:51.041594,"(6.5, 9.2, 8.8)","(31.0, 130.0, 118.0)","(14.0, 22.0, 21.625)","(14.0, 22.0, 20.0)","(8.5, 99999, 99990)","(1.85, 2.16, 2.087191011235955)","(7.0, 9.0, 8.5)","(11.0, 14.0, 13.53125)"
15-12-2022 11:57:52.278393,"(6.5, 9.2, 8.8)","(31.0, 130.0, 118.0)","(14.0, 23.0, 21.625)","(14.0, 22.0, 20.0)","(8.5, 99999, 99990)","(1.85, 2.16, 2.107741935483871)","(7.0, 9.0, 8.5)","(11.0, 14.0, 13.53125)"
15-12-2022 11:57:53.526075,"(6.5, 9.2, 8.8)","(31.0, 120.0, 103.33333333333334)","(14.0, 24.0, 19.9375)","(14.0, 22.0, 19.75)","(8.5, 99999, 99990)","(1.85, 2.16, 2.107741935483871)","(7.0, 9.0, 8.5)","(11.0, 14.0, 13.53125)"
15-12-2022 11:57:54.698241,"(6.5, 9.2, 8.8)","(31.0, 110.0, 102.0)","(14.0, 24.0, 19.9375)","(14.0, 22.0, 19.75)","(8.5, 99999, 99990)","(1.85, 2.16, 2.107741935483871)","(7.0, 9.0, 8.5)","(11.0, 14.0, 13.53125)"
15-12-2022 11:57:55.843434,"(6.5, 9.2, 8.8)","(31.0, 110.0, 102.0)","(14.0, 24.0, 19.9375)","(14.0, 22.0, 19.75)","(8.5, 99999, 99990)","(1.85, 2.16, 2.107741935483871)","(7.0, 9.0, 8.5)","(11.0, 14.0, 13.53125)"
15-12-2022 11:57:56.936170,"(6.5, 9.2, 8.8)","(31.0, 110.0, 102.0)","(14.0, 24.0, 19.9375)","(14.0, 22.0, 19.75)","(8.5, 99999, 99990)","(1.85, 2.16, 2.107741935483871)","(7.0, 9.0, 8.5)","(11.0, 14.0, 13.53125)"
15-12-2022 11:57:58.001310,"(6.5, 9.2, 8.8)","(31.0, 110.0, 102.0)","(14.0, 24.0, 19.9375)","(14.0, 22.0, 19.75)","(8.5, 99999, 99990)","(1.85, 2.16, 2.107741935483871)","(7.0, 9.0, 8.5)","(11.0, 14.0, 13.53125)"
15-12-2022 11:57:59.100443,"(6.5, 9.2, 8.8)","(31.0, 110.0, 102.0)","(14.0, 25.0, 22.0)","(14.0, 22.0, 19.75)","(8.5, 99999, 99990)","(1.85, 2.16, 2.107741935483871)","(7.0, 9.0, 8.5)","(11.0, 14.0, 13.53125)"
15-12-2022 11:58:00.212477,"(6.5, 9.2, 9.0)","(31.0, 110.0, 102.0)","(14.0, 25.0, 22.0)","(14.0, 22.0, 19.75)","(8.5, 99999, 99990)","(1.85, 2.16, 2.107741935483871)","(7.0, 9.0, 8.5)","(11.0, 14.0, 13.53125)"
15-12-2022 11:58:01.333422,"(6.5, 9.2, 9.0)","(31.0, 110.0, 102.0)","(14.0, 25.0, 23.0)","(14.0, 22.0, 19.75)","(8.5, 99999, 99990)","(1.85, 2.16, 2.107741935483871)","(7.0, 9.0, 8.5)","(11.0, 14.0, 13.53125)"
15-12-2022 11:58:02.525673,"(6.5, 9.0, 8.7)","(31.0, 110.0, 96.66666666666667)","(14.0, 25.0, 23.833333333333336)","(14.0, 22.0, 17.857142857142858)","(8.5, 99999, 99990)","(1.85, 2.16, 2.107741935483871)","(7.0, 9.0, 8.5)","(11.0, 14.0, 13.53125)"
15-12-2022 11:58:03.688097,"(6.5, 9.0, 8.7)","(31.0, 110.0, 108.21428571428572)","(14.0, 25.0, 23.833333333333336)","(14.0, 23.0, 21.666666666666668)","(8.5, 99999, 99990)","(1.85, 2.16, 2.107741935483871)","(7.0, 9.0, 8.5)","(11.0, 14.0, 13.166666666666666)"
15-12-2022 11:58:04.894033,"(6.5, 9.0, 8.7)","(31.0, 110.0, 108.27586206896552)","(14.0, 24.0, 21.0)","(14.0, 24.0, 21.666666666666668)","(8.5, 99999, 99990)","(1.85, 2.16, 2.0863636363636364)","(7.0, 9.0, 8.5)","(11.0, 14.0, 13.25)"
15-12-2022 11:58:06.158385,"(6.5, 9.0, 8.7)","(31.0, 110.0, 108.27586206896552)","(14.0, 30.0, 27.0)","(14.0, 24.0, 21.666666666666668)","(8.5, 99999, 99990)","(1.85, 2.16, 2.08)","(7.0, 9.0, 8.5)","(11.0, 14.0, 13.75)"
15-12-2022 11:58:07.376671,"(6.5, 9.0, 8.9)","(31.0, 110.0, 108.27586206896552)","(14.0, 30.0, 27.0)","(14.0, 24.0, 21.666666666666668)","(8.5, 99999, 99990)","(1.85, 2.16, 2.08)","(7.0, 9.0, 8.5)","(11.0, 14.0, 13.166666666666666)"
15-12-2022 11:58:08.549780,"(6.5, 9.0, 8.9)","(31.0, 110.0, 108.27586206896552)","(14.0, 30.0, 27.0)","(14.0, 24.0, 21.666666666666668)","(8.5, 99999, 99990)","(1.85, 2.16, 2.0727272727272728)","(7.0, 9.0, 8.5)","(11.0, 14.0, 13.166666666666666)"
15-12-2022 11:58:09.735880,"(6.5, 9.0, 8.9)","(31.0, 110.0, 108.27586206896552)","(14.0, 30.0, 27.0)","(14.0, 24.0, 21.666666666666668)","(8.5, 99999, 99990)","(1.85, 2.16, 2.0727272727272728)","(7.0, 9.0, 8.5)","(11.0, 14.0, 13.166666666666666)"
15-12-2022 11:58:10.916544,"(6.5, 9.0, 8.9)","(31.0, 110.0, 108.27586206896552)","(14.0, 30.0, 25.07142857142857)","(14.0, 24.0, 21.666666666666668)","(8.5, 99999, 99990)","(1.85, 2.16, 2.0502857142857143)","(7.0, 9.0, 8.5)","(11.0, 14.0, 13.166666666666666)"
15-12-2022 11:58:12.070532,"(6.5, 9.0, 8.9)","(31.0, 110.0, 108.27586206896552)","(14.0, 30.0, 25.07142857142857)","(14.0, 24.0, 21.666666666666668)","(8.5, 99999, 99990)","(1.85, 2.16, 2.05)","(7.0, 9.0, 8.2)","(11.0, 14.0, 13.166666666666666)"
15-12-2022 11:58:13.279858,"(6.5, 9.0, 8.9)","(31.0, 110.0, 95.0)","(14.0, 30.0, 26.863636363636363)","(14.0, 24.0, 21.666666666666668)","(8.5, 99999, 99990)","(1.85, 2.16, 2.0775)","(7.0, 9.0, 8.72)","(11.0, 14.0, 13.166666666666666)"
15-12-2022 11:58:14.503214,"(6.5, 9.0, 8.9)","(31.0, 110.0, 95.0)","(14.0, 30.0, 26.863636363636363)","(14.0, 24.0, 18.5)","(8.5, 99999, 99990)","(1.85, 2.14, 2.052)","(7.0, 9.0, 8.472727272727273)","(11.0, 14.0, 13.166666666666666)"
15-12-2022 11:58:15.631528,"(6.5, 9.0, 8.9)","(31.0, 110.0, 95.0)","(14.0, 30.0, 26.863636363636363)","(14.0, 23.0, 18.5)","(8.5, 99999, 99990)","(1.85, 2.12, 2.052)","(7.0, 8.8, 7.984)","(11.0, 14.0, 13.166666666666666)"
15-12-2022 11:58:16.698436,"(6.5, 9.0, 8.9)","(31.0, 110.0, 95.0)","(14.0, 30.0, 27.84375)","(14.0, 23.0, 18.5)","(8.5, 99999, 99990)","(1.85, 2.12, 2.052)","(7.0, 8.8, 7.905263157894737)","(11.0, 14.0, 13.166666666666666)"
15-12-2022 11:58:17.810247,"(6.5, 9.2, 9.11111111111111)","(31.0, 110.0, 96.66666666666667)","(14.0, 30.0, 22.666666666666668)","(14.0, 24.0, 22.6)","(8.5, 99999, 99990)","(1.85, 2.12, 2.052)","(7.0, 8.8, 8.2)","(11.0, 14.0, 13.166666666666666)"
15-12-2022 11:58:18.919764,"(6.5, 9.2, 9.11111111111111)","(31.0, 110.0, 102.0)","(14.0, 30.0, 24.5)","(14.0, 24.0, 22.6)","(8.5, 99999, 99990)","(1.85, 2.12, 2.052)","(7.0, 8.8, 8.28)","(11.0, 14.0, 13.166666666666666)"
15-12-2022 11:58:19.902096,"(6.5, 9.2, 9.11111111111111)","(31.0, 110.0, 102.0)","(14.0, 30.0, 23.4)","(14.0, 24.0, 22.6)","(8.5, 99999, 99990)","(1.85, 2.12, 2.052)","(7.0, 9.0, 8.28)","(11.0, 14.0, 13.166666666666666)"
15-12-2022 11:58:21.022707,"(7.0, 9.0, 8.88)","(31.0, 110.0, 102.0)","(15.0, 30.0, 24.923076923076923)","(15.0, 24.0, 22.6)","(8.5, 99999, 99990)","(1.8, 2.12, 2.052)","(7.0, 9.0, 8.28)","(10.0, 14.0, 13.166666666666666)"
15-12-2022 11:58:22.112507,"(7.0, 9.0, 8.88)","(31.0, 110.0, 102.0)","(15.0, 30.0, 24.923076923076923)","(15.0, 24.0, 19.0)","(8.5, 99999, 99990)","(1.8, 2.12, 2.0492307692307694)","(7.0, 9.0, 8.28)","(10.0, 14.0, 13.166666666666666)"
15-12-2022 11:58:23.248177,"(7.0, 9.0, 8.88)","(31.0, 110.0, 102.0)","(15.0, 30.0, 23.7)","(15.0, 22.0, 19.4)","(8.5, 99999, 99990)","(1.8, 2.12, 2.0492307692307694)","(7.0, 9.0, 8.28)","(10.0, 14.0, 13.166666666666666)"
15-12-2022 11:58:24.380865,"(7.0, 9.0, 8.88)","(31.0, 110.0, 102.0)","(15.0, 30.0, 23.7)","(15.0, 23.0, 19.4)","(8.5, 99999, 99990)","(1.8, 2.12, 2.0492307692307694)","(7.0, 9.0, 8.28)","(10.0, 14.0, 13.166666666666666)"
15-12-2022 11:58:25.569691,"(7.0, 9.0, 8.88)","(31.0, 110.0, 102.0)","(15.0, 30.0, 25.833333333333332)","(15.0, 23.0, 19.0)","(8.5, 99999, 99990)","(1.8, 2.12, 2.0492307692307694)","(7.0, 9.0, 8.28)","(10.0, 14.0, 13.166666666666666)"
15-12-2022 11:58:26.757837,"(7.0, 9.0, 8.88)","(31.0, 110.0, 134.0)","(15.0, 29.0, 24.6)","(15.0, 22.0, 19.0)","(8.5, 99999, 99990)","(1.8, 2.12, 2.0492307692307694)","(7.0, 9.0, 8.28)","(10.0, 14.0, 13.166666666666666)"
15-12-2022 11:58:27.905838,"(7.0, 9.0, 8.88)","(31.0, 150.0, 134.0)","(15.0, 28.0, 24.692307692307693)","(15.0, 22.0, 19.0)","(8.5, 99999, 99990)","(1.8, 2.12, 2.052)","(7.0, 9.0, 8.28)","(10.0, 14.0, 13.166666666666666)"
15-12-2022 11:58:29.062429,"(7.0, 9.0, 8.88)","(31.0, 160.0, 115.0)","(15.0, 27.0, 24.692307692307693)","(15.0, 22.0, 19.0)","(8.5, 99999, 99990)","(1.8, 2.12, 2.052)","(7.0, 9.0, 8.28)","(10.0, 14.0, 13.166666666666666)"
15-12-2022 11:58:30.328719,"(7.0, 9.0, 8.88)","(31.0, 150.0, 134.0)","(15.0, 27.0, 23.666666666666668)","(15.0, 22.0, 19.0)","(8.5, 99999, 99990)","(1.8, 2.12, 2.052)","(7.0, 9.0, 8.28)","(10.0, 14.0, 13.166666666666666)"
15-12-2022 11:58:31.518409,"(7.0, 9.0, 8.88)","(31.0, 150.0, 134.0)","(15.0, 27.0, 23.666666666666668)","(15.0, 22.0, 19.0)","(8.5, 99999, 99990)","(1.8, 2.12, 2.052)","(7.0, 9.0, 8.618181818181817)","(10.0, 14.0, 13.166666666666666)"
15-12-2022 11:58:32.616609,"(7.0, 9.0, 8.88)","(31.0, 140.0, 105.0)","(15.0, 27.0, 23.666666666666668)","(15.0, 22.0, 20.0)","(8.5, 99999, 99990)","(1.8, 2.12, 2.052)","(7.0, 9.0, 7.925)","(10.0, 14.0, 13.166666666666666)"
15-12-2022 11:58:33.683148,"(7.0, 9.0, 8.88)","(31.0, 130.0, 108.33333333333334)","(15.0, 27.0, 23.666666666666668)","(15.0, 23.0, 20.0)","(8.5, 99999, 99990)","(1.8, 2.12, 2.0496)","(7.0, 8.8, 8.28)","(10.0, 14.0, 13.166666666666666)"
15-12-2022 11:58:34.688834,"(7.0, 9.0, 8.88)","(31.0, 140.0, 102.5)","(15.0, 29.0, 26.285714285714285)","(15.0, 23.0, 20.0)","(8.5, 99999, 99990)","(1.8, 2.12, 2.0496)","(7.0, 9.0, 8.28)","(10.0, 14.0, 13.166666666666666)"
15-12-2022 11:58:35.680980,"(7.0, 9.0, 8.88)","(31.0, 140.0, 102.5)","(15.0, 28.0, 20.4)","(15.0, 23.0, 20.0)","(8.5, 99999, 99990)","(1.8, 2.12, 2.0496)","(7.0, 9.0, 8.28)","(10.0, 14.0, 13.166666666666666)"
15-12-2022 11:58:36.785468,"(7.0, 9.0, 8.88)","(31.0, 140.0, 102.5)","(15.0, 28.0, 26.38095238095238)","(15.0, 23.0, 20.0)","(8.5, 99999, 99990)","(1.8, 2.12, 2.0496)","(7.0, 9.0, 8.28)","(10.0, 14.0, 13.166666666666666)"
15-12-2022 11:58:37.858043,"(7.0, 9.0, 8.88)","(31.0, 140.0, 102.5)","(15.0, 28.0, 26.38095238095238)","(15.0, 23.0, 20.0)","(8.5, 99999, 99990)","(1.8, 2.12, 2.0496)","(7.0, 9.0, 8.28)","(10.0, 14.0, 13.166666666666666)"
15-12-2022 11:58:39.006685,"(7.0, 9.0, 8.88)","(31.0, 140.0, 102.5)","(15.0, 28.0, 26.38095238095238)","(15.0, 23.0, 20.0)","(8.5, 99999, 99990)","(1.8, 2.12, 2.0496)","(7.0, 9.0, 8.28)","(10.0, 14.0, 13.214285714285714)"
15-12-2022 11:58:40.099417,"(7.0, 9.0, 8.88)","(31.0, 140.0, 102.5)","(15.0, 28.0, 25.782608695652172)","(15.0, 22.0, 18.25)","(8.5, 99999, 99990)","(1.8, 2.12, 2.0496)","(7.0, 9.0, 8.28)","(10.0, 14.5, 13.214285714285714)"
15-12-2022 11:58:41.286305,"(7.0, 9.0, 8.88)","(31.0, 140.0, 102.5)","(15.0, 28.0, 25.57142857142857)","(15.0, 22.0, 18.25)","(8.5, 99999, 99990)","(1.8, 2.12, 2.0496)","(7.0, 9.0, 8.28)","(10.0, 14.5, 13.375)"
15-12-2022 11:58:42.388751,"(7.0, 9.0, 8.88)","(31.0, 140.0, 102.5)","(15.0, 27.0, 26.210526315789473)","(15.0, 22.0, 19.5)","(8.5, 99999, 99990)","(1.8, 2.12, 2.0496)","(7.0, 9.0, 8.28)","(10.0, 14.5, 13.375)"
15-12-2022 11:58:43.495200,"(7.0, 9.0, 8.88)","(31.0, 140.0, 102.5)","(15.0, 26.0, 24.761904761904763)","(15.0, 23.0, 20.0)","(8.5, 99999, 99990)","(1.8, 2.12, 2.0496)","(7.0, 9.0, 8.28)","(10.0, 14.5, 13.375)"
15-12-2022 11:58:44.523780,"(7.0, 9.0, 8.88)","(31.0, 140.0, 102.5)","(15.0, 28.0, 26.38095238095238)","(15.0, 22.0, 18.25)","(8.5, 99999, 99990)","(1.8, 2.12, 2.0496)","(7.0, 9.0, 8.28)","(10.0, 14.5, 13.375)"
15-12-2022 11:58:45.582010,"(7.0, 9.0, 8.88)","(31.0, 140.0, 102.5)","(15.0, 28.0, 26.38095238095238)","(15.0, 22.0, 18.25)","(8.5, 99999, 99990)","(1.8, 2.12, 2.0496)","(7.0, 9.0, 8.28)","(10.0, 14.5, 13.375)"
15-12-2022 11:58:46.627021,"(7.0, 9.0, 8.88)","(31.0, 140.0, 102.5)","(15.0, 29.0, 27.416666666666664)","(15.0, 23.0, 20.0)","(8.5, 99999, 99990)","(1.8, 2.12, 2.0496)","(7.0, 9.0, 8.28)","(10.0, 14.5, 13.375)"
15-12-2022 11:58:47.671863,"(7.0, 9.0, 8.88)","(31.0, 140.0, 102.5)","(15.0, 27.0, 24.857142857142858)","(15.0, 21.0, 18.142857142857142)","(8.5, 99999, 99990)","(1.8, 2.12, 2.0496)","(7.0, 9.0, 8.182608695652174)","(10.0, 14.5, 13.375)"
15-12-2022 11:58:48.763811,"(7.0, 9.0, 8.88)","(31.0, 140.0, 115.0)","(15.0, 28.0, 25.57142857142857)","(15.0, 22.0, 21.571428571428573)","(8.5, 99999, 99990)","(1.8, 2.12, 2.0496)","(7.0, 8.6, 8.182608695652174)","(10.0, 14.5, 13.375)"
15-12-2022 11:58:49.949187,"(7.0, 9.0, 8.88)","(31.0, 140.0, 115.0)","(15.0, 28.0, 25.57142857142857)","(15.0, 23.0, 19.0)","(8.5, 99999, 99990)","(1.8, 2.12, 2.0496)","(7.0, 8.6, 8.182608695652174)","(10.0, 14.5, 13.375)"
15-12-2022 11:58:51.055437,"(7.0, 9.0, 8.88)","(31.0, 140.0, 115.0)","(15.0, 28.0, 25.57142857142857)","(15.0, 22.0, 19.0)","(8.5, 99999, 99990)","(1.8, 2.12, 2.065714285714286)","(7.0, 8.6, 8.182608695652174)","(10.0, 14.5, 13.375)"
15-12-2022 11:58:52.166108,"(7.0, 9.0, 8.88)","(31.0, 140.0, 115.0)","(15.0, 28.0, 25.57142857142857)","(13.0, 22.0, 19.0)","(8.5, 99999, 99990)","(1.8, 2.1, 2.05)","(7.0, 8.6, 8.142857142857142)","(10.0, 14.5, 13.375)"
15-12-2022 11:58:53.375343,"(7.0, 9.0, 8.88)","(31.0, 140.0, 102.5)","(15.0, 28.0, 25.57142857142857)","(13.0, 22.0, 20.0)","(8.5, 99999, 99990)","(1.8, 2.1, 2.05)","(7.0, 8.6, 8.142857142857142)","(10.0, 14.5, 13.375)"
15-12-2022 11:58:54.537034,"(7.0, 9.0, 8.88)","(31.0, 140.0, 102.5)","(15.0, 28.0, 25.57142857142857)","(13.0, 23.0, 20.0)","(8.5, 99999, 99990)","(1.8, 2.1, 2.05)","(7.0, 8.6, 8.142857142857142)","(10.0, 14.5, 13.375)"
15-12-2022 11:58:55.688942,"(7.0, 9.0, 8.88)","(31.0, 140.0, 102.5)","(15.0, 28.0, 25.57142857142857)","(13.0, 23.0, 20.0)","(8.5, 99999, 99990)","(1.8, 2.1, 2.080952380952381)","(7.0, 8.6, 7.7)","(10.0, 14.5, 13.375)"
15-12-2022 11:58:56.824323,"(7.0, 9.0, 8.88)","(31.0, 140.0, 102.5)","(15.0, 29.0, 28.049999999999997)","(13.0, 23.0, 20.0)","(8.5, 99999, 99990)","(1.8, 2.1, 2.080952380952381)","(7.0, 8.6, 7.88)","(10.0, 14.5, 13.375)"
15-12-2022 11:58:57.887507,"(7.0, 9.0, 8.89090909090909)","(31.0, 140.0, 102.5)","(15.0, 29.0, 23.0)","(13.0, 23.0, 19.142857142857142)","(8.5, 99999, 99990)","(1.8, 2.1, 2.1070588235294117)","(7.0, 8.6, 7.88)","(10.0, 14.5, 13.375)"
15-12-2022 11:58:58.840743,"(7.0, 9.0, 8.89090909090909)","(31.0, 140.0, 102.5)","(15.0, 29.0, 23.0)","(13.0, 22.0, 19.0)","(8.5, 99999, 99990)","(1.8, 2.14, 2.1070588235294117)","(7.0, 8.6, 7.88)","(10.0, 14.5, 13.375)"
15-12-2022 11:58:59.900208,"(7.0, 9.0, 8.89090909090909)","(31.0, 140.0, 102.5)","(15.0, 28.0, 24.0)","(13.0, 22.0, 19.0)","(8.5, 99999, 99990)","(1.8, 2.14, 2.1070588235294117)","(7.0, 8.6, 8.221052631578948)","(10.0, 14.5, 13.375)"
15-12-2022 11:59:00.940950,"(7.0, 9.0, 8.89090909090909)","(31.0, 130.0, 97.5)","(15.0, 28.0, 24.0)","(13.0, 22.0, 19.0)","(8.5, 99999, 99990)","(1.8, 2.14, 2.1260000000000003)","(7.0, 8.6, 8.221052631578948)","(10.0, 14.5, 13.375)"
15-12-2022 11:59:02.066252,"(7.0, 9.0, 8.89090909090909)","(31.0, 120.0, 101.66666666666666)","(15.0, 28.0, 24.0)","(13.0, 24.0, 21.25)","(8.5, 99999, 99990)","(1.8, 2.14, 2.1260000000000003)","(7.0, 8.6, 8.2)","(10.0, 14.5, 13.954545454545455)"
15-12-2022 11:59:03.287815,"(7.0, 9.0, 8.89090909090909)","(31.0, 120.0, 103.33333333333334)","(15.0, 29.0, 23.285714285714285)","(13.0, 24.0, 21.5)","(8.5, 99999, 99990)","(1.8, 2.14, 2.1260000000000003)","(7.0, 8.6, 8.2)","(10.0, 14.5, 13.954545454545455)"
15-12-2022 11:59:04.456929,"(7.0, 9.0, 8.89090909090909)","(31.0, 120.0, 103.33333333333334)","(15.0, 29.0, 23.285714285714285)","(13.0, 24.0, 19.571428571428573)","(8.5, 99999, 99990)","(1.8, 2.14, 2.1260000000000003)","(7.0, 8.6, 8.223529411764707)","(10.0, 14.5, 13.375)"
15-12-2022 11:59:05.598424,"(7.0, 9.0, 8.89090909090909)","(31.0, 120.0, 103.33333333333334)","(15.0, 29.0, 23.285714285714285)","(13.0, 23.0, 21.5)","(8.5, 99999, 99990)","(1.8, 2.14, 2.1145454545454547)","(7.0, 8.8, 8.791304347826086)","(10.0, 14.5, 13.375)"
15-12-2022 11:59:06.726266,"(7.0, 9.0, 8.89090909090909)","(31.0, 120.0, 103.33333333333334)","(15.0, 29.0, 25.666666666666664)","(13.0, 24.0, 19.571428571428573)","(8.5, 99999, 99990)","(1.8, 2.14, 2.05)","(7.0, 9.0, 8.363636363636363)","(10.0, 14.5, 13.375)"
15-12-2022 11:59:07.826789,"(7.0, 9.0, 8.89090909090909)","(31.0, 120.0, 103.33333333333334)","(15.0, 29.0, 25.666666666666664)","(13.0, 23.0, 21.5)","(8.5, 99999, 99990)","(1.8, 2.12, 1.9858333333333333)","(7.0, 8.8, 8.363636363636363)","(10.0, 14.5, 13.375)"
15-12-2022 11:59:08.971549,"(7.0, 9.0, 8.89090909090909)","(31.0, 120.0, 103.33333333333334)","(15.0, 29.0, 25.666666666666664)","(13.0, 24.0, 19.571428571428573)","(8.5, 99999, 99990)","(1.8, 2.12, 1.9849999999999999)","(7.0, 8.8, 8.0)","(10.0, 14.5, 13.375)"
15-12-2022 11:59:10.060989,"(7.0, 9.0, 8.89090909090909)","(31.0, 120.0, 103.33333333333334)","(15.0, 29.0, 25.666666666666664)","(13.0, 23.0, 21.5)","(8.5, 99999, 99990)","(1.8, 2.12, 2.0)","(7.0, 8.8, 8.58)","(10.0, 14.5, 13.375)"
15-12-2022 11:59:11.083105,"(7.0, 9.0, 8.89090909090909)","(31.0, 120.0, 103.33333333333334)","(15.0, 29.0, 26.714285714285715)","(13.0, 24.0, 21.5)","(8.5, 99999, 99990)","(1.8, 2.1, 1.990909090909091)","(7.0, 9.0, 8.28)","(10.0, 14.5, 13.375)"
15-12-2022 11:59:12.139928,"(7.0, 9.0, 8.89090909090909)","(31.0, 120.0, 103.33333333333334)","(15.0, 29.0, 23.4)","(13.0, 24.0, 21.5)","(8.5, 99999, 99990)","(1.8, 2.1, 1.990909090909091)","(7.0, 9.0, 8.6)","(10.0, 14.5, 13.375)"
15-12-2022 11:59:13.150852,"(7.0, 9.0, 8.89090909090909)","(31.0, 120.0, 117.93103448275863)","(15.0, 29.0, 25.0)","(13.0, 24.0, 21.5)","(8.5, 99999, 99990)","(1.8, 2.1, 1.990909090909091)","(7.0, 9.0, 8.7)","(10.0, 14.5, 13.375)"
15-12-2022 11:59:14.232366,"(7.0, 9.0, 8.733333333333333)","(31.0, 130.0, 125.33333333333334)","(15.0, 29.0, 25.0)","(13.0, 23.0, 19.571428571428573)","(8.5, 99999, 99990)","(1.8, 2.1, 1.990909090909091)","(7.0, 9.0, 8.7)","(10.0, 14.5, 13.375)"
15-12-2022 11:59:15.412408,"(7.0, 9.0, 8.733333333333333)","(31.0, 130.0, 125.33333333333334)","(15.0, 29.0, 25.0)","(13.0, 24.0, 19.666666666666668)","(8.5, 99999, 99990)","(1.8, 2.1, 1.990909090909091)","(7.0, 9.0, 8.7)","(10.0, 14.5, 13.375)"
15-12-2022 11:59:16.538130,"(7.0, 9.0, 8.733333333333333)","(31.0, 130.0, 125.33333333333334)","(15.0, 29.0, 26.818181818181817)","(13.0, 23.0, 20.0)","(8.5, 99999, 99990)","(1.8, 2.1, 1.990909090909091)","(7.0, 9.0, 8.7)","(10.0, 14.5, 13.375)"
15-12-2022 11:59:17.685174,"(7.0, 9.0, 8.733333333333333)","(31.0, 130.0, 125.33333333333334)","(15.0, 29.0, 26.818181818181817)","(13.0, 25.0, 20.0)","(8.5, 99999, 99990)","(1.8, 2.1, 2.0300000000000002)","(7.0, 9.0, 8.317647058823528)","(10.0, 14.5, 13.375)"
15-12-2022 11:59:18.849731,"(7.0, 9.0, 8.733333333333333)","(31.0, 120.0, 101.66666666666666)","(15.0, 29.0, 26.818181818181817)","(13.0, 25.0, 20.0)","(8.5, 99999, 99990)","(1.8, 2.08, 2.0300000000000002)","(7.0, 8.6, 8.317647058823528)","(10.0, 14.5, 13.375)"
15-12-2022 11:59:19.987605,"(7.0, 9.0, 8.733333333333333)","(31.0, 120.0, 101.66666666666666)","(15.0, 29.0, 26.818181818181817)","(13.0, 25.0, 20.0)","(8.5, 99999, 99990)","(1.8, 2.08, 2.0300000000000002)","(7.0, 8.6, 8.317647058823528)","(10.0, 14.5, 13.375)"
15-12-2022 11:59:21.106791,"(7.0, 9.0, 8.733333333333333)","(31.0, 120.0, 101.66666666666666)","(16.0, 29.0, 26.818181818181817)","(13.0, 25.0, 20.0)","(8.5, 99999, 99990)","(1.8, 2.08, 1.98)","(7.0, 8.6, 8.317647058823528)","(10.0, 14.5, 13.375)"
15-12-2022 11:59:22.213341,"(7.0, 9.0, 8.733333333333333)","(31.0, 120.0, 101.66666666666666)","(16.0, 29.0, 26.818181818181817)","(13.0, 25.0, 20.0)","(8.5, 99999, 99990)","(1.8, 2.08, 1.972)","(7.0, 8.6, 8.317647058823528)","(10.0, 14.5, 13.375)"
15-12-2022 11:59:23.299635,"(7.0, 9.0, 8.733333333333333)","(31.0, 120.0, 101.66666666666666)","(16.0, 29.0, 26.818181818181817)","(13.0, 25.0, 20.0)","(8.5, 99999, 99990)","(1.8, 2.08, 1.972)","(7.0, 8.6, 8.317647058823528)","(10.0, 14.5, 13.375)"
15-12-2022 11:59:24.386342,"(7.0, 9.0, 8.733333333333333)","(31.0, 120.0, 101.66666666666666)","(16.0, 29.0, 26.818181818181817)","(13.0, 25.0, 20.0)","(8.5, 99999, 99990)","(1.8, 2.08, 1.972)","(7.0, 8.6, 8.317647058823528)","(10.0, 14.5, 13.25)"
15-12-2022 11:59:25.465397,"(7.0, 9.0, 8.733333333333333)","(31.0, 120.0, 103.33333333333334)","(16.0, 29.0, 26.818181818181817)","(13.0, 25.0, 20.0)","(8.5, 99999, 99990)","(1.8, 2.08, 1.98)","(7.0, 8.6, 8.317647058823528)","(10.0, 14.5, 13.25)"
15-12-2022 11:59:26.519437,"(7.0, 9.0, 8.733333333333333)","(31.0, 120.0, 103.33333333333334)","(16.0, 29.0, 28.0)","(13.0, 25.0, 20.5)","(8.5, 99999, 99990)","(1.8, 2.08, 1.98)","(7.0, 8.6, 8.317647058823528)","(10.0, 14.5, 13.25)"
15-12-2022 11:59:27.571599,"(7.0, 9.0, 8.733333333333333)","(31.0, 120.0, 103.33333333333334)","(16.0, 29.0, 28.0)","(13.0, 25.0, 20.5)","(8.5, 99999, 99990)","(1.8, 2.08, 1.98)","(7.0, 8.6, 8.28)","(10.0, 14.5, 13.25)"
15-12-2022 11:59:28.694397,"(7.0, 9.0, 8.733333333333333)","(31.0, 120.0, 103.33333333333334)","(16.0, 29.0, 28.0)","(13.0, 24.0, 20.25)","(8.5, 99999, 99990)","(1.8, 2.06, 1.98)","(7.0, 8.6, 8.28)","(10.0, 14.5, 13.25)"
15-12-2022 11:59:29.822572,"(7.0, 9.0, 8.733333333333333)","(31.0, 120.0, 103.33333333333334)","(16.0, 29.0, 28.0)","(13.0, 24.0, 20.5)","(8.5, 99999, 99990)","(1.8, 2.06, 1.98)","(7.0, 8.6, 8.28)","(10.0, 14.5, 13.25)"
15-12-2022 11:59:30.975086,"(7.0, 9.0, 8.733333333333333)","(31.0, 130.0, 100.0)","(16.0, 30.0, 27.0)","(13.0, 25.0, 20.333333333333332)","(8.5, 99999, 99990)","(1.8, 2.06, 1.98)","(7.0, 8.6, 8.28)","(10.0, 14.5, 13.25)"
15-12-2022 11:59:32.130537,"(7.0, 9.0, 8.733333333333333)","(31.0, 130.0, 103.33333333333334)","(16.0, 30.0, 27.0)","(13.0, 27.0, 20.4)","(8.5, 99999, 99990)","(1.8, 2.06, 2.011111111111111)","(7.0, 8.6, 8.28)","(10.0, 14.5, 13.25)"
15-12-2022 11:59:33.262413,"(7.0, 9.0, 8.733333333333333)","(31.0, 120.0, 103.33333333333334)","(16.0, 30.0, 27.0)","(13.0, 26.0, 20.4)","(8.5, 99999, 99990)","(1.8, 2.06, 2.011111111111111)","(7.0, 8.6, 8.28)","(10.0, 14.5, 13.25)"
15-12-2022 11:59:34.418295,"(7.0, 9.0, 8.733333333333333)","(31.0, 120.0, 103.33333333333334)","(16.0, 30.0, 27.333333333333332)","(13.0, 26.0, 20.4)","(8.5, 99999, 99990)","(1.8, 2.06, 1.9814814814814814)","(7.0, 8.6, 8.28)","(10.0, 14.5, 13.25)"
15-12-2022 11:59:35.542783,"(7.0, 9.0, 8.733333333333333)","(31.0, 120.0, 103.33333333333334)","(16.0, 29.0, 27.333333333333332)","(13.0, 26.0, 20.4)","(8.5, 99999, 99990)","(1.8, 2.12, 2.033333333333333)","(7.0, 8.6, 8.28)","(10.0, 14.5, 13.25)"
15-12-2022 11:59:36.682963,"(7.0, 9.0, 8.733333333333333)","(31.0, 120.0, 103.33333333333334)","(16.0, 29.0, 28.375)","(13.0, 27.0, 20.6)","(8.5, 99999, 99990)","(1.8, 2.1, 2.0176470588235293)","(7.0, 8.6, 8.28)","(10.0, 14.5, 13.25)"
15-12-2022 11:59:37.795424,"(7.0, 9.0, 8.733333333333333)","(31.0, 130.0, 125.33333333333334)","(16.0, 29.0, 28.375)","(13.0, 27.0, 20.6)","(8.5, 99999, 99990)","(1.8, 2.1, 2.0176470588235293)","(7.0, 8.6, 8.28)","(10.0, 14.5, 13.25)"
15-12-2022 11:59:38.852493,"(7.0, 9.0, 8.733333333333333)","(31.0, 130.0, 125.33333333333334)","(16.0, 29.0, 28.375)","(13.0, 27.0, 20.6)","(8.5, 99999, 99990)","(1.8, 2.1, 2.0176470588235293)","(7.0, 8.6, 8.28)","(10.0, 14.5, 13.25)"
15-12-2022 11:59:39.906401,"(7.0, 9.0, 8.733333333333333)","(31.0, 130.0, 125.33333333333334)","(16.0, 29.0, 28.375)","(13.0, 27.0, 20.6)","(8.5, 99999, 99990)","(1.8, 2.1, 2.0176470588235293)","(7.0, 8.6, 8.28)","(10.0, 14.5, 13.25)"
15-12-2022 11:59:40.887048,"(7.0, 9.0, 8.733333333333333)","(31.0, 130.0, 125.33333333333334)","(16.0, 29.0, 28.375)","(13.0, 27.0, 20.6)","(8.5, 99999, 99990)","(1.8, 2.1, 1.9636363636363636)","(7.0, 8.6, 8.28)","(10.0, 14.5, 13.25)"
15-12-2022 11:59:42.018054,"(7.0, 9.0, 8.733333333333333)","(31.0, 130.0, 125.33333333333334)","(16.0, 29.0, 28.375)","(13.0, 27.0, 20.6)","(8.5, 99999, 99990)","(1.8, 2.1, 2.0)","(7.0, 8.6, 8.28)","(10.0, 14.5, 13.25)"
15-12-2022 11:59:43.120794,"(7.0, 9.0, 8.733333333333333)","(31.0, 130.0, 125.33333333333334)","(16.0, 29.0, 28.375)","(13.0, 27.0, 20.6)","(8.5, 99999, 99990)","(1.8, 2.1, 2.025)","(7.0, 8.6, 8.28)","(10.0, 14.5, 13.25)"
15-12-2022 11:59:44.234355,"(7.0, 9.0, 8.733333333333333)","(31.0, 130.0, 125.33333333333334)","(16.0, 29.0, 28.375)","(13.0, 27.0, 20.6)","(8.5, 99999, 99990)","(1.8, 2.1, 2.0208333333333335)","(7.0, 8.6, 8.28)","(10.0, 14.5, 13.25)"
15-12-2022 11:59:45.385230,"(7.0, 9.0, 8.733333333333333)","(31.0, 130.0, 125.33333333333334)","(16.0, 29.0, 28.615384615384617)","(13.0, 27.0, 21.666666666666668)","(8.5, 99999, 99990)","(1.8, 2.12, 2.033333333333333)","(7.0, 8.6, 8.28)","(10.0, 14.5, 13.25)"
15-12-2022 11:59:46.445235,"(7.0, 9.0, 8.733333333333333)","(31.0, 130.0, 125.33333333333334)","(16.0, 29.0, 28.615384615384617)","(13.0, 27.0, 21.333333333333332)","(8.5, 99999, 99990)","(1.8, 2.1, 2.033333333333333)","(7.0, 8.6, 8.28)","(10.0, 14.5, 13.25)"
15-12-2022 11:59:47.540818,"(7.0, 9.0, 8.733333333333333)","(31.0, 130.0, 125.33333333333334)","(16.0, 29.0, 28.615384615384617)","(13.0, 26.0, 21.57142857142857)","(8.5, 99999, 99990)","(1.8, 2.1, 1.988)","(7.0, 8.6, 8.4)","(10.0, 14.5, 13.25)"
15-12-2022 11:59:48.653782,"(7.0, 9.0, 8.733333333333333)","(31.0, 130.0, 97.5)","(16.0, 29.0, 28.615384615384617)","(13.0, 25.0, 21.57142857142857)","(8.5, 99999, 99990)","(1.8, 2.1, 2.02)","(7.0, 9.0, 8.7)","(10.0, 14.5, 13.25)"
15-12-2022 11:59:49.748282,"(7.0, 9.0, 8.733333333333333)","(31.0, 120.0, 103.33333333333334)","(16.0, 29.0, 28.615384615384617)","(13.0, 25.0, 22.857142857142858)","(8.5, 99999, 99990)","(1.8, 2.08, 1.98)","(7.0, 9.0, 8.7)","(10.0, 14.5, 13.25)"
15-12-2022 11:59:50.814371,"(7.0, 9.0, 8.733333333333333)","(31.0, 120.0, 103.33333333333334)","(16.0, 29.0, 28.583333333333336)","(13.0, 28.0, 22.857142857142858)","(8.5, 99999, 99990)","(1.8, 2.08, 1.98)","(7.0, 9.0, 8.7)","(10.0, 14.5, 13.25)"
15-12-2022 11:59:51.943135,"(7.0, 9.0, 8.733333333333333)","(31.0, 120.0, 103.33333333333334)","(16.0, 29.0, 28.0)","(14.0, 26.0, 20.6)","(8.5, 99999, 99990)","(1.8, 2.08, 1.98)","(7.0, 9.0, 8.7)","(10.0, 14.5, 13.25)"
15-12-2022 11:59:52.979410,"(7.0, 9.0, 8.733333333333333)","(31.0, 120.0, 103.33333333333334)","(16.0, 29.0, 28.0)","(14.0, 25.0, 20.6)","(8.5, 99999, 99990)","(1.8, 2.08, 1.98)","(7.0, 9.0, 8.7)","(10.0, 14.5, 13.25)"
15-12-2022 11:59:54.027400,"(7.0, 9.0, 8.733333333333333)","(31.0, 120.0, 103.33333333333334)","(16.0, 29.0, 28.0)","(14.0, 27.0, 20.75)","(8.5, 99999, 99990)","(1.8, 2.08, 1.98)","(7.0, 9.0, 8.7)","(10.0, 14.5, 13.25)"
15-12-2022 11:59:55.119037,"(7.0, 9.2, 8.75)","(31.0, 120.0, 103.33333333333334)","(16.0, 29.0, 28.0)","(14.0, 27.0, 20.75)","(8.5, 99999, 99990)","(1.8, 2.08, 1.98)","(7.0, 9.0, 8.89090909090909)","(10.0, 14.5, 13.25)"
15-12-2022 11:59:56.204028,"(7.0, 9.2, 8.75)","(31.0, 120.0, 103.33333333333334)","(16.0, 29.0, 28.333333333333332)","(14.0, 27.0, 20.75)","(8.5, 99999, 99990)","(1.8, 2.08, 1.98)","(7.0, 9.0, 8.89090909090909)","(10.0, 14.5, 13.25)"
15-12-2022 11:59:57.269027,"(7.0, 9.2, 8.75)","(31.0, 120.0, 103.33333333333334)","(16.0, 29.0, 28.333333333333332)","(14.0, 27.0, 20.75)","(8.5, 99999, 99990)","(1.8, 2.08, 1.98)","(7.0, 9.0, 8.89090909090909)","(10.0, 14.5, 13.25)"
15-12-2022 11:59:58.400712,"(7.0, 9.2, 8.75)","(31.0, 120.0, 103.33333333333334)","(16.0, 29.0, 28.333333333333332)","(14.0, 27.0, 20.75)","(8.5, 99999, 99990)","(1.8, 2.08, 2.0700000000000003)","(7.0, 9.0, 8.89090909090909)","(10.0, 14.5, 13.25)"
15-12-2022 11:59:59.531647,"(7.0, 9.2, 8.75)","(31.0, 120.0, 103.33333333333334)","(16.0, 29.0, 28.333333333333332)","(14.0, 27.0, 20.75)","(8.5, 99999, 99990)","(1.75, 2.08, 2.0700000000000003)","(7.0, 9.0, 8.89090909090909)","(10.0, 14.5, 13.25)"
15-12-2022 12:00:00.655292,"(7.0, 9.2, 8.75)","(31.0, 120.0, 103.33333333333334)","(16.0, 29.0, 28.333333333333332)","(14.0, 27.0, 20.75)","(8.5, 99999, 99990)","(1.75, 2.08, 2.0700000000000003)","(7.0, 9.0, 8.89090909090909)","(10.0, 14.5, 13.25)"
15-12-2022 12:00:01.718729,"(7.0, 9.2, 8.75)","(31.0, 120.0, 103.33333333333334)","(16.0, 29.0, 28.333333333333332)","(14.0, 27.0, 20.4375)","(8.5, 99999, 99990)","(1.75, 2.08, 2.0700000000000003)","(7.0, 9.0, 8.89090909090909)","(10.0, 14.5, 14.023809523809524)"
15-12-2022 12:00:02.751284,"(7.0, 9.2, 8.75)","(31.0, 120.0, 103.33333333333334)","(16.0, 29.0, 28.333333333333332)","(14.0, 27.0, 20.4375)","(8.5, 99999, 99990)","(1.75, 2.08, 2.06625)","(7.0, 9.0, 8.89090909090909)","(10.0, 14.5, 14.023809523809524)"
15-12-2022 12:00:03.779035,"(7.0, 9.2, 8.75)","(31.0, 120.0, 103.33333333333334)","(16.0, 29.0, 28.333333333333332)","(14.0, 26.0, 21.666666666666668)","(8.5, 99999, 99990)","(1.75, 2.08, 2.0252631578947367)","(7.0, 9.0, 8.866666666666667)","(10.0, 14.5, 13.25)"
15-12-2022 12:00:04.781189,"(7.0, 9.2, 8.75)","(31.0, 120.0, 103.33333333333334)","(16.0, 29.0, 28.333333333333332)","(14.0, 26.0, 22.0)","(8.5, 99999, 99990)","(1.75, 2.12, 2.0252631578947367)","(7.0, 9.0, 8.866666666666667)","(10.0, 14.5, 13.5)"
15-12-2022 12:00:05.785626,"(7.0, 9.2, 8.75)","(31.0, 120.0, 103.33333333333334)","(16.0, 29.0, 28.333333333333332)","(14.0, 26.0, 22.0)","(8.5, 99999, 99990)","(1.75, 2.12, 2.0252631578947367)","(7.0, 9.0, 8.866666666666667)","(10.0, 14.5, 13.5)"
15-12-2022 12:00:06.895378,"(7.0, 9.2, 8.75)","(31.0, 120.0, 103.33333333333334)","(16.0, 29.0, 28.555555555555557)","(14.0, 27.0, 22.333333333333332)","(8.5, 99999, 99990)","(1.75, 2.12, 2.0357142857142856)","(7.0, 9.0, 8.666666666666666)","(10.0, 14.5, 13.5)"
15-12-2022 12:00:08.032107,"(7.0, 9.2, 8.75)","(31.0, 120.0, 117.85714285714286)","(18.0, 29.0, 28.555555555555557)","(14.0, 27.0, 22.333333333333332)","(8.5, 99999, 99990)","(1.75, 2.1, 2.0314285714285716)","(7.0, 9.0, 8.666666666666666)","(10.0, 14.5, 13.5)"
15-12-2022 12:00:09.172258,"(7.0, 9.2, 8.75)","(31.0, 130.0, 125.17241379310344)","(18.0, 29.0, 28.555555555555557)","(14.0, 27.0, 20.4)","(8.5, 99999, 99990)","(1.75, 2.1, 2.004516129032258)","(7.0, 9.0, 8.866666666666667)","(10.0, 14.5, 13.5)"
15-12-2022 12:00:10.297320,"(7.0, 9.2, 9.015384615384615)","(31.0, 130.0, 125.17241379310344)","(18.0, 29.0, 28.5)","(14.0, 28.0, 22.75)","(8.5, 99999, 99990)","(1.75, 2.14, 2.00225)","(7.0, 9.0, 8.866666666666667)","(10.0, 14.5, 13.5)"
15-12-2022 12:00:11.379676,"(7.0, 9.2, 9.015384615384615)","(31.0, 130.0, 125.17241379310344)","(18.0, 29.0, 28.5)","(14.0, 27.0, 22.75)","(8.5, 99999, 99990)","(1.75, 2.14, 2.031304347826087)","(7.0, 9.0, 8.866666666666667)","(10.0, 14.5, 14.1)"
15-12-2022 12:00:12.384502,"(7.0, 8.8, 8.763636363636364)","(31.0, 130.0, 125.17241379310344)","(18.0, 29.0, 28.5)","(14.0, 28.0, 23.25)","(8.5, 99999, 99990)","(1.75, 2.12, 2.031304347826087)","(7.0, 9.0, 8.866666666666667)","(10.0, 14.5, 14.1)"
15-12-2022 12:00:13.533336,"(7.0, 8.8, 8.763636363636364)","(31.0, 130.0, 125.17241379310344)","(18.0, 29.0, 28.5)","(14.0, 28.0, 20.4)","(8.5, 99999, 99990)","(1.75, 2.12, 2.046153846153846)","(7.0, 9.0, 8.866666666666667)","(10.0, 14.5, 14.1)"
15-12-2022 12:00:14.656064,"(7.0, 8.8, 8.763636363636364)","(31.0, 130.0, 125.17241379310344)","(18.0, 29.0, 28.5)","(14.0, 28.0, 21.0)","(8.5, 99999, 99990)","(1.75, 2.1, 2.046153846153846)","(7.0, 9.0, 8.866666666666667)","(10.0, 14.5, 14.1)"
15-12-2022 12:00:16.038683,"(7.0, 8.8, 8.763636363636364)","(31.0, 130.0, 125.17241379310344)","(18.0, 29.0, 29.375)","(14.0, 26.0, 22.75)","(8.5, 99999, 99990)","(1.75, 2.1, 2.046153846153846)","(7.0, 9.0, 8.866666666666667)","(10.0, 14.5, 14.1)"
15-12-2022 12:00:17.273565,"(7.0, 8.8, 8.763636363636364)","(31.0, 130.0, 125.17241379310344)","(18.0, 30.0, 29.375)","(14.0, 27.0, 20.083333333333332)","(8.5, 99999, 99990)","(1.75, 2.1, 2.0975)","(7.0, 9.0, 8.866666666666667)","(10.0, 14.5, 13.75)"
15-12-2022 12:00:18.374757,"(7.0, 8.8, 8.763636363636364)","(31.0, 130.0, 104.0)","(18.0, 30.0, 29.375)","(14.0, 28.0, 21.333333333333332)","(8.5, 99999, 99990)","(1.75, 2.14, 2.0206451612903225)","(7.0, 9.0, 8.866666666666667)","(10.0, 14.5, 13.75)"
15-12-2022 12:00:19.410964,"(7.0, 8.8, 8.763636363636364)","(31.0, 130.0, 104.0)","(18.0, 30.0, 29.375)","(14.0, 27.0, 21.333333333333332)","(8.5, 99999, 99990)","(1.75, 2.12, 2.0206451612903225)","(7.0, 9.0, 8.866666666666667)","(10.0, 14.5, 13.75)"
15-12-2022 12:00:20.426603,"(7.0, 8.8, 8.763636363636364)","(31.0, 130.0, 104.0)","(18.0, 30.0, 29.375)","(14.0, 26.0, 21.0)","(8.5, 99999, 99990)","(1.75, 2.12, 2.0206451612903225)","(7.0, 9.0, 8.866666666666667)","(10.0, 14.5, 13.75)"
15-12-2022 12:00:21.601570,"(7.0, 8.8, 8.763636363636364)","(31.0, 130.0, 108.33333333333334)","(18.0, 30.0, 29.375)","(14.0, 28.0, 20.083333333333332)","(8.5, 99999, 99990)","(1.75, 2.1, 2.07375)","(7.0, 9.0, 8.866666666666667)","(10.0, 14.5, 13.75)"
15-12-2022 12:00:22.654169,"(7.0, 8.8, 8.763636363636364)","(31.0, 130.0, 108.33333333333334)","(18.0, 30.0, 29.375)","(14.0, 28.0, 21.333333333333332)","(8.5, 99999, 99990)","(1.75, 2.1, 2.0714814814814817)","(7.0, 9.0, 8.866666666666667)","(10.0, 14.5, 13.75)"
15-12-2022 12:00:23.812814,"(7.0, 8.8, 8.763636363636364)","(31.0, 130.0, 108.33333333333334)","(18.0, 30.0, 29.375)","(14.0, 27.0, 21.0)","(8.5, 99999, 99990)","(1.75, 2.1, 2.0714814814814817)","(7.0, 9.0, 8.866666666666667)","(10.0, 14.5, 13.75)"
15-12-2022 12:00:24.927182,"(7.0, 8.8, 8.763636363636364)","(31.0, 130.0, 108.33333333333334)","(18.0, 30.0, 29.375)","(14.0, 26.0, 21.333333333333332)","(8.5, 99999, 99990)","(1.75, 2.1, 2.070952380952381)","(7.0, 9.0, 8.866666666666667)","(10.0, 14.5, 13.666666666666666)"
15-12-2022 12:00:26.060038,"(7.0, 8.8, 8.763636363636364)","(31.0, 130.0, 108.33333333333334)","(18.0, 30.0, 29.411764705882355)","(14.0, 27.0, 21.0)","(8.5, 99999, 99990)","(1.75, 2.14, 2.05)","(7.0, 9.0, 8.866666666666667)","(10.0, 15.0, 13.666666666666666)"
15-12-2022 12:00:27.249606,"(7.0, 8.8, 8.763636363636364)","(31.0, 130.0, 108.33333333333334)","(18.0, 30.0, 28.0)","(15.0, 26.0, 20.083333333333332)","(8.5, 99999, 99990)","(1.75, 2.12, 2.0294117647058822)","(7.0, 9.0, 8.4)","(10.0, 15.0, 13.8)"
15-12-2022 12:00:28.373843,"(7.0, 8.8, 8.763636363636364)","(31.0, 130.0, 100.0)","(18.0, 30.0, 28.0)","(15.0, 28.0, 21.333333333333332)","(8.5, 99999, 99990)","(1.75, 2.12, 1.9784615384615385)","(7.0, 8.8, 8.4)","(10.0, 15.0, 13.8)"
15-12-2022 12:00:29.653706,"(7.0, 8.8, 8.763636363636364)","(31.0, 130.0, 100.0)","(18.0, 30.0, 28.0)","(15.0, 27.0, 23.5)","(8.5, 99999, 99990)","(1.75, 2.08, 1.9784615384615385)","(7.0, 8.8, 8.4)","(10.0, 15.0, 13.8)"
15-12-2022 12:00:30.799913,"(7.0, 8.8, 8.763636363636364)","(31.0, 130.0, 100.0)","(18.0, 30.0, 28.0)","(15.0, 26.0, 22.72222222222222)","(8.5, 99999, 99990)","(1.75, 2.08, 1.9784615384615385)","(7.0, 8.8, 8.4)","(10.0, 15.0, 13.8)"
15-12-2022 12:00:31.915094,"(7.0, 8.8, 8.763636363636364)","(31.0, 130.0, 100.0)","(18.0, 30.0, 28.0)","(15.0, 28.0, 24.166666666666668)","(8.5, 99999, 99990)","(1.75, 2.08, 1.9784615384615385)","(7.0, 8.8, 8.4)","(10.0, 15.0, 13.8)"
15-12-2022 12:00:33.053052,"(7.0, 8.8, 8.763636363636364)","(31.0, 130.0, 100.0)","(18.0, 30.0, 28.0)","(15.0, 27.0, 23.5)","(8.5, 99999, 99990)","(1.75, 2.08, 2.015)","(7.0, 8.8, 8.4)","(10.0, 15.0, 13.8)"
15-12-2022 12:00:34.384787,"(7.0, 8.8, 8.763636363636364)","(31.0, 130.0, 100.0)","(18.0, 30.0, 28.0)","(15.0, 26.0, 25.3)","(8.5, 99999, 99990)","(1.75, 2.08, 2.015)","(7.0, 8.8, 8.4)","(10.0, 15.0, 13.8)"
15-12-2022 12:00:35.600130,"(7.0, 8.8, 8.763636363636364)","(31.0, 130.0, 100.0)","(18.0, 30.0, 28.0)","(15.0, 27.0, 23.5)","(8.5, 99999, 99990)","(1.75, 2.08, 1.9933333333333334)","(7.0, 8.8, 8.4)","(10.0, 15.0, 13.9)"
15-12-2022 12:00:36.828182,"(7.0, 8.8, 8.763636363636364)","(31.0, 130.0, 100.0)","(18.0, 30.0, 28.0)","(15.0, 26.0, 23.5)","(8.5, 99999, 99990)","(1.75, 2.08, 1.9933333333333334)","(7.0, 8.8, 8.4)","(10.0, 15.5, 13.9)"
15-12-2022 12:00:38.089150,"(7.0, 8.8, 8.763636363636364)","(31.0, 130.0, 100.0)","(18.0, 30.0, 28.0)","(15.0, 27.0, 25.3)","(8.5, 99999, 99990)","(1.75, 2.08, 2.01)","(7.0, 8.8, 8.4)","(10.0, 15.5, 13.9)"
15-12-2022 12:00:39.210871,"(7.0, 8.8, 8.763636363636364)","(31.0, 130.0, 100.0)","(18.0, 30.0, 28.0)","(15.0, 26.0, 23.5)","(8.5, 99999, 99990)","(1.75, 2.08, 2.01)","(7.0, 8.8, 8.16)","(10.0, 15.5, 13.9)"
15-12-2022 12:00:40.358557,"(7.0, 8.8, 8.763636363636364)","(31.0, 130.0, 100.0)","(18.0, 30.0, 28.0)","(15.0, 27.0, 25.3)","(8.5, 99999, 99990)","(1.75, 2.08, 1.9845454545454546)","(7.0, 8.8, 8.16)","(10.0, 15.5, 13.9)"
15-12-2022 12:00:41.543112,"(7.0, 8.8, 8.763636363636364)","(31.0, 130.0, 100.0)","(18.0, 30.0, 28.0)","(15.0, 26.0, 23.5)","(8.5, 99999, 99990)","(1.75, 2.08, 1.975)","(7.0, 8.8, 8.16)","(10.0, 15.5, 13.9)"
15-12-2022 12:00:42.712920,"(7.0, 8.8, 8.763636363636364)","(31.0, 200.0, 113.33333333333334)","(18.0, 30.0, 28.0)","(15.0, 26.0, 25.3)","(8.5, 99999, 99990)","(1.75, 2.08, 1.975)","(7.0, 8.8, 8.16)","(10.0, 15.5, 13.9)"
15-12-2022 12:00:43.948761,"(7.0, 8.8, 8.763636363636364)","(31.0, 190.0, 150.0)","(18.0, 30.0, 28.0)","(15.0, 27.0, 25.3)","(8.5, 99999, 99990)","(1.75, 2.08, 1.975)","(7.0, 8.8, 8.16)","(10.0, 15.5, 13.9)"
15-12-2022 12:00:45.103927,"(7.0, 8.8, 8.763636363636364)","(31.0, 190.0, 150.0)","(16.0, 30.0, 28.0)","(15.0, 27.0, 25.3)","(8.5, 99999, 99990)","(1.75, 2.08, 1.975)","(7.0, 8.8, 8.16)","(11.0, 15.5, 13.9)"
15-12-2022 12:00:46.196290,"(7.0, 8.8, 8.763636363636364)","(31.0, 190.0, 150.0)","(16.0, 30.0, 28.0)","(15.0, 27.0, 25.3)","(8.5, 99999, 99990)","(1.75, 2.08, 1.975)","(7.0, 8.8, 8.16)","(11.0, 15.5, 13.9)"
15-12-2022 12:00:47.287408,"(7.0, 8.8, 8.763636363636364)","(31.0, 190.0, 104.28571428571428)","(16.0, 30.0, 28.0)","(15.0, 28.0, 22.3)","(8.5, 99999, 99990)","(1.75, 2.08, 1.970909090909091)","(7.0, 8.8, 8.4)","(11.0, 15.5, 13.9)"
15-12-2022 12:00:48.420798,"(7.0, 8.8, 8.763636363636364)","(31.0, 190.0, 100.0)","(16.0, 30.0, 28.0)","(15.0, 27.0, 23.0)","(8.5, 99999, 99990)","(1.75, 2.08, 1.970909090909091)","(7.0, 8.8, 8.4)","(11.0, 15.5, 13.9)"
15-12-2022 12:00:49.639879,"(7.0, 8.8, 8.763636363636364)","(31.0, 190.0, 100.0)","(16.0, 30.0, 28.0)","(15.0, 26.0, 21.0)","(8.5, 99999, 99990)","(1.75, 2.08, 1.9733333333333334)","(7.0, 8.8, 8.4)","(11.0, 15.5, 13.9)"
15-12-2022 12:00:50.763058,"(7.0, 8.8, 8.763636363636364)","(31.0, 190.0, 100.0)","(16.0, 30.0, 28.0)","(15.0, 25.0, 21.0)","(8.5, 99999, 99990)","(1.75, 2.06, 1.9733333333333334)","(7.0, 8.8, 8.4)","(11.0, 15.5, 13.9)"
15-12-2022 12:00:51.869517,"(7.0, 8.8, 8.763636363636364)","(31.0, 180.0, 148.57142857142856)","(16.0, 30.0, 28.0)","(15.0, 25.0, 21.0)","(8.5, 99999, 99990)","(1.75, 2.06, 1.9733333333333334)","(7.0, 8.8, 8.75)","(11.0, 15.5, 13.9)"
15-12-2022 12:00:53.021322,"(7.0, 8.8, 8.763636363636364)","(31.0, 180.0, 120.0)","(16.0, 29.0, 26.0)","(15.0, 25.0, 21.0)","(8.5, 99999, 99990)","(1.75, 2.06, 1.9733333333333334)","(7.0, 9.0, 8.75)","(11.0, 15.5, 13.9)"
15-12-2022 12:00:54.186194,"(7.0, 8.8, 8.763636363636364)","(31.0, 180.0, 120.0)","(16.0, 29.0, 26.0)","(15.0, 25.0, 21.0)","(8.5, 99999, 99990)","(1.75, 2.06, 1.9733333333333334)","(7.0, 9.0, 8.75)","(11.0, 15.5, 13.9)"
15-12-2022 12:00:55.459117,"(7.0, 8.8, 8.763636363636364)","(31.0, 180.0, 120.0)","(16.0, 29.0, 25.0)","(15.0, 25.0, 21.0)","(8.5, 99999, 99990)","(1.75, 2.06, 1.9733333333333334)","(7.0, 9.0, 8.833333333333334)","(11.0, 15.5, 13.9)"
15-12-2022 12:00:56.558359,"(7.0, 8.8, 8.763636363636364)","(31.0, 180.0, 120.0)","(16.0, 29.0, 25.0)","(15.0, 25.0, 21.0)","(8.5, 99999, 99990)","(1.75, 2.06, 2.02)","(7.0, 9.0, 8.833333333333334)","(11.0, 15.5, 13.9)"
15-12-2022 12:00:57.720905,"(7.0, 8.8, 8.763636363636364)","(31.0, 180.0, 120.0)","(16.0, 29.0, 25.0)","(15.0, 25.0, 21.0)","(8.5, 99999, 99990)","(1.75, 2.08, 2.02)","(7.0, 9.0, 8.833333333333334)","(11.0, 15.5, 13.9)"
15-12-2022 12:00:59.104738,"(7.0, 8.8, 8.763636363636364)","(31.0, 180.0, 120.0)","(16.0, 29.0, 25.0)","(15.0, 25.0, 21.0)","(8.5, 99999, 99990)","(1.75, 2.08, 2.02)","(7.0, 8.8, 8.571428571428571)","(11.0, 15.5, 13.9)"
15-12-2022 12:01:00.203271,"(7.0, 8.8, 8.763636363636364)","(31.0, 180.0, 120.0)","(16.0, 29.0, 25.0)","(15.0, 25.0, 21.0)","(8.5, 99999, 99990)","(1.75, 2.08, 2.02)","(7.0, 8.8, 8.571428571428571)","(11.0, 15.5, 13.9)"
15-12-2022 12:01:01.366339,"(7.0, 8.8, 8.763636363636364)","(31.0, 180.0, 120.0)","(16.0, 29.0, 25.0)","(15.0, 25.0, 21.0)","(8.5, 99999, 99990)","(1.75, 2.06, 1.97125)","(7.0, 8.8, 8.571428571428571)","(11.0, 16.0, 14.125)"
15-12-2022 12:01:02.485581,"(7.0, 8.8, 8.763636363636364)","(31.0, 180.0, 120.0)","(16.0, 29.0, 25.0)","(15.0, 25.0, 21.0)","(8.5, 99999, 99990)","(1.75, 2.04, 1.928)","(7.0, 8.8, 8.571428571428571)","(11.0, 16.0, 14.125)"
15-12-2022 12:01:03.608451,"(7.0, 8.8, 8.763636363636364)","(31.0, 180.0, 148.57142857142856)","(18.0, 29.0, 25.0)","(15.0, 25.0, 23.25)","(8.5, 99999, 99990)","(1.75, 2.04, 1.928)","(7.0, 8.8, 8.571428571428571)","(11.0, 16.0, 14.125)"
15-12-2022 12:01:04.825565,"(7.0, 8.8, 8.763636363636364)","(31.0, 180.0, 148.57142857142856)","(18.0, 30.0, 26.5)","(15.0, 25.0, 23.7)","(8.5, 99999, 99990)","(1.75, 2.04, 1.9669565217391305)","(7.0, 8.8, 8.571428571428571)","(11.0, 16.0, 14.125)"
15-12-2022 12:01:05.999546,"(7.0, 8.8, 8.763636363636364)","(31.0, 180.0, 110.0)","(18.0, 30.0, 28.0)","(15.0, 25.0, 25.75)","(8.5, 99999, 99990)","(1.75, 2.04, 1.991875)","(7.0, 8.8, 8.176470588235293)","(11.0, 16.0, 14.125)"
15-12-2022 12:01:07.199270,"(7.0, 8.8, 8.763636363636364)","(31.0, 180.0, 110.0)","(18.0, 30.0, 28.0)","(15.0, 27.0, 25.5)","(8.5, 99999, 99990)","(1.75, 2.04, 1.9442857142857142)","(7.0, 8.6, 8.12)","(11.0, 16.0, 14.125)"
15-12-2022 12:01:08.367924,"(7.0, 8.8, 8.763636363636364)","(31.0, 180.0, 110.0)","(18.0, 30.0, 28.0)","(15.0, 27.0, 24.7)","(8.5, 99999, 99990)","(1.75, 1.97, 1.9594117647058824)","(7.0, 8.6, 8.12)","(11.0, 16.0, 14.8)"
15-12-2022 12:01:09.604118,"(7.0, 8.8, 8.763636363636364)","(31.0, 180.0, 110.0)","(18.0, 30.0, 29.333333333333332)","(15.0, 26.0, 24.7)","(8.5, 99999, 99990)","(1.75, 1.97, 1.9594117647058824)","(7.0, 8.6, 8.12)","(11.0, 16.0, 14.8)"
15-12-2022 12:01:11.028773,"(7.0, 8.8, 8.763636363636364)","(31.0, 180.0, 90.0)","(18.0, 30.0, 33.45)","(15.0, 26.0, 24.7)","(8.5, 99999, 99990)","(1.75, 1.97, 1.9594117647058824)","(7.0, 8.6, 8.12)","(11.0, 16.0, 14.8)"
15-12-2022 12:01:12.462671,"(7.0, 8.8, 8.763636363636364)","(31.0, 180.0, 90.0)","(18.0, 34.0, 28.0)","(15.0, 26.0, 24.7)","(8.5, 99999, 99990)","(1.75, 1.97, 1.9594117647058824)","(7.0, 8.6, 8.12)","(11.0, 16.0, 14.8)"
15-12-2022 12:01:13.782193,"(7.0, 8.8, 8.763636363636364)","(31.0, 180.0, 90.0)","(18.0, 34.0, 28.0)","(15.0, 26.0, 24.0)","(8.5, 99999, 99990)","(1.75, 1.97, 1.9594117647058824)","(7.0, 8.6, 8.12)","(11.0, 16.0, 14.8)"
15-12-2022 12:01:15.181536,"(7.0, 8.8, 8.763636363636364)","(31.0, 180.0, 90.0)","(18.0, 34.0, 28.0)","(15.0, 26.0, 24.0)","(8.5, 99999, 99990)","(1.75, 1.97, 1.9594117647058824)","(7.0, 8.6, 8.12)","(11.0, 16.0, 14.8)"
15-12-2022 12:01:16.734311,"(7.0, 8.8, 8.763636363636364)","(31.0, 180.0, 90.0)","(18.0, 34.0, 28.0)","(15.0, 26.0, 24.0)","(8.5, 99999, 99990)","(1.75, 1.97, 1.9442857142857142)","(7.0, 8.6, 8.17142857142857)","(11.0, 16.0, 14.8)"
15-12-2022 12:01:18.280014,"(7.0, 8.8, 8.763636363636364)","(31.0, 170.0, 111.42857142857143)","(18.0, 32.0, 29.714285714285715)","(15.0, 26.0, 24.0)","(8.5, 99999, 99990)","(1.75, 1.97, 1.94)","(7.0, 8.6, 8.17142857142857)","(11.0, 16.0, 14.8)"
15-12-2022 12:01:19.712041,"(7.0, 8.8, 8.763636363636364)","(31.0, 160.0, 111.42857142857143)","(18.0, 32.0, 29.714285714285715)","(15.0, 26.0, 24.0)","(8.5, 99999, 99990)","(1.75, 1.97, 1.94)","(7.0, 8.6, 8.1)","(11.0, 16.0, 14.8)"
15-12-2022 12:01:21.232921,"(7.0, 8.8, 8.763636363636364)","(31.0, 150.0, 120.0)","(18.0, 32.0, 29.0)","(15.0, 25.0, 22.5)","(8.5, 99999, 99990)","(1.75, 1.97, 1.94)","(7.0, 8.6, 8.24)","(11.0, 16.0, 14.8)"
15-12-2022 12:01:22.453689,"(7.0, 8.8, 8.763636363636364)","(31.0, 150.0, 120.0)","(18.0, 32.0, 29.0)","(15.0, 25.0, 22.5)","(8.5, 99999, 99990)","(1.75, 1.97, 1.94)","(7.0, 8.6, 8.24)","(11.0, 16.0, 14.8)"
15-12-2022 12:01:23.632048,"(7.0, 8.8, 8.763636363636364)","(31.0, 150.0, 93.75)","(18.0, 32.0, 29.0)","(15.0, 25.0, 20.666666666666668)","(8.5, 99999, 99990)","(1.75, 1.97, 1.94)","(7.0, 8.6, 8.257142857142856)","(11.0, 16.0, 14.8)"
15-12-2022 12:01:24.730357,"(7.0, 8.8, 8.763636363636364)","(31.0, 150.0, 93.75)","(18.0, 32.0, 29.0)","(15.0, 25.0, 20.666666666666668)","(8.5, 99999, 99990)","(1.75, 1.97, 1.94)","(7.0, 8.6, 8.236363636363636)","(11.0, 16.0, 14.8)"
15-12-2022 12:01:25.967944,"(6.5, 8.8, 8.763636363636364)","(41.0, 150.0, 93.75)","(18.0, 32.0, 29.0)","(15.0, 25.0, 20.666666666666668)","(8.5, 99999, 99990)","(1.7, 1.97, 1.94)","(7.0, 8.6, 8.236363636363636)","(11.0, 16.0, 14.8)"
15-12-2022 12:01:27.175984,"(6.5, 8.8, 8.763636363636364)","(41.0, 150.0, 93.75)","(18.0, 32.0, 29.0)","(15.0, 25.0, 20.666666666666668)","(8.5, 99999, 99990)","(1.7, 1.97, 1.94)","(7.0, 8.6, 8.236363636363636)","(11.0, 16.0, 14.8)"
15-12-2022 12:01:28.289050,"(6.5, 8.8, 8.763636363636364)","(41.0, 150.0, 93.75)","(18.0, 32.0, 29.0)","(15.0, 25.0, 20.666666666666668)","(8.5, 99999, 99990)","(1.7, 1.97, 1.94)","(7.0, 8.6, 8.16)","(11.0, 16.0, 14.8)"
15-12-2022 12:01:29.506253,"(6.5, 8.8, 8.763636363636364)","(41.0, 150.0, 100.0)","(18.0, 32.0, 29.0)","(15.0, 25.0, 20.666666666666668)","(8.5, 99999, 99990)","(1.7, 1.97, 1.94)","(7.0, 8.4, 8.16)","(11.0, 16.0, 14.8)"
15-12-2022 12:01:30.666054,"(6.5, 8.8, 8.763636363636364)","(41.0, 150.0, 107.14285714285714)","(18.0, 32.0, 29.0)","(15.0, 25.0, 20.666666666666668)","(8.5, 99999, 99990)","(1.7, 1.97, 1.94)","(7.0, 8.4, 8.16)","(11.0, 16.0, 14.8)"
15-12-2022 12:01:31.911079,"(6.5, 8.8, 8.763636363636364)","(41.0, 150.0, 107.14285714285714)","(18.0, 32.0, 29.0)","(15.0, 25.0, 20.666666666666668)","(8.5, 99999, 99990)","(1.7, 1.97, 1.9475)","(7.0, 8.4, 8.16)","(11.0, 16.0, 14.8)"
15-12-2022 12:01:33.136463,"(6.5, 8.8, 8.763636363636364)","(41.0, 150.0, 90.0)","(18.0, 32.0, 29.0)","(15.0, 25.0, 20.666666666666668)","(8.5, 99999, 99990)","(1.7, 1.97, 1.9475)","(7.0, 8.4, 8.16)","(11.0, 16.0, 14.8)"
15-12-2022 12:01:34.376530,"(6.5, 8.8, 8.763636363636364)","(41.0, 150.0, 122.72727272727272)","(18.0, 32.0, 29.0)","(15.0, 25.0, 20.666666666666668)","(8.5, 99999, 99990)","(1.7, 1.97, 1.9475)","(7.0, 8.4, 8.16)","(11.0, 16.0, 14.8)"
15-12-2022 12:01:35.602262,"(6.5, 8.8, 8.763636363636364)","(41.0, 150.0, 122.72727272727272)","(18.0, 32.0, 29.0)","(15.0, 25.0, 20.666666666666668)","(8.5, 99999, 99990)","(1.7, 1.97, 1.9475)","(7.0, 8.4, 8.16)","(11.0, 16.0, 14.8)"
15-12-2022 12:01:36.876658,"(6.5, 8.8, 8.763636363636364)","(41.0, 150.0, 120.0)","(18.0, 32.0, 29.0)","(15.0, 25.0, 20.666666666666668)","(8.5, 99999, 99990)","(1.7, 1.97, 1.9475)","(7.0, 8.4, 8.16)","(11.0, 16.0, 14.8)"
15-12-2022 12:01:38.254977,"(6.5, 8.8, 8.763636363636364)","(41.0, 150.0, 112.5)","(18.0, 32.0, 29.0)","(15.0, 25.0, 23.0)","(8.5, 99999, 99990)","(1.7, 1.97, 1.9475)","(7.0, 8.4, 8.37037037037037)","(11.0, 16.0, 14.8)"
15-12-2022 12:01:39.479621,"(6.5, 8.8, 8.763636363636364)","(41.0, 150.0, 112.5)","(18.0, 32.0, 29.0)","(15.0, 25.0, 23.0)","(8.5, 99999, 99990)","(1.7, 1.97, 1.9475)","(7.0, 8.4, 8.735294117647058)","(11.0, 16.0, 14.5)"
15-12-2022 12:01:40.670691,"(6.5, 8.8, 8.763636363636364)","(41.0, 150.0, 111.42857142857143)","(18.0, 32.0, 29.0)","(15.0, 25.0, 23.0)","(8.5, 99999, 99990)","(1.7, 1.97, 1.9475)","(7.0, 9.0, 8.735294117647058)","(11.0, 16.0, 14.5)"
15-12-2022 12:01:41.882658,"(6.5, 8.8, 8.763636363636364)","(41.0, 160.0, 120.0)","(18.0, 32.0, 29.0)","(15.0, 25.0, 23.0)","(8.5, 99999, 99990)","(1.7, 1.97, 1.9475)","(7.0, 9.0, 8.735294117647058)","(11.0, 16.0, 14.5)"
15-12-2022 12:01:43.090220,"(6.5, 8.8, 8.763636363636364)","(41.0, 150.0, 136.66666666666669)","(18.0, 32.0, 29.0)","(15.0, 25.0, 23.0)","(8.5, 99999, 99990)","(1.7, 1.97, 1.9475)","(7.0, 9.0, 8.735294117647058)","(11.0, 16.0, 14.5)"
15-12-2022 12:01:44.315502,"(6.5, 8.8, 8.763636363636364)","(41.0, 150.0, 135.83333333333331)","(18.0, 32.0, 27.333333333333332)","(15.0, 27.0, 23.4)","(8.5, 99999, 99990)","(1.7, 1.97, 1.9475)","(7.0, 8.8, 8.74074074074074)","(11.0, 16.0, 14.666666666666666)"
15-12-2022 12:01:45.509023,"(6.5, 8.8, 8.763636363636364)","(41.0, 150.0, 135.83333333333331)","(18.0, 32.0, 27.333333333333332)","(15.0, 27.0, 23.4)","(8.5, 99999, 99990)","(1.7, 1.97, 1.9605263157894737)","(7.0, 8.8, 8.74074074074074)","(11.0, 15.5, 15.222222222222221)"
15-12-2022 12:01:46.649855,"(6.5, 8.8, 8.763636363636364)","(41.0, 150.0, 135.83333333333331)","(18.0, 32.0, 28.8)","(15.0, 27.0, 23.4)","(8.5, 99999, 99990)","(1.7, 1.97, 1.9605263157894737)","(7.0, 8.8, 8.744827586206897)","(11.0, 15.5, 15.222222222222221)"
15-12-2022 12:01:47.810549,"(6.5, 8.8, 8.763636363636364)","(41.0, 150.0, 137.85714285714286)","(18.0, 32.0, 28.8)","(15.0, 27.0, 25.0)","(8.5, 99999, 99990)","(1.7, 1.97, 1.9605263157894737)","(7.0, 8.8, 8.744827586206897)","(11.0, 15.5, 15.222222222222221)"
15-12-2022 12:01:48.932895,"(6.5, 8.8, 8.763636363636364)","(41.0, 150.0, 137.85714285714286)","(18.0, 32.0, 28.8)","(15.0, 26.0, 25.0)","(8.5, 99999, 99990)","(1.7, 1.97, 1.9605263157894737)","(7.0, 8.8, 8.756756756756758)","(11.0, 15.5, 14.833333333333334)"
15-12-2022 12:01:50.061786,"(6.5, 8.8, 8.763636363636364)","(41.0, 150.0, 123.33333333333334)","(18.0, 32.0, 28.5)","(15.0, 27.0, 25.0)","(8.5, 99999, 99990)","(1.7, 1.97, 1.9667741935483871)","(7.0, 8.8, 8.756756756756758)","(11.0, 15.5, 14.833333333333334)"
15-12-2022 12:01:51.099302,"(6.5, 8.8, 8.763636363636364)","(41.0, 150.0, 123.33333333333334)","(18.0, 32.0, 28.5)","(15.0, 27.0, 25.0)","(8.5, 99999, 99990)","(1.7, 2.02, 1.9667741935483871)","(7.0, 8.8, 8.756756756756758)","(11.0, 15.5, 14.833333333333334)"
15-12-2022 12:01:52.148359,"(6.5, 8.8, 8.763636363636364)","(41.0, 260.0, 133.33333333333334)","(18.0, 32.0, 28.5)","(15.0, 26.0, 24.333333333333332)","(8.5, 99999, 99990)","(1.7, 2.02, 1.9667741935483871)","(7.0, 8.8, 8.756756756756758)","(11.0, 15.5, 14.833333333333334)"
15-12-2022 12:01:53.152114,"(6.5, 8.8, 8.763636363636364)","(41.0, 260.0, 146.0)","(18.0, 32.0, 28.5)","(15.0, 26.0, 25.0)","(8.5, 99999, 99990)","(1.7, 2.02, 1.9667741935483871)","(7.0, 8.8, 8.666666666666668)","(11.0, 15.5, 14.833333333333334)"
15-12-2022 12:01:54.207812,"(6.5, 8.8, 8.763636363636364)","(41.0, 260.0, 146.0)","(18.0, 32.0, 28.5)","(15.0, 27.0, 25.0)","(8.5, 99999, 99990)","(1.7, 2.02, 1.9667741935483871)","(7.0, 8.8, 8.666666666666668)","(11.0, 15.5, 14.833333333333334)"
15-12-2022 12:01:55.246630,"(6.5, 8.8, 8.763636363636364)","(41.0, 260.0, 146.0)","(18.0, 32.0, 28.5)","(15.0, 27.0, 24.333333333333332)","(8.5, 99999, 99990)","(1.7, 2.02, 1.9452)","(7.0, 8.8, 8.707692307692309)","(11.0, 15.5, 14.833333333333334)"
15-12-2022 12:01:56.314193,"(6.5, 8.8, 8.763636363636364)","(41.0, 260.0, 146.0)","(18.0, 32.0, 28.5)","(15.0, 26.0, 24.0)","(8.5, 99999, 99990)","(1.7, 2.02, 1.918)","(7.0, 8.8, 8.707692307692309)","(11.0, 15.5, 14.833333333333334)"
15-12-2022 12:01:57.422009,"(6.5, 8.8, 8.763636363636364)","(41.0, 260.0, 146.0)","(18.0, 32.0, 28.5)","(15.0, 27.0, 24.0)","(8.5, 99999, 99990)","(1.7, 2.02, 1.918)","(7.0, 8.8, 8.707692307692309)","(11.0, 15.5, 14.833333333333334)"
15-12-2022 12:01:58.552530,"(6.5, 8.8, 8.763636363636364)","(41.0, 260.0, 146.0)","(18.0, 32.0, 28.5)","(15.0, 27.0, 22.0)","(8.5, 99999, 99990)","(1.7, 2.02, 1.918)","(7.0, 8.8, 8.707692307692309)","(11.0, 15.5, 14.833333333333334)"
15-12-2022 12:01:59.731911,"(6.5, 8.8, 8.763636363636364)","(41.0, 260.0, 146.0)","(18.0, 32.0, 28.5)","(15.0, 27.0, 22.0)","(8.5, 99999, 99990)","(1.7, 2.02, 1.918)","(7.0, 8.8, 8.619047619047619)","(11.0, 15.5, 14.666666666666666)"
15-12-2022 12:02:00.914219,"(6.5, 8.8, 8.763636363636364)","(41.0, 260.0, 113.75)","(18.0, 30.0, 28.5)","(15.0, 27.0, 22.0)","(8.5, 99999, 99990)","(1.7, 2.02, 1.918)","(7.0, 9.0, 8.619047619047619)","(11.0, 15.5, 14.833333333333334)"
15-12-2022 12:02:02.178136,"(6.5, 8.8, 8.763636363636364)","(41.0, 260.0, 146.0)","(18.0, 30.0, 29.25)","(15.0, 27.0, 23.25)","(8.5, 99999, 99990)","(1.7, 2.02, 1.9044999999999999)","(7.0, 9.0, 8.619047619047619)","(11.0, 15.5, 15.25)"
15-12-2022 12:02:03.366045,"(6.5, 8.8, 8.760000000000002)","(41.0, 260.0, 146.0)","(18.0, 30.0, 29.25)","(15.0, 27.0, 23.25)","(8.5, 99999, 99990)","(1.7, 2.02, 1.9044999999999999)","(7.0, 9.0, 8.619047619047619)","(11.0, 16.0, 15.25)"
15-12-2022 12:02:04.576925,"(6.5, 8.8, 8.763636363636364)","(41.0, 260.0, 146.0)","(18.0, 30.0, 28.666666666666664)","(15.0, 27.0, 23.25)","(8.5, 99999, 99990)","(1.7, 2.02, 1.91)","(7.0, 9.0, 8.64)","(11.0, 16.0, 15.25)"
15-12-2022 12:02:05.778584,"(6.5, 8.8, 8.763636363636364)","(41.0, 260.0, 146.0)","(18.0, 30.0, 28.666666666666664)","(15.0, 27.0, 23.25)","(8.5, 99999, 99990)","(1.7, 2.02, 1.91)","(7.0, 8.8, 8.658823529411766)","(11.0, 16.0, 14.823529411764707)"
15-12-2022 12:02:06.950815,"(6.5, 8.8, 8.763636363636364)","(41.0, 260.0, 146.0)","(18.0, 30.0, 29.333333333333332)","(15.0, 27.0, 23.25)","(8.5, 99999, 99990)","(1.7, 2.02, 1.91)","(7.0, 8.8, 8.628571428571428)","(11.0, 16.0, 14.823529411764707)"
15-12-2022 12:02:08.084446,"(6.5, 8.8, 8.763636363636364)","(41.0, 260.0, 146.0)","(18.0, 30.0, 29.333333333333332)","(15.0, 27.0, 23.25)","(8.5, 99999, 99990)","(1.7, 2.02, 1.91)","(7.0, 8.8, 8.628571428571428)","(11.0, 16.0, 14.75)"
15-12-2022 12:02:09.298176,"(6.5, 8.8, 8.763636363636364)","(41.0, 260.0, 146.0)","(18.0, 30.0, 27.5)","(15.0, 27.0, 23.25)","(8.5, 99999, 99990)","(1.7, 2.0, 1.912)","(7.0, 8.8, 8.68)","(11.0, 15.5, 15.166666666666666)"
15-12-2022 12:02:10.480203,"(6.5, 8.8, 8.776470588235295)","(41.0, 260.0, 146.0)","(18.0, 30.0, 27.5)","(15.0, 27.0, 23.25)","(8.5, 99999, 99990)","(1.7, 2.0, 1.9378260869565218)","(7.0, 8.8, 8.68)","(11.0, 15.5, 15.166666666666666)"
15-12-2022 12:02:11.690054,"(6.5, 8.8, 8.776470588235295)","(41.0, 260.0, 146.0)","(18.0, 30.0, 28.0)","(15.0, 27.0, 23.25)","(8.5, 99999, 99990)","(1.7, 2.0, 1.96375)","(7.0, 8.8, 8.68)","(11.0, 15.5, 15.166666666666666)"
15-12-2022 12:02:12.865431,"(6.5, 8.8, 8.776470588235295)","(41.0, 260.0, 146.0)","(18.0, 30.0, 28.0)","(15.0, 27.0, 23.25)","(8.5, 99999, 99990)","(1.7, 1.99, 1.9667741935483871)","(7.0, 8.8, 8.68)","(11.0, 15.5, 15.166666666666666)"
15-12-2022 12:02:14.121966,"(6.5, 8.8, 8.776470588235295)","(41.0, 260.0, 165.0)","(18.0, 30.0, 28.0)","(15.0, 27.0, 23.25)","(8.5, 99999, 99990)","(1.7, 1.99, 1.9667741935483871)","(7.0, 8.8, 8.68)","(11.0, 15.5, 14.76923076923077)"
15-12-2022 12:02:15.314906,"(6.5, 8.8, 8.776470588235295)","(41.0, 260.0, 165.0)","(18.0, 30.0, 28.0)","(15.0, 27.0, 23.75)","(8.5, 99999, 99990)","(1.7, 1.99, 1.9667741935483871)","(7.0, 8.8, 8.68)","(11.0, 16.0, 15.157894736842106)"
15-12-2022 12:02:16.483303,"(6.5, 8.8, 8.776470588235295)","(41.0, 260.0, 165.0)","(18.0, 30.0, 28.0)","(15.0, 28.0, 23.75)","(8.5, 99999, 99990)","(1.7, 1.99, 1.9667741935483871)","(7.0, 8.8, 8.68)","(11.0, 16.0, 15.2)"
15-12-2022 12:02:17.676531,"(6.5, 8.8, 8.776470588235295)","(41.0, 260.0, 165.0)","(18.0, 30.0, 28.0)","(15.0, 28.0, 23.75)","(8.5, 99999, 99990)","(1.7, 1.99, 1.9667741935483871)","(7.0, 8.8, 8.68)","(11.0, 16.0, 15.2)"
15-12-2022 12:02:18.925323,"(6.5, 8.8, 8.776470588235295)","(41.0, 260.0, 165.0)","(18.0, 30.0, 28.0)","(15.0, 28.0, 23.75)","(8.5, 99999, 99990)","(1.7, 1.99, 1.9325)","(7.0, 8.8, 8.68)","(11.0, 16.0, 14.8)"
15-12-2022 12:02:20.152348,"(6.5, 8.8, 8.776470588235295)","(41.0, 260.0, 165.0)","(18.0, 30.0, 28.0)","(15.0, 28.0, 23.25)","(8.5, 99999, 99990)","(1.7, 1.99, 1.9325)","(7.0, 8.8, 8.68)","(11.0, 16.0, 14.8)"
15-12-2022 12:02:21.376699,"(6.5, 8.8, 8.776470588235295)","(41.0, 260.0, 165.0)","(18.0, 30.0, 28.0)","(15.0, 27.0, 23.25)","(8.5, 99999, 99990)","(1.7, 1.99, 1.9325)","(7.0, 8.8, 8.72)","(11.0, 16.0, 14.8)"
15-12-2022 12:02:22.623890,"(6.5, 8.8, 8.776470588235295)","(41.0, 260.0, 165.0)","(18.0, 30.0, 28.0)","(15.0, 27.0, 23.25)","(8.5, 99999, 99990)","(1.7, 1.99, 1.9555)","(7.0, 8.8, 8.72)","(11.0, 16.0, 14.8)"
15-12-2022 12:02:23.823776,"(6.5, 8.8, 8.776470588235295)","(41.0, 260.0, 165.0)","(18.0, 30.0, 28.0)","(15.0, 27.0, 23.25)","(8.5, 99999, 99990)","(1.7, 1.99, 1.9555)","(7.0, 8.8, 8.72)","(11.0, 16.0, 14.8)"
15-12-2022 12:02:24.964082,"(6.5, 8.8, 8.776470588235295)","(41.0, 260.0, 165.0)","(18.0, 30.0, 28.0)","(15.0, 27.0, 23.25)","(9.0, 99999, 99990)","(1.7, 1.99, 1.9555)","(7.0, 8.8, 8.72)","(11.0, 16.0, 14.8)"
15-12-2022 12:02:26.082377,"(6.5, 8.8, 8.776470588235295)","(41.0, 260.0, 165.0)","(18.0, 30.0, 28.0)","(15.0, 27.0, 23.25)","(9.0, 99999, 99990)","(1.7, 1.99, 1.9325)","(7.0, 8.8, 8.72)","(11.0, 16.0, 14.8)"
15-12-2022 12:02:27.226314,"(6.5, 8.8, 8.776470588235295)","(41.0, 260.0, 165.0)","(18.0, 30.0, 28.0)","(15.0, 27.0, 23.25)","(9.0, 99999, 99990)","(1.7, 1.99, 1.9325)","(7.0, 8.8, 8.72)","(11.0, 16.0, 14.8)"
15-12-2022 12:02:28.335710,"(6.5, 8.8, 8.776470588235295)","(41.0, 260.0, 165.0)","(18.0, 30.0, 28.0)","(15.0, 27.0, 23.25)","(9.0, 99999, 99990)","(1.7, 1.99, 1.9325)","(7.0, 8.8, 8.578181818181818)","(11.0, 16.0, 14.8)"
15-12-2022 12:02:29.437285,"(6.5, 8.8, 8.776470588235295)","(41.0, 260.0, 165.0)","(18.0, 30.0, 28.0)","(15.0, 27.0, 23.25)","(9.0, 99999, 99990)","(1.7, 1.99, 1.9325)","(7.0, 9.0, 8.578181818181818)","(11.0, 16.0, 14.8)"
15-12-2022 12:02:30.582738,"(6.5, 8.8, 8.776470588235295)","(41.0, 260.0, 165.0)","(18.0, 30.0, 28.0)","(15.0, 27.0, 21.666666666666668)","(9.0, 99999, 99990)","(1.7, 1.99, 1.9325)","(7.0, 9.0, 8.757142857142858)","(11.0, 16.0, 14.8)"
15-12-2022 12:02:31.733042,"(6.5, 8.8, 8.776470588235295)","(41.0, 250.0, 178.0)","(18.0, 30.0, 28.0)","(15.0, 26.0, 22.25)","(9.0, 99999, 99990)","(1.7, 1.99, 1.9555)","(7.0, 8.8, 8.757142857142858)","(11.0, 16.0, 14.8)"
15-12-2022 12:02:32.876338,"(6.5, 8.8, 8.776470588235295)","(41.0, 250.0, 178.0)","(18.0, 30.0, 28.0)","(15.0, 25.0, 22.25)","(9.0, 99999, 99990)","(1.7, 1.99, 1.9083870967741934)","(7.0, 8.8, 8.757142857142858)","(11.0, 16.0, 14.8)"
15-12-2022 12:02:34.017755,"(6.5, 8.8, 8.776470588235295)","(41.0, 250.0, 178.0)","(18.0, 30.0, 31.333333333333332)","(15.0, 25.0, 22.25)","(9.0, 99999, 99990)","(1.7, 1.99, 1.9311627906976743)","(7.0, 8.8, 8.757142857142858)","(11.0, 16.0, 14.8)"
15-12-2022 12:02:35.221502,"(6.5, 8.8, 8.776470588235295)","(41.0, 250.0, 178.0)","(18.0, 34.0, 31.333333333333332)","(15.0, 25.0, 22.25)","(9.0, 99999, 99990)","(1.7, 1.99, 1.9249999999999998)","(7.0, 8.8, 8.711111111111112)","(11.0, 16.0, 14.8)"
15-12-2022 12:02:36.398111,"(6.5, 8.8, 8.776470588235295)","(41.0, 250.0, 178.0)","(18.0, 34.0, 31.333333333333332)","(15.0, 25.0, 22.25)","(9.0, 99999, 99990)","(1.7, 1.99, 1.9282926829268292)","(7.0, 8.8, 8.711111111111112)","(11.0, 16.0, 14.8)"
15-12-2022 12:02:37.537823,"(6.5, 8.8, 8.776470588235295)","(41.0, 250.0, 130.0)","(18.0, 34.0, 31.5)","(15.0, 25.0, 22.25)","(9.0, 99999, 99990)","(1.7, 1.99, 1.9282926829268292)","(7.0, 8.8, 8.711111111111112)","(11.0, 16.0, 14.8)"
15-12-2022 12:02:38.756274,"(6.5, 8.8, 8.776470588235295)","(41.0, 250.0, 130.0)","(18.0, 32.0, 30.0)","(15.0, 25.0, 22.25)","(9.0, 99999, 99990)","(1.7, 1.99, 1.9553424657534246)","(7.0, 8.8, 8.711111111111112)","(11.0, 16.0, 14.8)"
15-12-2022 12:02:39.933838,"(6.5, 8.8, 8.776470588235295)","(41.0, 250.0, 130.0)","(18.0, 32.0, 30.0)","(15.0, 25.0, 22.25)","(9.0, 99999, 99990)","(1.7, 1.99, 1.9553424657534246)","(7.0, 8.8, 8.571428571428571)","(11.0, 16.0, 14.8)"
15-12-2022 12:02:41.122687,"(6.5, 8.8, 8.776470588235295)","(41.0, 250.0, 130.0)","(18.0, 32.0, 30.0)","(15.0, 25.0, 22.25)","(9.0, 99999, 99990)","(1.7, 1.99, 1.9223529411764706)","(7.0, 8.8, 8.381818181818181)","(11.0, 16.0, 14.8)"
15-12-2022 12:02:42.311645,"(6.5, 8.8, 8.776470588235295)","(41.0, 250.0, 130.0)","(18.0, 32.0, 30.0)","(15.0, 25.0, 22.25)","(9.0, 99999, 99990)","(1.7, 1.99, 1.9203030303030302)","(7.0, 8.6, 8.381818181818181)","(11.0, 16.0, 14.8)"
15-12-2022 12:02:43.511899,"(6.5, 8.8, 8.776470588235295)","(41.0, 250.0, 130.0)","(18.0, 32.0, 30.0)","(15.0, 25.0, 22.25)","(9.0, 99999, 99990)","(1.7, 1.99, 1.9203030303030302)","(7.0, 8.6, 8.381818181818181)","(11.0, 16.0, 14.8)"
15-12-2022 12:02:44.683876,"(6.5, 8.8, 8.776470588235295)","(41.0, 250.0, 130.0)","(18.0, 32.0, 30.0)","(15.0, 25.0, 22.25)","(9.0, 99999, 99990)","(1.7, 1.99, 1.9203030303030302)","(7.0, 8.6, 8.381818181818181)","(11.0, 16.0, 14.8)"
15-12-2022 12:02:45.881876,"(6.5, 8.8, 8.776470588235295)","(41.0, 250.0, 95.71428571428572)","(18.0, 32.0, 31.11111111111111)","(15.0, 25.0, 22.25)","(9.0, 99999, 99990)","(1.7, 1.99, 1.926111111111111)","(7.0, 8.6, 8.353846153846153)","(11.0, 16.0, 14.8)"
15-12-2022 12:02:47.125926,"(6.5, 8.8, 8.783333333333333)","(41.0, 250.0, 95.71428571428572)","(18.0, 32.0, 31.11111111111111)","(15.0, 25.0, 22.25)","(9.0, 99999, 99990)","(1.7, 1.99, 1.926111111111111)","(7.0, 8.6, 8.353846153846153)","(11.0, 16.0, 14.8)"
15-12-2022 12:02:48.329268,"(6.5, 8.8, 8.783333333333333)","(41.0, 240.0, 126.66666666666666)","(18.0, 32.0, 31.11111111111111)","(15.0, 25.0, 22.25)","(9.0, 99999, 99990)","(1.7, 1.99, 1.9339024390243902)","(7.0, 8.6, 8.362962962962962)","(11.0, 16.0, 14.8)"
15-12-2022 12:02:49.600010,"(6.5, 8.8, 8.784)","(41.0, 230.0, 123.33333333333334)","(18.0, 32.0, 31.11111111111111)","(15.0, 25.0, 22.25)","(9.0, 99999, 99990)","(1.7, 1.99, 1.9015384615384614)","(7.0, 8.6, 8.362962962962962)","(11.0, 16.0, 14.8)"
15-12-2022 12:02:50.769078,"(6.5, 8.8, 8.784)","(41.0, 230.0, 123.33333333333334)","(18.0, 32.0, 31.11111111111111)","(15.0, 25.0, 22.25)","(9.0, 99999, 99990)","(1.7, 1.99, 1.939090909090909)","(7.0, 8.6, 8.362962962962962)","(11.0, 16.0, 14.8)"
15-12-2022 12:02:51.916914,"(6.5, 8.8, 8.784)","(41.0, 230.0, 96.66666666666667)","(18.0, 32.0, 31.46666666666667)","(15.0, 25.0, 22.25)","(9.0, 99999, 99990)","(1.7, 1.98, 1.939090909090909)","(7.0, 8.6, 8.024)","(11.0, 16.0, 14.8)"
15-12-2022 12:02:53.085807,"(6.5, 8.8, 8.784)","(41.0, 230.0, 96.66666666666667)","(18.0, 32.0, 31.46666666666667)","(15.0, 25.0, 21.666666666666668)","(9.0, 99999, 99990)","(1.7, 1.98, 1.9176923076923076)","(7.0, 8.2, 7.8)","(11.0, 16.0, 15.076923076923077)"
15-12-2022 12:02:54.221562,"(6.5, 8.8, 8.786666666666667)","(41.0, 220.0, 147.5)","(18.0, 34.0, 31.0)","(15.0, 26.0, 21.666666666666668)","(9.0, 99999, 99990)","(1.7, 1.98, 1.9176923076923076)","(7.0, 8.2, 7.8)","(11.0, 16.0, 14.8)"
15-12-2022 12:02:55.450961,"(6.5, 8.8, 8.784)","(41.0, 220.0, 107.22222222222223)","(18.0, 34.0, 31.333333333333332)","(15.0, 26.0, 21.666666666666668)","(9.0, 99999, 99990)","(1.7, 1.98, 1.9176923076923076)","(7.0, 8.2, 7.811764705882353)","(11.0, 16.0, 14.8)"
15-12-2022 12:02:56.641728,"(6.5, 8.8, 8.784)","(41.0, 220.0, 107.22222222222223)","(18.0, 34.0, 31.333333333333332)","(15.0, 26.0, 21.666666666666668)","(9.0, 99999, 99990)","(1.7, 1.98, 1.9176923076923076)","(7.0, 8.2, 7.8999999999999995)","(11.0, 16.0, 14.8)"
15-12-2022 12:02:57.804928,"(6.5, 8.8, 8.784)","(41.0, 220.0, 107.22222222222223)","(18.0, 34.0, 31.333333333333332)","(15.0, 26.0, 21.666666666666668)","(9.0, 99999, 99990)","(1.7, 1.98, 1.9176923076923076)","(7.0, 8.2, 7.8999999999999995)","(11.0, 16.0, 15.9)"
15-12-2022 12:02:59.029473,"(6.5, 8.8, 8.755555555555556)","(41.0, 220.0, 107.22222222222223)","(18.0, 34.0, 31.333333333333332)","(15.0, 26.0, 21.666666666666668)","(9.0, 99999, 99990)","(1.7, 1.98, 1.904)","(7.0, 8.2, 8.010526315789473)","(11.0, 16.5, 15.9)"
15-12-2022 12:03:00.238426,"(6.5, 9.2, 9.02)","(41.0, 220.0, 107.22222222222223)","(18.0, 34.0, 31.333333333333332)","(15.0, 26.0, 21.666666666666668)","(9.0, 99999, 99990)","(1.7, 1.98, 1.9137499999999998)","(7.0, 8.2, 8.066666666666666)","(11.0, 16.5, 16.1)"
15-12-2022 12:03:01.623836,"(6.5, 9.2, 9.02)","(41.0, 220.0, 147.5)","(18.0, 34.0, 31.0)","(15.0, 26.0, 24.227272727272727)","(9.0, 99999, 99990)","(1.7, 1.97, 1.9175)","(7.0, 8.2, 8.103225806451611)","(11.0, 16.5, 15.5)"
15-12-2022 12:03:02.919440,"(6.5, 9.2, 9.129411764705882)","(41.0, 210.0, 142.5)","(18.0, 34.0, 31.0)","(15.0, 25.0, 24.416666666666664)","(9.0, 99999, 99990)","(1.7, 1.97, 1.9427272727272726)","(7.0, 8.2, 8.069565217391304)","(11.0, 16.0, 15.777777777777779)"
15-12-2022 12:03:04.151429,"(6.5, 9.2, 8.799999999999999)","(41.0, 210.0, 142.5)","(18.0, 34.0, 31.0)","(15.0, 26.0, 24.416666666666664)","(9.0, 99999, 99990)","(1.7, 1.97, 1.9229411764705882)","(7.0, 8.2, 8.069565217391304)","(11.0, 16.0, 15.777777777777779)"
15-12-2022 12:03:05.388426,"(6.5, 9.2, 8.799999999999999)","(41.0, 210.0, 113.57142857142857)","(18.0, 34.0, 32.2)","(15.0, 26.0, 24.416666666666664)","(9.0, 99999, 99990)","(1.7, 1.97, 1.9229411764705882)","(7.0, 8.2, 8.069565217391304)","(11.0, 16.0, 15.777777777777779)"
15-12-2022 12:03:06.708249,"(6.5, 9.2, 8.799999999999999)","(41.0, 210.0, 113.57142857142857)","(18.0, 34.0, 33.1)","(15.0, 26.0, 24.416666666666664)","(9.0, 99999, 99990)","(1.7, 1.97, 1.9229411764705882)","(7.0, 8.2, 8.033333333333333)","(11.0, 16.0, 15.777777777777779)"
15-12-2022 12:03:08.107891,"(6.5, 9.2, 8.799999999999999)","(41.0, 210.0, 113.57142857142857)","(18.0, 34.0, 31.333333333333332)","(15.0, 26.0, 22.4)","(9.0, 99999, 99990)","(1.7, 1.97, 1.9229411764705882)","(7.0, 8.2, 8.033333333333333)","(11.0, 16.0, 15.5)"
15-12-2022 12:03:09.454605,"(6.5, 9.2, 8.799999999999999)","(41.0, 210.0, 113.57142857142857)","(18.0, 34.0, 31.333333333333332)","(15.0, 26.0, 22.4)","(9.0, 99999, 99990)","(1.7, 1.97, 1.9229411764705882)","(7.0, 8.2, 8.033333333333333)","(11.0, 16.0, 15.5)"
15-12-2022 12:03:10.879049,"(6.5, 9.2, 8.799999999999999)","(41.0, 210.0, 144.0909090909091)","(18.0, 34.0, 31.333333333333332)","(15.0, 26.0, 22.4)","(9.0, 99999, 99990)","(1.7, 1.97, 1.9229411764705882)","(7.0, 8.2, 8.033333333333333)","(11.0, 16.0, 15.5)"
15-12-2022 12:03:12.335987,"(6.5, 9.2, 9.066666666666666)","(41.0, 210.0, 149.58333333333334)","(18.0, 34.0, 31.333333333333332)","(15.0, 26.0, 22.4)","(9.0, 99999, 99990)","(1.7, 1.97, 1.9229411764705882)","(7.0, 8.2, 8.033333333333333)","(11.0, 16.0, 15.5)"
15-12-2022 12:03:13.687393,"(6.5, 9.2, 9.066666666666666)","(41.0, 210.0, 149.58333333333334)","(18.0, 34.0, 31.333333333333332)","(15.0, 26.0, 22.4)","(9.0, 99999, 99990)","(1.7, 1.97, 1.954)","(7.0, 8.2, 7.72972972972973)","(11.0, 16.0, 16.071428571428573)"
15-12-2022 12:03:15.137997,"(6.5, 9.2, 9.066666666666666)","(41.0, 210.0, 149.58333333333334)","(18.0, 34.0, 31.333333333333332)","(14.0, 26.0, 22.4)","(9.0, 99999, 99990)","(1.7, 1.97, 1.9573684210526316)","(7.0, 8.4, 7.72972972972973)","(11.0, 16.5, 16.071428571428573)"
15-12-2022 12:03:16.391150,"(6.5, 9.2, 9.133333333333333)","(41.0, 210.0, 149.58333333333334)","(18.0, 34.0, 32.4)","(14.0, 26.0, 21.5)","(9.0, 99999, 99990)","(1.7, 1.97, 1.9845454545454546)","(7.0, 8.4, 8.072727272727272)","(11.0, 16.5, 15.833333333333334)"
15-12-2022 12:03:17.593944,"(6.5, 9.2, 9.09090909090909)","(41.0, 210.0, 149.58333333333334)","(18.0, 34.0, 32.4)","(14.0, 26.0, 21.5)","(9.0, 99999, 99990)","(1.7, 2.02, 1.9948387096774194)","(7.0, 8.4, 8.177777777777777)","(11.0, 16.5, 15.5)"
15-12-2022 12:03:18.709726,"(6.5, 9.2, 9.09090909090909)","(41.0, 210.0, 110.0)","(18.0, 34.0, 31.333333333333332)","(14.0, 26.0, 21.5)","(9.0, 99999, 99990)","(1.7, 2.02, 1.9965277777777777)","(7.0, 8.4, 8.147368421052631)","(11.0, 16.0, 15.5)"
15-12-2022 12:03:19.795666,"(6.5, 9.2, 9.061538461538461)","(41.0, 210.0, 110.0)","(18.0, 34.0, 31.333333333333332)","(14.0, 26.0, 21.5)","(9.0, 99999, 99990)","(1.7, 2.02, 1.981081081081081)","(7.0, 8.4, 8.123076923076923)","(11.0, 16.0, 15.5)"
15-12-2022 12:03:20.933592,"(6.5, 9.2, 9.061538461538461)","(41.0, 210.0, 110.0)","(18.0, 34.0, 31.333333333333332)","(14.0, 26.0, 21.5)","(9.0, 99999, 99990)","(1.7, 2.0, 1.981081081081081)","(7.0, 8.4, 8.123076923076923)","(11.0, 16.0, 15.5)"
15-12-2022 12:03:22.068800,"(6.5, 9.2, 9.061538461538461)","(41.0, 210.0, 110.0)","(18.0, 34.0, 31.333333333333332)","(14.0, 26.0, 21.5)","(9.0, 99999, 99990)","(1.7, 2.0, 1.9678571428571427)","(7.0, 8.4, 8.123076923076923)","(11.0, 16.0, 15.5)"
15-12-2022 12:03:23.252706,"(6.5, 9.2, 9.061538461538461)","(41.0, 210.0, 110.0)","(18.0, 34.0, 31.333333333333332)","(14.0, 26.0, 21.5)","(9.0, 99999, 99990)","(1.7, 2.0, 1.9678571428571427)","(7.0, 8.4, 8.123076923076923)","(11.0, 16.0, 15.5)"
15-12-2022 12:03:24.520214,"(6.5, 9.2, 9.061538461538461)","(41.0, 210.0, 144.0909090909091)","(18.0, 34.0, 30.25)","(14.0, 26.0, 22.2)","(9.0, 99999, 99990)","(1.7, 2.0, 1.9833333333333334)","(7.0, 8.4, 8.22)","(11.0, 16.5, 15.833333333333334)"
15-12-2022 12:03:25.706769,"(6.5, 9.2, 9.061538461538461)","(41.0, 210.0, 144.0909090909091)","(18.0, 32.0, 32.2)","(14.0, 26.0, 24.272727272727273)","(9.0, 99999, 99990)","(1.7, 2.0, 1.9356521739130435)","(7.0, 8.4, 8.22)","(11.0, 16.5, 16.1)"
15-12-2022 12:03:26.981637,"(6.5, 9.2, 8.75)","(41.0, 210.0, 110.0)","(18.0, 34.0, 30.0)","(14.0, 26.0, 22.4)","(9.0, 99999, 99990)","(1.7, 1.96, 1.9356521739130435)","(7.0, 8.4, 8.22)","(11.0, 16.5, 15.5)"
15-12-2022 12:03:28.221348,"(6.5, 9.2, 8.75)","(41.0, 210.0, 110.0)","(18.0, 34.0, 30.0)","(14.0, 26.0, 22.4)","(9.0, 99999, 99990)","(1.7, 1.96, 1.9356521739130435)","(7.0, 8.4, 8.22)","(11.0, 16.0, 15.5)"
15-12-2022 12:03:29.413160,"(6.5, 9.2, 8.75)","(41.0, 210.0, 110.0)","(18.0, 34.0, 30.0)","(14.0, 26.0, 22.4)","(9.0, 99999, 99990)","(1.7, 1.96, 1.9356521739130435)","(7.0, 8.4, 8.256)","(11.0, 16.0, 15.5)"
15-12-2022 12:03:30.613654,"(6.5, 9.2, 8.75)","(41.0, 210.0, 110.0)","(18.0, 34.0, 30.0)","(14.0, 26.0, 22.4)","(9.0, 99999, 99990)","(1.7, 1.96, 1.9356521739130435)","(7.0, 8.4, 8.275862068965518)","(11.0, 16.0, 15.5)"
15-12-2022 12:03:31.756174,"(6.5, 9.2, 8.75)","(41.0, 210.0, 110.0)","(18.0, 34.0, 30.0)","(14.0, 26.0, 22.4)","(9.0, 99999, 99990)","(1.7, 1.96, 1.9356521739130435)","(7.0, 8.4, 8.275862068965518)","(11.0, 16.0, 15.5)"
15-12-2022 12:05:11.542452,"(6.5, 9.2, 8.75)","(41.0, 210.0, 110.0)","(18.0, 34.0, 30.0)","(13.0, 26.0, 22.4)","(10.0, 99999, 99990)","(1.75, 1.96, 1.9356521739130435)","(6.0, 8.4, 8.275862068965518)","(11.0, 16.0, 15.333333333333334)"
