,Six Pack Nugget,Denarau Delight,Homebush Tessa,Lonely Toni,Goldstar Harper,Champagne,Bahama Mama,Homebush Cardi
16-12-2022 09:51:45.089649,"(3.5, 5.6, 4.279999999999999)","(6.0, 10.0, 8.5)","(19.0, 140.0, 84.54545454545455)","(15.0, 34.0, 31.588235294117645)","(5.0, 8.4, 6.65)","(3.4, 4.5, 3.5769230769230766)","(5.5, 12.0, 9.766666666666666)","(14.0, 75.0, 24.166666666666664)"
16-12-2022 09:51:46.848923,"(3.5, 5.6, 4.279999999999999)","(6.0, 10.0, 8.5)","(19.0, 140.0, 84.54545454545455)","(15.0, 34.0, 31.588235294117645)","(5.0, 8.4, 6.65)","(3.4, 4.5, 3.5769230769230766)","(5.5, 12.0, 9.766666666666666)","(14.0, 75.0, 24.166666666666664)"
16-12-2022 09:51:48.125304,"(3.5, 5.6, 4.279999999999999)","(6.0, 10.0, 8.5)","(19.0, 140.0, 84.54545454545455)","(15.0, 34.0, 31.588235294117645)","(5.0, 8.4, 6.65)","(3.4, 4.5, 3.5769230769230766)","(5.5, 12.0, 9.766666666666666)","(14.0, 75.0, 24.166666666666664)"
16-12-2022 09:51:49.150659,"(3.5, 5.6, 4.279999999999999)","(6.0, 10.0, 8.5)","(19.0, 140.0, 84.54545454545455)","(15.0, 34.0, 31.588235294117645)","(5.0, 8.4, 6.65)","(3.4, 4.5, 3.5769230769230766)","(5.5, 12.0, 9.766666666666666)","(14.0, 75.0, 24.166666666666664)"
16-12-2022 09:51:50.149831,"(3.5, 5.6, 4.279999999999999)","(6.0, 10.0, 8.5)","(19.0, 140.0, 84.54545454545455)","(15.0, 34.0, 31.588235294117645)","(5.0, 8.4, 6.65)","(3.4, 4.5, 4.011764705882353)","(5.5, 12.0, 9.766666666666666)","(14.0, 75.0, 24.166666666666664)"
16-12-2022 09:51:51.163792,"(3.5, 5.6, 4.279999999999999)","(6.0, 10.0, 8.5)","(19.0, 140.0, 84.54545454545455)","(15.0, 34.0, 31.588235294117645)","(5.0, 8.4, 6.65)","(3.4, 4.4, 4.029411764705882)","(5.5, 12.0, 9.766666666666666)","(14.0, 75.0, 24.166666666666664)"
16-12-2022 09:51:52.234205,"(3.5, 5.6, 4.279999999999999)","(6.0, 10.0, 8.5)","(19.0, 140.0, 84.54545454545455)","(15.0, 34.0, 31.588235294117645)","(5.0, 8.4, 6.65)","(3.4, 4.4, 4.029411764705882)","(5.5, 12.0, 9.766666666666666)","(14.0, 75.0, 24.166666666666664)"
16-12-2022 09:51:53.287298,"(3.5, 5.6, 4.279999999999999)","(6.0, 10.0, 8.5)","(19.0, 140.0, 84.54545454545455)","(15.0, 34.0, 31.588235294117645)","(5.0, 8.4, 6.65)","(3.4, 4.4, 4.029411764705882)","(5.5, 12.0, 9.766666666666666)","(14.0, 75.0, 24.166666666666664)"
16-12-2022 09:51:54.322193,"(3.5, 5.6, 4.7749999999999995)","(6.0, 10.0, 8.5)","(19.0, 140.0, 84.54545454545455)","(15.0, 34.0, 31.588235294117645)","(5.0, 8.4, 6.65)","(3.4, 4.4, 4.029411764705882)","(5.5, 12.0, 9.766666666666666)","(14.0, 75.0, 24.166666666666664)"
16-12-2022 09:51:55.413890,"(3.5, 5.6, 4.7749999999999995)","(6.0, 10.0, 8.5)","(19.0, 140.0, 84.54545454545455)","(15.0, 34.0, 31.588235294117645)","(5.0, 8.4, 6.65)","(3.4, 4.4, 4.029411764705882)","(5.5, 12.0, 9.766666666666666)","(14.0, 75.0, 24.166666666666664)"
16-12-2022 09:51:56.508888,"(3.5, 5.6, 4.7749999999999995)","(6.0, 10.0, 8.5)","(19.0, 140.0, 84.54545454545455)","(15.0, 34.0, 31.588235294117645)","(5.0, 8.4, 6.65)","(3.4, 4.4, 3.875)","(5.5, 12.0, 9.766666666666666)","(14.0, 75.0, 24.166666666666664)"
16-12-2022 09:51:57.532734,"(3.5, 5.6, 4.7749999999999995)","(6.0, 10.0, 8.5)","(19.0, 140.0, 84.54545454545455)","(15.0, 34.0, 31.588235294117645)","(5.0, 8.4, 6.930769230769231)","(3.4, 4.4, 3.875)","(5.5, 12.0, 9.766666666666666)","(14.0, 75.0, 24.166666666666664)"
16-12-2022 09:51:58.526578,"(3.5, 5.6, 4.7749999999999995)","(6.0, 10.0, 8.5)","(19.0, 140.0, 84.54545454545455)","(15.0, 34.0, 31.588235294117645)","(5.0, 8.2, 6.930769230769231)","(3.4, 4.4, 3.875)","(5.5, 12.0, 9.766666666666666)","(14.0, 75.0, 24.166666666666664)"
16-12-2022 09:51:59.556467,"(3.5, 5.6, 4.7749999999999995)","(6.0, 10.0, 8.5)","(19.0, 140.0, 84.54545454545455)","(15.0, 34.0, 31.588235294117645)","(5.0, 8.0, 6.807692307692308)","(3.4, 4.4, 3.875)","(5.5, 12.0, 9.766666666666666)","(14.0, 75.0, 24.166666666666664)"
16-12-2022 09:52:00.563290,"(3.5, 5.6, 4.7749999999999995)","(6.0, 10.0, 8.5)","(19.0, 140.0, 84.54545454545455)","(15.0, 34.0, 31.588235294117645)","(5.0, 8.0, 6.807692307692308)","(3.4, 4.4, 3.875)","(5.5, 12.0, 10.9)","(14.0, 75.0, 31.428571428571427)"
16-12-2022 09:52:01.572447,"(3.5, 5.6, 4.952941176470588)","(6.0, 10.0, 8.65)","(19.0, 140.0, 65.23076923076923)","(15.0, 32.0, 27.5)","(5.0, 8.0, 6.6521739130434785)","(3.4, 4.4, 3.875)","(5.5, 12.5, 10.9)","(14.0, 75.0, 31.428571428571427)"
16-12-2022 09:52:02.558207,"(3.5, 5.6, 4.952941176470588)","(6.0, 10.0, 8.65)","(19.0, 140.0, 65.23076923076923)","(15.0, 32.0, 27.5)","(5.0, 8.0, 6.6521739130434785)","(3.4, 4.4, 3.875)","(5.5, 12.5, 10.9)","(14.0, 75.0, 31.428571428571427)"
16-12-2022 09:52:03.600375,"(3.5, 5.6, 5.355555555555555)","(6.0, 10.0, 8.65)","(19.0, 140.0, 65.23076923076923)","(15.0, 32.0, 29.42857142857143)","(5.0, 8.0, 6.6521739130434785)","(3.4, 4.4, 3.875)","(5.5, 12.5, 10.9)","(14.0, 75.0, 31.428571428571427)"
16-12-2022 09:52:04.677992,"(3.5, 5.7, 5.180645161290323)","(6.0, 10.0, 7.8)","(19.0, 140.0, 65.23076923076923)","(15.0, 32.0, 29.42857142857143)","(5.0, 8.0, 6.6521739130434785)","(3.4, 4.4, 3.875)","(5.5, 12.5, 10.9)","(14.0, 75.0, 31.428571428571427)"
16-12-2022 09:52:05.714814,"(3.5, 5.7, 4.4884615384615385)","(6.0, 10.0, 7.8)","(19.0, 140.0, 65.23076923076923)","(15.0, 32.0, 29.42857142857143)","(5.0, 8.0, 6.6521739130434785)","(3.4, 4.4, 3.875)","(5.5, 12.5, 10.9)","(14.0, 75.0, 31.428571428571427)"
16-12-2022 09:52:06.776627,"(3.5, 5.7, 4.125)","(6.0, 10.0, 7.8)","(19.0, 140.0, 65.23076923076923)","(15.0, 32.0, 29.42857142857143)","(5.0, 8.0, 6.6521739130434785)","(3.4, 4.4, 3.875)","(5.5, 12.5, 10.9)","(14.0, 75.0, 31.428571428571427)"
16-12-2022 09:52:07.770730,"(3.5, 5.7, 5.2)","(6.0, 10.0, 7.8)","(19.0, 140.0, 65.23076923076923)","(15.0, 32.0, 29.42857142857143)","(5.0, 8.0, 6.6521739130434785)","(3.4, 4.4, 3.875)","(5.5, 12.5, 10.9)","(14.0, 75.0, 31.428571428571427)"
16-12-2022 09:52:08.803979,"(3.5, 5.7, 5.2)","(6.0, 10.0, 7.8)","(19.0, 140.0, 65.23076923076923)","(15.0, 32.0, 29.42857142857143)","(5.0, 8.0, 6.6521739130434785)","(3.4, 4.4, 3.875)","(5.5, 12.5, 10.9)","(14.0, 75.0, 31.428571428571427)"
16-12-2022 09:52:09.782753,"(3.5, 5.7, 5.2)","(6.0, 10.0, 7.8)","(19.0, 140.0, 65.23076923076923)","(15.0, 32.0, 29.42857142857143)","(5.0, 8.0, 6.6521739130434785)","(3.4, 4.4, 3.6300000000000003)","(5.5, 12.5, 11.54)","(14.0, 75.0, 31.428571428571427)"
16-12-2022 09:52:10.771729,"(3.5, 6.6, 5.454545454545455)","(6.0, 10.0, 7.8)","(19.0, 140.0, 65.23076923076923)","(15.0, 32.0, 29.42857142857143)","(5.0, 8.0, 6.6521739130434785)","(3.4, 4.4, 3.875)","(5.5, 12.5, 11.54)","(14.0, 75.0, 31.428571428571427)"
16-12-2022 09:52:11.753905,"(3.5, 6.6, 5.454545454545455)","(6.0, 10.0, 7.8)","(19.0, 140.0, 65.23076923076923)","(15.0, 32.0, 29.42857142857143)","(5.0, 8.0, 6.6521739130434785)","(3.4, 4.4, 3.875)","(5.5, 12.5, 11.54)","(14.0, 75.0, 31.428571428571427)"
16-12-2022 09:52:12.737446,"(3.5, 6.6, 5.454545454545455)","(6.0, 10.0, 7.8)","(19.0, 140.0, 65.23076923076923)","(15.0, 32.0, 29.42857142857143)","(5.0, 8.0, 6.6521739130434785)","(3.4, 4.4, 3.875)","(5.5, 12.5, 11.54)","(14.0, 75.0, 31.428571428571427)"
16-12-2022 09:52:13.710544,"(3.5, 6.6, 5.8999999999999995)","(6.0, 10.0, 7.8)","(19.0, 140.0, 65.23076923076923)","(15.0, 32.0, 29.42857142857143)","(5.0, 8.0, 6.6521739130434785)","(3.4, 4.4, 3.875)","(5.5, 12.5, 11.54)","(14.0, 75.0, 31.428571428571427)"
16-12-2022 09:52:14.717923,"(3.5, 6.6, 5.8999999999999995)","(6.0, 10.0, 7.8)","(19.0, 140.0, 65.23076923076923)","(15.0, 32.0, 29.42857142857143)","(5.0, 8.0, 6.6521739130434785)","(3.4, 4.4, 3.875)","(5.5, 12.5, 11.54)","(14.0, 75.0, 31.428571428571427)"
16-12-2022 09:52:15.737902,"(3.5, 6.6, 5.8999999999999995)","(6.0, 10.0, 7.8)","(19.0, 140.0, 65.23076923076923)","(15.0, 32.0, 29.42857142857143)","(5.0, 8.0, 6.747368421052632)","(3.4, 4.4, 3.875)","(5.5, 12.5, 11.54)","(14.0, 75.0, 31.428571428571427)"
16-12-2022 09:52:16.704006,"(3.5, 6.6, 5.454545454545455)","(6.0, 10.0, 7.8)","(19.0, 140.0, 65.23076923076923)","(15.0, 32.0, 29.42857142857143)","(5.0, 7.6, 6.747368421052632)","(3.4, 4.4, 3.875)","(5.5, 12.5, 11.54)","(14.0, 75.0, 31.428571428571427)"
16-12-2022 09:52:17.679561,"(3.5, 6.6, 5.319565217391304)","(6.0, 9.8, 8.936842105263159)","(19.0, 140.0, 59.333333333333336)","(15.0, 32.0, 27.625)","(5.0, 7.6, 6.337142857142857)","(3.4, 4.3, 4.031578947368421)","(5.5, 12.5, 11.711111111111112)","(14.0, 75.0, 31.428571428571427)"
16-12-2022 09:52:18.624396,"(3.5, 6.6, 5.319565217391304)","(6.0, 9.8, 8.668965517241379)","(19.0, 140.0, 59.333333333333336)","(15.0, 32.0, 27.875)","(5.0, 7.6, 6.337142857142857)","(3.4, 4.3, 4.031578947368421)","(5.5, 12.5, 11.711111111111112)","(14.0, 75.0, 31.428571428571427)"
16-12-2022 09:52:19.592793,"(3.5, 6.6, 5.646153846153846)","(6.0, 9.8, 8.668965517241379)","(19.0, 140.0, 59.333333333333336)","(15.0, 32.0, 29.25)","(5.0, 7.6, 6.337142857142857)","(3.4, 4.3, 4.031578947368421)","(5.5, 12.5, 11.711111111111112)","(14.0, 75.0, 31.428571428571427)"
16-12-2022 09:52:20.557369,"(3.5, 6.6, 5.646153846153846)","(6.0, 9.8, 8.668965517241379)","(19.0, 140.0, 59.333333333333336)","(15.0, 32.0, 29.25)","(5.0, 7.6, 6.337142857142857)","(3.4, 4.3, 4.031578947368421)","(5.5, 12.5, 11.711111111111112)","(14.0, 75.0, 31.428571428571427)"
16-12-2022 09:52:21.568882,"(3.5, 6.4, 6.2)","(6.0, 9.8, 8.668965517241379)","(19.0, 140.0, 59.333333333333336)","(15.0, 32.0, 29.25)","(5.0, 7.4, 7.16)","(3.4, 4.3, 4.031578947368421)","(5.5, 12.5, 9.66)","(14.0, 75.0, 31.428571428571427)"
16-12-2022 09:52:22.581872,"(3.5, 6.4, 5.408695652173913)","(6.0, 9.8, 7.457142857142857)","(19.0, 140.0, 59.333333333333336)","(15.0, 32.0, 29.25)","(5.0, 7.4, 6.888888888888889)","(3.4, 4.3, 4.031578947368421)","(5.5, 12.5, 11.120000000000001)","(14.0, 75.0, 31.428571428571427)"
16-12-2022 09:52:23.598159,"(3.5, 6.0, 5.711764705882353)","(6.0, 9.8, 8.345454545454546)","(19.0, 140.0, 59.333333333333336)","(15.0, 32.0, 28.9)","(5.0, 7.4, 6.888888888888889)","(3.4, 4.3, 4.031578947368421)","(5.5, 12.5, 11.688235294117646)","(14.0, 75.0, 31.428571428571427)"
16-12-2022 09:52:24.577349,"(3.5, 5.9, 5.623529411764706)","(6.0, 9.8, 6.963636363636364)","(19.0, 140.0, 52.36363636363637)","(15.0, 32.0, 28.9)","(5.0, 7.4, 6.888888888888889)","(3.4, 4.3, 4.031578947368421)","(5.5, 12.5, 11.688235294117646)","(14.0, 75.0, 31.428571428571427)"
16-12-2022 09:52:25.544336,"(3.5, 5.9, 5.623529411764706)","(6.0, 9.8, 8.073684210526316)","(19.0, 140.0, 60.0)","(15.0, 32.0, 28.9)","(5.0, 7.4, 6.888888888888889)","(3.4, 4.3, 4.031578947368421)","(5.5, 12.5, 11.688235294117646)","(14.0, 75.0, 31.428571428571427)"
16-12-2022 09:52:26.505079,"(3.5, 6.0, 5.711764705882353)","(6.0, 9.8, 8.073684210526316)","(19.0, 140.0, 60.0)","(15.0, 32.0, 28.9)","(5.0, 7.4, 7.0)","(3.4, 4.3, 4.0875)","(5.5, 12.5, 11.688235294117646)","(14.0, 75.0, 31.428571428571427)"
16-12-2022 09:52:27.503136,"(3.5, 6.4, 5.585714285714285)","(6.0, 9.8, 8.073684210526316)","(19.0, 140.0, 60.0)","(15.0, 32.0, 28.9)","(5.0, 7.4, 7.0)","(3.4, 4.3, 4.0875)","(5.5, 12.5, 11.688235294117646)","(14.0, 75.0, 31.428571428571427)"
16-12-2022 09:52:28.514958,"(3.5, 6.2, 4.9206896551724135)","(6.0, 9.8, 8.073684210526316)","(19.0, 140.0, 88.57142857142857)","(15.0, 32.0, 28.9)","(5.0, 7.4, 6.35)","(3.4, 4.3, 3.8363636363636364)","(5.5, 12.0, 10.933333333333334)","(14.0, 75.0, 37.1875)"
16-12-2022 09:52:29.568539,"(3.5, 6.0, 4.628571428571428)","(6.0, 9.8, 8.073684210526316)","(19.0, 130.0, 56.666666666666664)","(15.0, 32.0, 28.9)","(5.0, 7.4, 6.933333333333334)","(3.4, 4.3, 3.8363636363636364)","(5.5, 12.0, 10.17142857142857)","(14.0, 75.0, 37.5)"
16-12-2022 09:52:30.643565,"(3.5, 5.8, 5.121052631578947)","(6.0, 9.8, 8.073684210526316)","(19.0, 130.0, 71.33333333333333)","(15.0, 32.0, 28.9)","(5.0, 7.4, 6.538461538461538)","(3.4, 4.3, 3.8363636363636364)","(5.5, 12.0, 10.805882352941177)","(14.0, 75.0, 37.8125)"
16-12-2022 09:52:31.633198,"(3.5, 5.7, 5.426666666666667)","(6.0, 9.8, 8.073684210526316)","(19.0, 130.0, 71.33333333333333)","(15.0, 32.0, 28.9)","(5.0, 7.6, 6.933333333333334)","(3.4, 4.3, 3.8363636363636364)","(5.5, 11.5, 10.775)","(14.0, 75.0, 32.85714285714286)"
16-12-2022 09:52:32.698196,"(3.5, 6.0, 5.447058823529412)","(6.0, 9.4, 8.413333333333334)","(19.0, 130.0, 71.33333333333333)","(15.0, 32.0, 28.9)","(5.0, 7.4, 6.538461538461538)","(3.4, 4.3, 3.8363636363636364)","(5.5, 12.5, 10.17142857142857)","(14.0, 75.0, 45.5)"
16-12-2022 09:52:33.689671,"(3.5, 5.9, 5.6)","(6.0, 9.4, 8.413333333333334)","(19.0, 130.0, 71.33333333333333)","(15.0, 32.0, 28.9)","(5.0, 7.6, 6.538461538461538)","(3.4, 4.3, 3.8363636363636364)","(5.5, 12.0, 10.933333333333334)","(14.0, 75.0, 45.5)"
16-12-2022 09:52:34.702919,"(3.5, 5.9, 5.6)","(6.0, 9.4, 8.413333333333334)","(19.0, 130.0, 71.33333333333333)","(15.0, 32.0, 28.9)","(5.0, 7.6, 6.538461538461538)","(3.4, 4.3, 3.8363636363636364)","(5.5, 12.0, 10.933333333333334)","(14.0, 75.0, 45.5)"
16-12-2022 09:52:35.779246,"(3.5, 6.6, 5.616666666666666)","(6.0, 9.4, 8.413333333333334)","(19.0, 130.0, 71.33333333333333)","(15.0, 32.0, 28.9)","(5.0, 7.6, 6.538461538461538)","(3.4, 4.3, 3.8363636363636364)","(5.5, 11.5, 9.600000000000001)","(14.0, 75.0, 45.5)"
16-12-2022 09:52:36.880142,"(3.5, 5.9, 4.038461538461538)","(6.0, 9.4, 8.413333333333334)","(19.0, 130.0, 83.6842105263158)","(15.0, 32.0, 28.9)","(5.0, 7.6, 6.538461538461538)","(3.4, 4.3, 3.8363636363636364)","(5.5, 11.5, 9.600000000000001)","(14.0, 75.0, 45.5)"
16-12-2022 09:52:37.957695,"(3.5, 5.9, 5.233333333333333)","(6.0, 9.4, 8.413333333333334)","(19.0, 130.0, 83.6842105263158)","(15.0, 32.0, 28.25)","(5.0, 7.6, 6.55)","(3.4, 4.3, 3.8607142857142858)","(5.5, 11.5, 9.600000000000001)","(14.0, 75.0, 45.5)"
16-12-2022 09:52:38.985987,"(3.5, 5.9, 4.2214285714285715)","(6.0, 9.4, 8.413333333333334)","(19.0, 130.0, 83.6842105263158)","(15.0, 32.0, 29.0)","(5.0, 7.8, 6.55)","(3.4, 4.6, 4.2)","(5.5, 11.5, 9.600000000000001)","(14.0, 75.0, 45.5)"
16-12-2022 09:52:40.020719,"(3.5, 5.9, 5.247222222222223)","(6.0, 9.4, 7.123076923076923)","(19.0, 130.0, 83.6842105263158)","(15.0, 32.0, 29.1)","(5.0, 7.8, 6.878947368421052)","(3.4, 4.5, 4.2)","(5.5, 11.5, 7.16)","(14.0, 75.0, 45.5)"
16-12-2022 09:52:41.019033,"(3.5, 5.9, 5.275)","(6.0, 9.4, 7.123076923076923)","(19.0, 130.0, 83.6842105263158)","(15.0, 32.0, 29.1)","(5.0, 7.8, 6.341666666666667)","(3.4, 4.5, 4.2)","(5.5, 11.5, 8.653333333333332)","(14.0, 75.0, 45.5)"
16-12-2022 09:52:42.129572,"(3.5, 5.9, 4.328571428571429)","(6.0, 9.4, 7.123076923076923)","(19.0, 130.0, 83.6842105263158)","(15.0, 32.0, 29.1)","(5.0, 7.8, 6.341666666666667)","(3.4, 4.5, 4.2)","(5.5, 11.5, 6.7)","(14.0, 75.0, 61.71428571428571)"
16-12-2022 09:52:43.205409,"(3.5, 5.9, 5.275)","(6.0, 9.4, 7.123076923076923)","(20.0, 130.0, 83.6842105263158)","(15.0, 32.0, 29.1)","(5.0, 7.8, 6.341666666666667)","(3.4, 4.5, 4.2)","(5.5, 11.5, 7.0)","(14.0, 80.0, 48.5)"
16-12-2022 09:52:44.242816,"(3.5, 5.9, 5.275)","(6.0, 9.2, 8.2)","(20.0, 130.0, 83.6842105263158)","(15.0, 32.0, 29.1)","(5.0, 7.8, 6.341666666666667)","(3.4, 4.5, 4.2)","(5.5, 11.5, 8.376470588235295)","(14.0, 80.0, 59.0)"
16-12-2022 09:52:45.265871,"(3.5, 5.9, 5.275)","(6.0, 9.4, 7.755555555555556)","(20.0, 130.0, 83.6842105263158)","(15.0, 32.0, 29.1)","(5.0, 7.8, 6.341666666666667)","(3.4, 4.5, 4.2)","(5.5, 11.5, 9.014285714285714)","(14.0, 80.0, 59.0)"
16-12-2022 09:52:46.285905,"(3.5, 5.9, 5.275)","(6.0, 9.2, 8.2)","(20.0, 130.0, 83.6842105263158)","(15.0, 32.0, 29.1)","(5.0, 7.8, 6.341666666666667)","(3.4, 4.5, 4.2)","(5.5, 11.5, 9.014285714285714)","(14.0, 80.0, 59.0)"
16-12-2022 09:52:47.345443,"(3.5, 5.9, 5.275)","(6.0, 9.2, 8.2)","(20.0, 130.0, 83.6842105263158)","(15.0, 32.0, 29.1)","(5.0, 7.8, 6.341666666666667)","(3.4, 4.5, 4.2)","(5.5, 11.5, 9.014285714285714)","(14.0, 80.0, 59.0)"
16-12-2022 09:52:48.380949,"(3.5, 5.9, 5.275)","(6.0, 9.2, 7.290909090909091)","(20.0, 130.0, 83.6842105263158)","(15.0, 32.0, 29.1)","(5.0, 7.8, 6.341666666666667)","(3.4, 4.5, 4.2)","(5.5, 11.5, 9.014285714285714)","(14.0, 80.0, 59.0)"
16-12-2022 09:52:49.416519,"(3.5, 5.9, 5.275)","(6.0, 9.2, 7.290909090909091)","(20.0, 130.0, 86.0)","(15.0, 32.0, 29.1)","(5.0, 7.8, 6.341666666666667)","(3.4, 4.5, 4.2)","(5.5, 11.5, 9.014285714285714)","(14.0, 80.0, 59.0)"
16-12-2022 09:52:50.461017,"(3.5, 5.9, 5.275)","(6.0, 9.2, 7.290909090909091)","(20.0, 130.0, 86.0)","(15.0, 32.0, 30.549999999999997)","(5.0, 7.8, 6.341666666666667)","(3.4, 4.5, 4.2)","(5.5, 11.5, 9.014285714285714)","(14.0, 80.0, 59.0)"
16-12-2022 09:52:51.542837,"(3.5, 5.7, 4.14)","(6.0, 9.2, 7.290909090909091)","(20.0, 130.0, 63.53846153846154)","(15.0, 32.0, 30.549999999999997)","(5.0, 7.8, 6.341666666666667)","(3.4, 4.5, 4.2)","(5.5, 11.5, 8.6)","(14.0, 80.0, 59.0)"
16-12-2022 09:52:52.835687,"(3.5, 5.7, 4.628571428571429)","(6.0, 9.2, 7.290909090909091)","(20.0, 130.0, 51.45454545454545)","(15.0, 32.0, 30.549999999999997)","(5.0, 7.8, 6.341666666666667)","(3.4, 4.5, 4.2)","(5.5, 11.5, 8.6)","(14.0, 80.0, 59.0)"
16-12-2022 09:52:53.937034,"(3.5, 5.6, 5.346666666666666)","(6.0, 9.2, 7.290909090909091)","(20.0, 130.0, 51.45454545454545)","(15.0, 32.0, 30.549999999999997)","(5.0, 7.8, 6.341666666666667)","(3.4, 4.5, 4.2)","(5.5, 11.5, 8.6)","(14.0, 80.0, 49.0)"
16-12-2022 09:52:54.963064,"(3.5, 5.6, 4.935)","(6.0, 9.2, 7.290909090909091)","(20.0, 120.0, 58.75)","(15.0, 32.0, 30.549999999999997)","(5.0, 7.8, 6.341666666666667)","(3.4, 4.5, 4.2)","(5.5, 11.5, 8.6)","(14.0, 80.0, 49.0)"
16-12-2022 09:52:55.950452,"(3.5, 5.6, 4.935)","(6.0, 9.2, 7.290909090909091)","(20.0, 120.0, 58.75)","(15.0, 32.0, 30.549999999999997)","(5.0, 7.8, 6.341666666666667)","(3.4, 4.5, 4.325)","(5.5, 11.5, 8.6)","(14.0, 80.0, 59.333333333333336)"
16-12-2022 09:52:56.927625,"(3.5, 5.6, 4.935)","(6.0, 9.2, 7.887499999999999)","(20.0, 140.0, 66.25)","(15.0, 32.0, 30.1875)","(5.0, 7.8, 6.341666666666667)","(3.4, 4.5, 4.325)","(5.5, 11.5, 8.6)","(14.0, 80.0, 59.333333333333336)"
16-12-2022 09:52:57.909818,"(3.5, 5.6, 4.935)","(6.0, 9.2, 7.887499999999999)","(20.0, 140.0, 66.25)","(16.0, 32.0, 30.1875)","(5.0, 7.8, 6.341666666666667)","(3.4, 4.5, 4.325)","(5.5, 11.5, 8.6)","(14.0, 80.0, 59.333333333333336)"
16-12-2022 09:52:59.001924,"(3.5, 5.6, 4.935)","(6.0, 9.2, 7.887499999999999)","(20.0, 140.0, 66.25)","(16.0, 32.0, 30.1875)","(5.0, 7.8, 6.341666666666667)","(3.4, 4.5, 4.325)","(5.5, 11.5, 8.6)","(14.0, 80.0, 59.333333333333336)"
16-12-2022 09:53:00.046565,"(3.5, 5.6, 4.935)","(6.0, 9.2, 7.887499999999999)","(20.0, 140.0, 54.18181818181818)","(16.0, 32.0, 30.1875)","(5.0, 7.8, 6.341666666666667)","(3.4, 4.5, 4.325)","(5.5, 11.5, 8.6)","(14.0, 80.0, 59.333333333333336)"
16-12-2022 09:53:01.146860,"(3.5, 5.6, 4.935)","(6.0, 9.2, 7.887499999999999)","(20.0, 140.0, 54.18181818181818)","(16.0, 32.0, 30.1875)","(5.0, 7.8, 6.341666666666667)","(3.4, 4.5, 4.325)","(5.5, 11.5, 8.6)","(14.0, 80.0, 59.333333333333336)"
16-12-2022 09:53:02.411987,"(3.5, 5.6, 4.688)","(6.0, 9.2, 7.887499999999999)","(20.0, 140.0, 54.18181818181818)","(16.0, 32.0, 30.1875)","(5.0, 7.8, 6.341666666666667)","(3.4, 4.5, 4.325)","(5.5, 11.5, 8.6)","(14.0, 80.0, 59.333333333333336)"
16-12-2022 09:53:03.615662,"(3.5, 5.6, 4.688)","(6.0, 9.2, 7.887499999999999)","(20.0, 140.0, 55.63636363636363)","(16.0, 32.0, 30.1875)","(5.0, 7.8, 6.341666666666667)","(3.4, 4.5, 4.325)","(5.5, 11.5, 8.6)","(14.0, 80.0, 59.333333333333336)"
16-12-2022 09:53:04.656153,"(3.5, 5.6, 4.688)","(6.0, 9.2, 7.887499999999999)","(20.0, 140.0, 55.63636363636363)","(16.0, 32.0, 30.1875)","(5.0, 7.8, 6.341666666666667)","(3.4, 4.5, 4.325)","(5.5, 11.5, 7.1)","(14.0, 80.0, 49.5)"
16-12-2022 09:53:05.902528,"(3.5, 5.6, 4.688)","(6.0, 9.2, 7.887499999999999)","(20.0, 140.0, 55.63636363636363)","(16.0, 32.0, 30.1875)","(5.0, 7.8, 6.341666666666667)","(3.4, 4.5, 4.325)","(5.5, 11.5, 8.1)","(14.0, 80.0, 59.666666666666664)"
16-12-2022 09:53:07.274895,"(3.5, 5.6, 4.688)","(6.0, 9.2, 7.887499999999999)","(20.0, 140.0, 55.63636363636363)","(16.0, 32.0, 30.1875)","(5.0, 7.8, 6.341666666666667)","(3.4, 4.5, 4.325)","(5.5, 11.5, 9.148)","(14.0, 80.0, 59.666666666666664)"
16-12-2022 09:53:08.314509,"(3.5, 5.6, 4.688)","(6.0, 9.2, 7.887499999999999)","(20.0, 140.0, 55.63636363636363)","(16.0, 32.0, 30.1875)","(5.0, 7.8, 6.2444444444444445)","(3.4, 4.5, 3.79375)","(5.5, 11.5, 9.148)","(14.0, 80.0, 59.666666666666664)"
16-12-2022 09:53:09.292829,"(3.5, 5.6, 4.448484848484848)","(6.0, 8.2, 7.262499999999999)","(20.0, 140.0, 55.63636363636363)","(16.0, 32.0, 27.5)","(5.0, 7.0, 6.2444444444444445)","(3.4, 4.0, 3.79375)","(5.5, 11.5, 9.148)","(14.0, 80.0, 59.666666666666664)"
16-12-2022 09:53:10.364306,"(3.5, 5.6, 4.448484848484848)","(6.0, 8.2, 7.262499999999999)","(20.0, 140.0, 55.63636363636363)","(16.0, 32.0, 29.3)","(5.0, 7.0, 6.2444444444444445)","(3.4, 4.0, 3.79375)","(5.5, 11.5, 9.148)","(14.0, 80.0, 59.666666666666664)"
16-12-2022 09:53:11.411279,"(3.5, 5.6, 4.195652173913044)","(6.0, 8.2, 7.262499999999999)","(20.0, 140.0, 55.63636363636363)","(16.0, 32.0, 29.3)","(5.0, 7.0, 6.2444444444444445)","(3.4, 4.0, 3.79375)","(5.5, 11.5, 7.0200000000000005)","(14.0, 80.0, 59.666666666666664)"
16-12-2022 09:53:12.445705,"(3.5, 5.4, 4.428571428571429)","(6.0, 8.2, 7.262499999999999)","(20.0, 140.0, 55.63636363636363)","(16.0, 32.0, 29.3)","(5.0, 7.0, 6.2444444444444445)","(3.4, 4.0, 3.79375)","(5.5, 11.5, 8.026315789473685)","(14.0, 80.0, 59.666666666666664)"
16-12-2022 09:53:13.643564,"(3.5, 5.3, 4.3)","(6.0, 8.2, 7.485714285714285)","(20.0, 140.0, 56.36363636363637)","(16.0, 32.0, 29.3)","(5.0, 7.0, 6.2444444444444445)","(3.4, 4.0, 3.79375)","(5.5, 11.5, 8.961538461538462)","(14.0, 80.0, 59.666666666666664)"
16-12-2022 09:53:14.713175,"(3.5, 5.2, 4.2625)","(6.0, 8.2, 7.485714285714285)","(20.0, 140.0, 56.36363636363637)","(16.0, 32.0, 29.3)","(5.0, 7.0, 6.2444444444444445)","(3.4, 4.0, 3.79375)","(5.5, 11.5, 7.0200000000000005)","(14.0, 80.0, 59.666666666666664)"
16-12-2022 09:53:15.782690,"(3.5, 5.0, 4.675)","(6.0, 8.2, 7.485714285714285)","(20.0, 140.0, 57.09090909090909)","(16.0, 32.0, 28.75)","(5.0, 7.0, 6.514285714285714)","(3.4, 4.0, 3.79375)","(5.5, 11.5, 8.3)","(14.0, 80.0, 59.666666666666664)"
16-12-2022 09:53:17.015471,"(3.5, 5.0, 4.257142857142857)","(6.0, 8.2, 7.485714285714285)","(20.0, 140.0, 57.09090909090909)","(16.0, 32.0, 27.833333333333336)","(5.0, 7.0, 6.514285714285714)","(3.4, 4.0, 3.842857142857143)","(5.5, 11.5, 7.172727272727273)","(14.0, 80.0, 55.8)"
16-12-2022 09:53:18.214239,"(3.5, 5.0, 4.257142857142857)","(6.0, 8.2, 7.485714285714285)","(20.0, 140.0, 57.09090909090909)","(16.0, 32.0, 27.833333333333336)","(5.0, 7.0, 6.514285714285714)","(3.4, 4.0, 3.842857142857143)","(5.5, 11.5, 7.172727272727273)","(14.0, 80.0, 60.0)"
16-12-2022 09:53:19.254529,"(3.5, 5.0, 4.257142857142857)","(6.0, 8.2, 7.485714285714285)","(20.0, 140.0, 57.09090909090909)","(16.0, 32.0, 27.833333333333336)","(5.0, 7.0, 6.514285714285714)","(3.4, 4.0, 3.842857142857143)","(5.5, 11.5, 7.172727272727273)","(14.0, 80.0, 60.0)"
16-12-2022 09:53:20.266356,"(3.5, 5.0, 4.257142857142857)","(6.0, 8.2, 7.485714285714285)","(20.0, 140.0, 57.09090909090909)","(16.0, 32.0, 27.833333333333336)","(5.0, 7.0, 6.514285714285714)","(3.4, 4.0, 3.842857142857143)","(5.5, 11.5, 7.172727272727273)","(14.0, 80.0, 66.66666666666666)"
16-12-2022 09:53:21.271155,"(3.5, 5.0, 4.257142857142857)","(6.0, 8.2, 7.542857142857143)","(20.0, 140.0, 57.09090909090909)","(16.0, 32.0, 27.833333333333336)","(5.0, 7.0, 6.514285714285714)","(3.4, 4.0, 3.842857142857143)","(5.5, 11.5, 7.172727272727273)","(14.0, 90.0, 66.66666666666666)"
16-12-2022 09:53:22.329199,"(3.5, 5.0, 3.88)","(6.0, 8.2, 7.625)","(20.0, 140.0, 57.09090909090909)","(16.0, 32.0, 27.833333333333336)","(5.0, 7.0, 6.514285714285714)","(3.4, 4.0, 3.842857142857143)","(5.5, 11.5, 7.172727272727273)","(14.0, 90.0, 66.66666666666666)"
16-12-2022 09:53:23.295549,"(3.5, 5.0, 3.88)","(6.0, 8.2, 7.625)","(20.0, 140.0, 57.09090909090909)","(16.0, 32.0, 27.833333333333336)","(5.0, 7.0, 6.514285714285714)","(3.4, 4.0, 3.842857142857143)","(5.5, 11.5, 7.172727272727273)","(14.0, 90.0, 66.66666666666666)"
16-12-2022 09:53:24.266875,"(3.5, 5.0, 3.88)","(6.0, 8.2, 7.625)","(20.0, 140.0, 57.09090909090909)","(16.0, 32.0, 27.833333333333336)","(5.0, 7.0, 6.514285714285714)","(3.4, 4.0, 3.842857142857143)","(5.5, 11.5, 7.172727272727273)","(14.0, 95.0, 53.333333333333336)"
16-12-2022 09:53:25.200503,"(3.5, 5.0, 3.88)","(6.0, 8.2, 7.625)","(20.0, 140.0, 57.09090909090909)","(16.0, 32.0, 27.833333333333336)","(5.0, 7.0, 6.514285714285714)","(3.4, 4.0, 3.842857142857143)","(5.5, 11.5, 7.172727272727273)","(14.0, 95.0, 53.333333333333336)"
16-12-2022 09:53:26.180649,"(3.5, 5.0, 3.74)","(6.0, 8.2, 7.724137931034482)","(20.0, 140.0, 57.09090909090909)","(16.0, 32.0, 27.833333333333336)","(5.0, 7.0, 6.514285714285714)","(3.4, 4.0, 3.842857142857143)","(5.5, 11.5, 7.172727272727273)","(14.0, 95.0, 53.333333333333336)"
16-12-2022 09:53:27.109118,"(3.5, 4.9, 4.25)","(6.0, 8.2, 7.7941176470588225)","(20.0, 140.0, 57.09090909090909)","(16.0, 32.0, 27.833333333333336)","(5.0, 7.0, 6.514285714285714)","(3.4, 4.0, 3.842857142857143)","(5.5, 11.5, 7.172727272727273)","(14.0, 95.0, 53.333333333333336)"
16-12-2022 09:53:28.086124,"(3.5, 4.9, 3.816666666666667)","(6.0, 8.2, 7.7941176470588225)","(20.0, 140.0, 57.09090909090909)","(16.0, 32.0, 27.833333333333336)","(5.0, 7.0, 6.514285714285714)","(3.4, 4.0, 3.842857142857143)","(5.5, 11.5, 7.172727272727273)","(14.0, 95.0, 53.333333333333336)"
16-12-2022 09:53:29.032121,"(3.5, 4.9, 3.816666666666667)","(6.0, 8.2, 7.7941176470588225)","(20.0, 140.0, 57.81818181818182)","(16.0, 32.0, 27.833333333333336)","(5.0, 7.0, 6.514285714285714)","(3.4, 4.0, 3.842857142857143)","(5.5, 11.5, 7.172727272727273)","(14.0, 95.0, 53.333333333333336)"
16-12-2022 09:53:30.025405,"(3.5, 4.9, 3.816666666666667)","(6.0, 8.2, 7.688888888888888)","(20.0, 140.0, 40.44444444444444)","(16.0, 32.0, 27.833333333333336)","(5.0, 7.0, 6.514285714285714)","(3.4, 4.0, 3.842857142857143)","(5.5, 11.5, 7.172727272727273)","(14.0, 95.0, 43.07692307692308)"
16-12-2022 09:53:31.031199,"(3.5, 4.9, 3.816666666666667)","(6.0, 8.2, 7.688888888888888)","(20.0, 140.0, 50.4)","(16.0, 32.0, 27.833333333333336)","(5.0, 7.0, 6.089473684210526)","(3.4, 4.0, 3.842857142857143)","(5.5, 11.5, 7.172727272727273)","(14.0, 95.0, 43.07692307692308)"
16-12-2022 09:53:32.092117,"(3.5, 4.9, 3.816666666666667)","(6.0, 8.2, 7.688888888888888)","(20.0, 140.0, 50.4)","(16.0, 32.0, 30.4375)","(5.0, 6.8, 6.089473684210526)","(3.4, 4.0, 3.842857142857143)","(5.5, 11.5, 8.455555555555556)","(14.0, 95.0, 43.07692307692308)"
16-12-2022 09:53:33.082461,"(3.5, 4.9, 3.816666666666667)","(6.0, 8.0, 7.664)","(20.0, 140.0, 50.4)","(16.0, 32.0, 31.03846153846154)","(5.0, 6.8, 6.089473684210526)","(3.4, 4.0, 3.842857142857143)","(5.5, 10.5, 7.816666666666666)","(14.0, 95.0, 43.07692307692308)"
16-12-2022 09:53:34.109429,"(3.5, 4.9, 3.816666666666667)","(6.0, 8.0, 7.664)","(20.0, 140.0, 50.4)","(16.0, 32.0, 31.03846153846154)","(5.0, 6.8, 6.089473684210526)","(3.4, 4.0, 3.8666666666666667)","(5.5, 10.5, 7.816666666666666)","(14.0, 95.0, 39.5)"
16-12-2022 09:53:35.172240,"(3.5, 4.9, 3.816666666666667)","(6.0, 8.0, 7.664)","(20.0, 140.0, 50.4)","(16.0, 32.0, 31.03846153846154)","(5.0, 6.8, 6.089473684210526)","(3.4, 3.95, 3.8666666666666667)","(5.5, 10.5, 7.816666666666666)","(14.0, 95.0, 47.42857142857143)"
16-12-2022 09:53:36.162915,"(3.5, 4.8, 4.457142857142857)","(6.0, 8.0, 7.2727272727272725)","(20.0, 140.0, 50.4)","(16.0, 32.0, 31.03846153846154)","(5.0, 6.8, 6.089473684210526)","(3.4, 3.95, 3.8666666666666667)","(5.5, 10.5, 7.816666666666666)","(14.0, 95.0, 47.42857142857143)"
16-12-2022 09:53:37.144172,"(3.5, 4.8, 3.975)","(6.0, 8.0, 7.529411764705882)","(20.0, 140.0, 50.4)","(16.0, 32.0, 31.03846153846154)","(5.0, 6.8, 6.089473684210526)","(3.4, 3.95, 3.8666666666666667)","(5.5, 10.5, 7.816666666666666)","(14.0, 95.0, 47.42857142857143)"
16-12-2022 09:53:38.181414,"(3.5, 4.7, 4.033333333333333)","(6.0, 8.0, 6.9714285714285715)","(20.0, 140.0, 50.4)","(16.0, 32.0, 31.03846153846154)","(5.0, 6.8, 6.089473684210526)","(3.4, 3.95, 3.9043478260869566)","(5.5, 10.5, 7.816666666666666)","(14.0, 95.0, 47.42857142857143)"
16-12-2022 09:53:39.195845,"(3.5, 4.7, 4.1375)","(6.0, 8.0, 7.555555555555555)","(20.0, 140.0, 50.4)","(16.0, 32.0, 31.03846153846154)","(5.0, 6.8, 6.089473684210526)","(3.4, 3.95, 3.8375)","(5.5, 10.5, 7.816666666666666)","(14.0, 95.0, 47.42857142857143)"
16-12-2022 09:53:40.251454,"(3.5, 4.6, 4.2625)","(6.0, 8.0, 7.555555555555555)","(20.0, 140.0, 50.4)","(16.0, 32.0, 31.03846153846154)","(5.0, 6.8, 6.089473684210526)","(3.4, 3.95, 3.8375)","(5.5, 10.5, 7.816666666666666)","(14.0, 95.0, 47.42857142857143)"
16-12-2022 09:53:41.275449,"(3.5, 4.6, 3.9647058823529413)","(6.0, 8.0, 7.555555555555555)","(21.0, 140.0, 50.4)","(17.0, 32.0, 31.03846153846154)","(5.0, 6.8, 6.089473684210526)","(3.4, 3.95, 3.8375)","(6.0, 10.5, 7.816666666666666)","(15.0, 95.0, 58.0)"
16-12-2022 09:53:42.342152,"(3.5, 4.6, 3.9647058823529413)","(6.0, 8.0, 7.555555555555555)","(21.0, 140.0, 50.4)","(17.0, 32.0, 31.03846153846154)","(5.0, 6.8, 5.96)","(3.4, 3.95, 3.8375)","(6.0, 10.5, 7.816666666666666)","(15.0, 95.0, 58.0)"
16-12-2022 09:53:43.366322,"(3.5, 4.6, 3.9647058823529413)","(6.0, 8.0, 7.555555555555555)","(21.0, 140.0, 50.4)","(17.0, 32.0, 31.03846153846154)","(5.0, 6.8, 5.736363636363636)","(3.4, 3.95, 3.8375)","(6.0, 10.5, 7.816666666666666)","(15.0, 95.0, 58.0)"
16-12-2022 09:53:44.364791,"(3.5, 4.6, 3.8666666666666667)","(6.0, 8.0, 7.6521739130434785)","(21.0, 140.0, 50.4)","(17.0, 32.0, 31.03846153846154)","(5.0, 6.8, 6.06875)","(3.4, 3.95, 3.8375)","(6.0, 10.5, 7.816666666666666)","(15.0, 95.0, 58.0)"
16-12-2022 09:53:45.398049,"(3.5, 4.6, 3.8666666666666667)","(6.0, 8.0, 7.619047619047619)","(21.0, 140.0, 50.4)","(17.0, 32.0, 31.03846153846154)","(5.0, 6.8, 6.06875)","(3.4, 3.95, 3.8375)","(6.0, 10.5, 7.816666666666666)","(15.0, 95.0, 58.0)"
16-12-2022 09:53:46.366973,"(3.5, 4.6, 3.8666666666666667)","(6.0, 8.0, 7.619047619047619)","(21.0, 140.0, 50.4)","(17.0, 32.0, 31.03846153846154)","(5.0, 6.8, 6.06875)","(3.4, 3.95, 3.8375)","(6.0, 10.5, 7.816666666666666)","(15.0, 95.0, 58.0)"
16-12-2022 09:53:47.339030,"(3.5, 4.5, 4.05)","(6.0, 8.0, 7.619047619047619)","(21.0, 140.0, 97.33333333333333)","(17.0, 32.0, 30.0)","(5.0, 6.8, 6.06875)","(3.4, 3.95, 3.8375)","(6.0, 10.5, 8.805263157894737)","(15.0, 95.0, 58.0)"
16-12-2022 09:53:48.367123,"(3.5, 4.5, 4.05)","(6.0, 8.0, 7.619047619047619)","(21.0, 140.0, 97.33333333333333)","(17.0, 32.0, 28.333333333333332)","(5.0, 6.8, 6.06875)","(3.4, 3.95, 3.8375)","(6.0, 10.5, 7.35)","(15.0, 95.0, 58.0)"
16-12-2022 09:53:49.546830,"(3.5, 4.5, 3.7285714285714286)","(6.0, 8.0, 7.619047619047619)","(21.0, 140.0, 97.33333333333333)","(17.0, 32.0, 28.333333333333332)","(5.0, 6.8, 6.06875)","(3.4, 3.95, 3.8375)","(6.0, 10.5, 7.816666666666666)","(15.0, 95.0, 47.42857142857143)"
16-12-2022 09:53:50.673838,"(3.5, 4.5, 3.7285714285714286)","(6.0, 8.0, 7.619047619047619)","(21.0, 140.0, 97.33333333333333)","(17.0, 32.0, 28.333333333333332)","(5.0, 6.8, 6.06875)","(3.4, 3.95, 3.9000000000000004)","(6.0, 10.5, 7.35)","(15.0, 95.0, 47.42857142857143)"
16-12-2022 09:53:51.705318,"(3.5, 4.5, 3.7285714285714286)","(6.0, 8.0, 7.619047619047619)","(21.0, 140.0, 97.33333333333333)","(17.0, 32.0, 28.333333333333332)","(5.0, 6.8, 6.06875)","(3.4, 3.95, 3.9000000000000004)","(6.0, 10.5, 8.995000000000001)","(15.0, 95.0, 47.42857142857143)"
16-12-2022 09:53:52.742711,"(3.5, 4.5, 3.7285714285714286)","(6.0, 8.0, 7.619047619047619)","(21.0, 140.0, 97.33333333333333)","(17.0, 32.0, 28.333333333333332)","(5.0, 6.8, 6.06875)","(3.4, 3.95, 3.868181818181818)","(6.0, 10.5, 8.063333333333334)","(15.0, 95.0, 50.6)"
16-12-2022 09:53:53.727764,"(3.5, 4.5, 3.7285714285714286)","(6.0, 8.0, 7.619047619047619)","(21.0, 140.0, 97.33333333333333)","(17.0, 32.0, 28.333333333333332)","(5.0, 6.8, 6.06875)","(3.4, 3.95, 3.868181818181818)","(6.0, 10.5, 8.063333333333334)","(15.0, 95.0, 50.6)"
16-12-2022 09:53:54.718846,"(3.5, 4.4, 4.133333333333334)","(6.0, 8.0, 7.619047619047619)","(21.0, 140.0, 71.6923076923077)","(17.0, 32.0, 28.333333333333332)","(5.0, 6.8, 5.9)","(3.4, 3.95, 3.842857142857143)","(6.0, 10.0, 8.440000000000001)","(15.0, 95.0, 61.7)"
16-12-2022 09:53:55.761764,"(3.5, 4.4, 4.011111111111111)","(6.0, 8.0, 7.619047619047619)","(21.0, 140.0, 60.0)","(17.0, 32.0, 28.333333333333332)","(5.0, 6.8, 5.9)","(3.4, 3.95, 3.842857142857143)","(6.0, 9.8, 7.857142857142858)","(15.0, 95.0, 61.7)"
16-12-2022 09:53:56.847766,"(3.5, 4.4, 4.011111111111111)","(6.0, 8.0, 7.619047619047619)","(21.0, 140.0, 66.66666666666666)","(17.0, 32.0, 28.333333333333332)","(5.0, 6.8, 6.18125)","(3.4, 3.95, 3.842857142857143)","(6.0, 9.8, 7.857142857142858)","(15.0, 95.0, 61.7)"
16-12-2022 09:53:57.928503,"(3.5, 4.4, 4.011111111111111)","(6.0, 8.0, 7.619047619047619)","(21.0, 140.0, 66.66666666666666)","(17.0, 32.0, 28.333333333333332)","(5.0, 6.8, 6.18125)","(3.4, 3.95, 3.842857142857143)","(6.0, 9.8, 7.857142857142858)","(15.0, 95.0, 62.8)"
16-12-2022 09:53:58.960254,"(3.5, 4.4, 3.8842105263157896)","(6.0, 8.0, 7.619047619047619)","(21.0, 140.0, 66.66666666666666)","(17.0, 32.0, 28.333333333333332)","(5.0, 6.8, 6.18125)","(3.4, 3.95, 3.842857142857143)","(6.0, 9.8, 7.857142857142858)","(15.0, 90.0, 70.57142857142857)"
16-12-2022 09:54:00.037878,"(3.5, 4.4, 3.8842105263157896)","(6.0, 8.0, 7.619047619047619)","(21.0, 140.0, 66.66666666666666)","(17.0, 32.0, 28.333333333333332)","(5.0, 6.8, 6.18125)","(3.4, 3.95, 3.842857142857143)","(6.0, 9.8, 7.857142857142858)","(15.0, 90.0, 70.57142857142857)"
16-12-2022 09:54:01.072220,"(3.5, 4.4, 3.8842105263157896)","(6.0, 8.0, 7.619047619047619)","(21.0, 140.0, 42.22222222222222)","(17.0, 32.0, 28.333333333333332)","(5.0, 6.8, 6.18125)","(3.4, 3.95, 3.842857142857143)","(6.0, 9.8, 7.857142857142858)","(15.0, 90.0, 70.57142857142857)"
16-12-2022 09:54:02.128658,"(3.5, 4.4, 3.8458333333333337)","(6.0, 8.0, 7.619047619047619)","(21.0, 140.0, 42.22222222222222)","(17.0, 32.0, 28.333333333333332)","(5.0, 6.8, 6.18125)","(3.4, 3.95, 3.842857142857143)","(6.0, 9.8, 7.857142857142858)","(15.0, 90.0, 70.57142857142857)"
16-12-2022 09:54:03.206442,"(3.5, 4.4, 3.820689655172414)","(6.0, 8.0, 7.619047619047619)","(21.0, 140.0, 77.14285714285714)","(17.0, 32.0, 28.333333333333332)","(5.0, 6.8, 6.18125)","(3.4, 3.95, 3.842857142857143)","(6.0, 9.8, 7.857142857142858)","(15.0, 90.0, 70.57142857142857)"
16-12-2022 09:54:04.272314,"(3.5, 4.4, 3.8842105263157896)","(6.0, 8.0, 7.619047619047619)","(21.0, 140.0, 93.6842105263158)","(17.0, 32.0, 28.333333333333332)","(5.0, 6.8, 6.18125)","(3.4, 3.95, 3.842857142857143)","(6.0, 9.8, 7.857142857142858)","(15.0, 90.0, 48.07142857142857)"
16-12-2022 09:54:05.458505,"(3.5, 4.4, 3.8842105263157896)","(6.0, 8.0, 7.619047619047619)","(21.0, 140.0, 61.45454545454545)","(17.0, 32.0, 31.153846153846153)","(5.0, 6.8, 6.18125)","(3.4, 3.95, 3.868181818181818)","(6.0, 9.8, 7.857142857142858)","(15.0, 95.0, 48.07142857142857)"
16-12-2022 09:54:06.821835,"(3.5, 4.4, 3.9333333333333336)","(6.0, 8.0, 7.619047619047619)","(21.0, 140.0, 61.45454545454545)","(17.0, 32.0, 31.153846153846153)","(5.0, 6.8, 6.328571428571428)","(3.4, 3.95, 3.868181818181818)","(6.0, 9.8, 7.857142857142858)","(15.0, 95.0, 48.07142857142857)"
16-12-2022 09:54:07.966437,"(3.5, 4.4, 3.8458333333333337)","(6.0, 8.0, 7.619047619047619)","(21.0, 140.0, 68.0)","(17.0, 32.0, 31.153846153846153)","(5.0, 6.8, 6.4192307692307695)","(3.4, 3.95, 3.868181818181818)","(6.0, 9.8, 7.381818181818182)","(15.0, 95.0, 48.07142857142857)"
16-12-2022 09:54:09.098533,"(3.5, 4.4, 3.8458333333333337)","(6.0, 8.0, 7.619047619047619)","(21.0, 140.0, 68.0)","(17.0, 32.0, 31.153846153846153)","(5.0, 6.8, 6.278947368421052)","(3.4, 3.95, 3.868181818181818)","(6.0, 8.2, 7.283333333333333)","(17.0, 95.0, 41.75)"
16-12-2022 09:54:10.196809,"(3.5, 4.4, 3.6761904761904765)","(6.0, 8.0, 7.619047619047619)","(21.0, 140.0, 68.0)","(17.0, 32.0, 31.153846153846153)","(5.0, 6.8, 6.278947368421052)","(3.4, 3.95, 3.85625)","(6.0, 8.2, 6.95)","(17.0, 95.0, 49.357142857142854)"
16-12-2022 09:54:11.263885,"(3.5, 4.4, 3.6761904761904765)","(6.0, 8.0, 7.619047619047619)","(21.0, 140.0, 68.0)","(17.0, 32.0, 31.153846153846153)","(5.0, 6.8, 6.278947368421052)","(3.4, 3.95, 3.85625)","(6.0, 8.2, 7.290909090909091)","(17.0, 95.0, 49.357142857142854)"
16-12-2022 09:54:12.370352,"(3.5, 4.4, 3.6761904761904765)","(6.0, 8.0, 7.619047619047619)","(21.0, 140.0, 68.0)","(17.0, 32.0, 31.153846153846153)","(5.0, 6.8, 6.278947368421052)","(3.4, 3.95, 3.85625)","(6.0, 8.2, 7.290909090909091)","(17.0, 95.0, 35.833333333333336)"
16-12-2022 09:54:13.727740,"(3.5, 4.4, 3.8933333333333335)","(6.0, 8.0, 7.619047619047619)","(21.0, 140.0, 68.0)","(17.0, 32.0, 31.153846153846153)","(5.0, 6.8, 6.278947368421052)","(3.4, 3.95, 3.85625)","(6.0, 8.2, 7.290909090909091)","(17.0, 95.0, 74.72222222222223)"
16-12-2022 09:54:15.355505,"(3.5, 4.4, 3.9546875)","(6.0, 8.0, 7.619047619047619)","(21.0, 140.0, 68.0)","(17.0, 32.0, 31.153846153846153)","(5.0, 6.8, 6.278947368421052)","(3.4, 3.95, 3.85625)","(6.0, 8.2, 7.290909090909091)","(17.0, 95.0, 74.0)"
16-12-2022 09:54:16.605341,"(3.5, 4.4, 3.9546875)","(6.0, 8.0, 7.619047619047619)","(21.0, 140.0, 68.0)","(17.0, 32.0, 31.153846153846153)","(5.0, 6.8, 6.278947368421052)","(3.4, 3.95, 3.85625)","(6.0, 8.2, 7.290909090909091)","(17.0, 110.0, 74.0)"
16-12-2022 09:54:17.795067,"(3.5, 4.4, 3.9250000000000003)","(6.0, 8.0, 7.619047619047619)","(21.0, 140.0, 91.05882352941177)","(17.0, 32.0, 31.153846153846153)","(5.0, 6.8, 6.278947368421052)","(3.4, 3.95, 3.85625)","(6.0, 8.2, 7.290909090909091)","(17.0, 110.0, 74.0)"
16-12-2022 09:54:19.073876,"(3.5, 4.4, 3.9250000000000003)","(6.0, 8.0, 7.619047619047619)","(21.0, 140.0, 91.05882352941177)","(17.0, 32.0, 31.153846153846153)","(5.0, 6.8, 6.278947368421052)","(3.4, 3.95, 3.85625)","(6.0, 8.2, 7.290909090909091)","(17.0, 110.0, 74.0)"
16-12-2022 09:54:20.244439,"(3.5, 4.4, 3.9250000000000003)","(6.0, 8.0, 7.619047619047619)","(21.0, 140.0, 91.05882352941177)","(17.0, 32.0, 31.153846153846153)","(5.0, 6.8, 6.278947368421052)","(3.4, 3.95, 3.85625)","(6.0, 8.2, 7.3304347826086955)","(17.0, 110.0, 74.0)"
16-12-2022 09:54:21.409439,"(3.5, 4.4, 3.9250000000000003)","(6.0, 8.0, 7.619047619047619)","(21.0, 140.0, 102.18181818181819)","(17.0, 32.0, 31.153846153846153)","(5.0, 6.8, 6.278947368421052)","(3.4, 3.95, 3.85625)","(6.0, 8.2, 7.3304347826086955)","(17.0, 110.0, 74.0)"
16-12-2022 09:54:22.765426,"(3.5, 4.4, 3.9250000000000003)","(6.0, 8.0, 7.619047619047619)","(21.0, 140.0, 102.18181818181819)","(17.0, 32.0, 31.153846153846153)","(5.0, 6.8, 6.2625)","(3.4, 3.95, 3.85625)","(6.0, 8.2, 7.128571428571428)","(17.0, 110.0, 74.0)"
16-12-2022 09:54:24.029658,"(3.5, 4.4, 3.9250000000000003)","(6.0, 8.0, 7.619047619047619)","(21.0, 140.0, 102.18181818181819)","(17.0, 32.0, 30.333333333333336)","(5.0, 6.6, 6.2625)","(3.4, 3.95, 3.896428571428572)","(6.0, 8.2, 7.128571428571428)","(17.0, 110.0, 45.5)"
16-12-2022 09:54:25.256138,"(3.5, 4.3, 4.115384615384615)","(6.0, 8.0, 7.619047619047619)","(21.0, 140.0, 100.38095238095238)","(17.0, 32.0, 30.333333333333336)","(5.0, 6.6, 6.2625)","(3.4, 3.95, 3.896428571428572)","(6.0, 8.2, 7.128571428571428)","(17.0, 110.0, 54.714285714285715)"
16-12-2022 09:54:26.606568,"(3.5, 4.3, 3.892857142857143)","(6.0, 8.0, 7.619047619047619)","(21.0, 140.0, 100.38095238095238)","(17.0, 32.0, 31.09090909090909)","(5.0, 6.6, 6.2625)","(3.4, 3.95, 3.896428571428572)","(6.0, 8.2, 7.128571428571428)","(17.0, 110.0, 54.714285714285715)"
16-12-2022 09:54:28.104776,"(3.5, 4.3, 3.892857142857143)","(6.0, 8.0, 7.619047619047619)","(21.0, 140.0, 100.38095238095238)","(17.0, 32.0, 31.09090909090909)","(5.0, 6.6, 6.2625)","(3.4, 3.95, 3.896428571428572)","(6.0, 8.2, 7.5)","(17.0, 110.0, 54.714285714285715)"
16-12-2022 09:54:29.316731,"(3.5, 4.3, 3.892857142857143)","(6.0, 8.0, 7.428571428571429)","(21.0, 140.0, 100.38095238095238)","(17.0, 32.0, 31.09090909090909)","(5.0, 6.6, 6.2625)","(3.4, 3.95, 3.896428571428572)","(6.0, 8.0, 7.5)","(17.0, 110.0, 54.714285714285715)"
16-12-2022 09:54:30.577006,"(3.5, 4.3, 3.8636363636363638)","(6.0, 8.0, 7.428571428571429)","(21.0, 140.0, 100.38095238095238)","(17.0, 32.0, 31.09090909090909)","(5.0, 6.6, 6.2625)","(3.4, 3.95, 3.896428571428572)","(6.0, 8.0, 7.5)","(17.0, 110.0, 69.26315789473685)"
16-12-2022 09:54:31.777797,"(3.5, 4.3, 3.8636363636363638)","(5.5, 8.0, 7.428571428571429)","(21.0, 140.0, 67.27272727272728)","(19.0, 32.0, 31.09090909090909)","(5.0, 6.6, 6.2625)","(3.4, 3.95, 3.896428571428572)","(6.0, 8.0, 7.217391304347826)","(17.0, 110.0, 69.26315789473685)"
16-12-2022 09:54:32.980052,"(3.5, 4.3, 3.8636363636363638)","(5.5, 8.0, 7.428571428571429)","(21.0, 140.0, 73.33333333333334)","(19.0, 32.0, 31.09090909090909)","(5.0, 6.6, 6.2625)","(3.4, 3.95, 3.896428571428572)","(6.0, 8.0, 7.217391304347826)","(17.0, 110.0, 77.75)"
16-12-2022 09:54:34.153707,"(3.5, 4.3, 3.8636363636363638)","(5.5, 8.0, 7.428571428571429)","(21.0, 140.0, 73.33333333333334)","(19.0, 32.0, 31.09090909090909)","(5.0, 6.6, 6.2625)","(3.4, 3.95, 3.896428571428572)","(6.0, 8.0, 7.5)","(17.0, 110.0, 77.75)"
16-12-2022 09:54:35.320623,"(3.5, 4.3, 3.8636363636363638)","(5.5, 8.6, 7.857142857142857)","(21.0, 140.0, 73.33333333333334)","(19.0, 32.0, 31.09090909090909)","(5.0, 6.6, 6.2625)","(3.4, 3.95, 3.896428571428572)","(6.0, 8.0, 7.5)","(17.0, 110.0, 77.75)"
16-12-2022 09:54:36.496418,"(3.5, 4.3, 3.8636363636363638)","(5.5, 9.2, 8.0)","(21.0, 140.0, 92.94117647058823)","(19.0, 32.0, 30.5)","(5.0, 6.6, 6.2625)","(3.4, 3.95, 3.896428571428572)","(6.0, 8.0, 7.5)","(17.0, 110.0, 58.333333333333336)"
16-12-2022 09:54:37.654481,"(3.5, 4.3, 3.8636363636363638)","(5.5, 9.2, 8.0)","(21.0, 140.0, 92.94117647058823)","(19.0, 32.0, 30.5)","(5.0, 6.6, 6.2625)","(3.4, 3.95, 3.8666666666666667)","(6.0, 8.0, 7.5)","(17.0, 100.0, 108.33333333333333)"
16-12-2022 09:54:38.772576,"(3.5, 4.3, 3.8636363636363638)","(5.5, 9.2, 8.0)","(21.0, 140.0, 92.94117647058823)","(19.0, 32.0, 30.5)","(5.0, 6.6, 6.2625)","(3.4, 3.95, 3.8666666666666667)","(6.0, 8.0, 7.217391304347826)","(17.0, 150.0, 52.85714285714286)"
16-12-2022 09:54:39.942120,"(3.5, 4.3, 3.8636363636363638)","(5.5, 9.2, 8.0)","(21.0, 140.0, 92.94117647058823)","(19.0, 32.0, 30.5)","(5.0, 6.6, 6.2625)","(3.4, 3.95, 3.8666666666666667)","(6.0, 8.0, 7.217391304347826)","(17.0, 120.0, 52.85714285714286)"
16-12-2022 09:54:41.013712,"(3.5, 4.3, 3.8636363636363638)","(5.5, 9.2, 8.0)","(21.0, 140.0, 92.94117647058823)","(19.0, 32.0, 30.5)","(5.0, 6.6, 6.2625)","(3.4, 3.95, 3.8666666666666667)","(6.0, 8.0, 7.217391304347826)","(17.0, 120.0, 41.666666666666664)"
16-12-2022 09:54:42.075438,"(3.5, 4.3, 3.8636363636363638)","(5.5, 9.2, 8.0)","(21.0, 140.0, 101.9047619047619)","(19.0, 32.0, 30.5)","(5.0, 6.6, 6.2625)","(3.4, 3.95, 3.8666666666666667)","(6.0, 8.0, 7.217391304347826)","(17.0, 120.0, 41.666666666666664)"
16-12-2022 09:54:43.157104,"(3.5, 4.3, 3.8636363636363638)","(5.5, 9.2, 8.0)","(21.0, 140.0, 101.9047619047619)","(19.0, 32.0, 31.18181818181818)","(5.0, 6.6, 6.2625)","(3.4, 3.95, 3.8666666666666667)","(6.0, 8.0, 7.217391304347826)","(17.0, 120.0, 41.666666666666664)"
16-12-2022 09:54:44.156022,"(3.5, 4.3, 3.8636363636363638)","(5.5, 9.2, 8.0)","(21.0, 140.0, 87.73333333333333)","(19.0, 32.0, 31.18181818181818)","(5.0, 6.6, 6.2625)","(3.4, 3.95, 3.8666666666666667)","(6.0, 8.0, 7.217391304347826)","(17.0, 120.0, 41.666666666666664)"
16-12-2022 09:54:45.598029,"(3.5, 4.3, 3.8636363636363638)","(5.5, 9.2, 8.0)","(21.0, 140.0, 100.80000000000001)","(19.0, 32.0, 31.18181818181818)","(5.0, 6.6, 6.2625)","(3.4, 3.95, 3.8666666666666667)","(6.0, 8.0, 7.217391304347826)","(17.0, 120.0, 77.27272727272727)"
16-12-2022 09:54:46.905339,"(3.5, 4.3, 3.8636363636363638)","(5.5, 9.2, 8.0)","(21.0, 140.0, 100.80000000000001)","(19.0, 32.0, 31.18181818181818)","(5.0, 6.6, 6.2625)","(3.4, 3.95, 3.8666666666666667)","(6.0, 8.0, 7.217391304347826)","(17.0, 120.0, 77.27272727272727)"
16-12-2022 09:54:48.104734,"(3.5, 4.3, 3.8636363636363638)","(5.5, 9.2, 8.0)","(21.0, 140.0, 100.80000000000001)","(19.0, 32.0, 29.5)","(5.0, 6.6, 6.2625)","(3.4, 3.95, 3.8666666666666667)","(6.0, 8.0, 7.217391304347826)","(17.0, 120.0, 77.27272727272727)"
16-12-2022 09:54:49.242986,"(3.5, 4.3, 3.8636363636363638)","(5.5, 9.2, 8.0)","(21.0, 140.0, 100.80000000000001)","(19.0, 32.0, 29.5)","(5.0, 6.6, 6.2)","(3.4, 3.95, 3.896428571428572)","(6.0, 8.0, 7.217391304347826)","(17.0, 120.0, 90.625)"
16-12-2022 09:54:50.293930,"(3.5, 4.3, 3.8636363636363638)","(5.5, 9.2, 8.0)","(21.0, 140.0, 100.80000000000001)","(19.0, 32.0, 29.5)","(5.0, 6.4, 6.2)","(3.4, 3.95, 3.896428571428572)","(6.0, 8.0, 7.217391304347826)","(17.0, 120.0, 61.875)"
16-12-2022 09:54:51.372077,"(3.5, 4.3, 3.8636363636363638)","(5.5, 9.2, 8.0)","(21.0, 140.0, 100.80000000000001)","(19.0, 32.0, 29.5)","(5.0, 6.4, 6.2)","(3.4, 3.95, 3.896428571428572)","(6.0, 8.0, 7.217391304347826)","(17.0, 120.0, 68.33333333333334)"
16-12-2022 09:54:52.656928,"(3.5, 4.3, 3.8636363636363638)","(5.0, 8.8, 8.0)","(26.0, 140.0, 70.18181818181819)","(19.0, 32.0, 29.1)","(5.0, 6.4, 6.2)","(3.4, 3.95, 3.8666666666666667)","(6.0, 8.0, 7.217391304347826)","(18.0, 120.0, 55.61538461538461)"
16-12-2022 09:54:53.899070,"(3.5, 4.3, 3.8636363636363638)","(5.0, 8.8, 8.0)","(26.0, 140.0, 92.0)","(19.0, 32.0, 27.5)","(5.0, 6.4, 6.2)","(3.4, 3.95, 3.85625)","(6.0, 8.0, 6.875)","(18.0, 120.0, 55.61538461538461)"
16-12-2022 09:54:55.161819,"(3.5, 4.3, 3.817241379310345)","(5.0, 8.8, 7.555555555555555)","(26.0, 140.0, 92.0)","(19.0, 32.0, 27.5)","(5.0, 6.4, 6.2)","(3.4, 3.95, 3.7076923076923074)","(6.0, 8.0, 6.875)","(18.0, 120.0, 55.61538461538461)"
16-12-2022 09:54:56.379210,"(3.5, 4.3, 3.817241379310345)","(5.0, 8.8, 7.555555555555555)","(26.0, 140.0, 133.84615384615384)","(19.0, 32.0, 27.5)","(5.5, 6.4, 6.2)","(3.4, 3.9, 3.7076923076923074)","(6.0, 8.0, 6.875)","(18.0, 120.0, 64.2)"
16-12-2022 09:54:57.598859,"(3.5, 4.2, 4.035)","(5.0, 8.8, 7.555555555555555)","(26.0, 190.0, 133.84615384615384)","(19.0, 32.0, 27.5)","(5.5, 6.4, 6.2)","(3.4, 3.9, 3.7076923076923074)","(6.0, 8.0, 6.875)","(18.0, 120.0, 64.2)"
16-12-2022 09:54:58.713555,"(3.5, 4.2, 3.798076923076923)","(5.0, 8.8, 7.555555555555555)","(26.0, 190.0, 213.86666666666667)","(19.0, 32.0, 27.5)","(5.5, 6.4, 6.2)","(3.4, 3.9, 3.7076923076923074)","(6.0, 8.0, 7.333333333333334)","(18.0, 120.0, 64.2)"
16-12-2022 09:54:59.782912,"(3.5, 4.2, 3.798076923076923)","(5.0, 8.8, 7.555555555555555)","(26.0, 240.0, 213.86666666666667)","(19.0, 32.0, 27.5)","(5.5, 6.4, 6.2)","(3.4, 3.9, 3.7076923076923074)","(6.0, 8.0, 7.333333333333334)","(18.0, 120.0, 78.15)"
16-12-2022 09:55:00.842227,"(3.5, 4.2, 3.798076923076923)","(5.0, 8.8, 7.555555555555555)","(26.0, 240.0, 207.33333333333331)","(19.0, 32.0, 27.5)","(5.5, 6.4, 6.2)","(3.4, 3.9, 3.7888888888888888)","(6.0, 8.0, 7.333333333333334)","(18.0, 120.0, 56.30769230769231)"
16-12-2022 09:55:01.923501,"(3.5, 4.2, 3.798076923076923)","(5.0, 8.8, 7.555555555555555)","(26.0, 230.0, 176.85714285714286)","(19.0, 32.0, 27.5)","(5.5, 6.4, 6.2)","(3.4, 3.9, 3.7888888888888888)","(6.0, 8.0, 7.333333333333334)","(18.0, 120.0, 56.30769230769231)"
16-12-2022 09:55:02.981805,"(3.5, 4.2, 3.798076923076923)","(5.0, 8.8, 7.555555555555555)","(26.0, 230.0, 176.85714285714286)","(19.0, 32.0, 27.5)","(5.5, 6.4, 6.2)","(3.4, 3.9, 3.7888888888888888)","(6.0, 8.0, 7.333333333333334)","(18.0, 120.0, 56.30769230769231)"
16-12-2022 09:55:04.217927,"(3.5, 4.2, 3.7741935483870965)","(5.0, 8.8, 7.555555555555555)","(26.0, 230.0, 176.85714285714286)","(19.0, 32.0, 27.5)","(5.5, 6.4, 6.2)","(3.4, 3.9, 3.7888888888888888)","(6.0, 8.0, 7.333333333333334)","(18.0, 120.0, 74.0)"
16-12-2022 09:55:05.539357,"(3.5, 4.2, 3.7741935483870965)","(5.0, 8.8, 7.555555555555555)","(26.0, 230.0, 176.85714285714286)","(19.0, 32.0, 27.5)","(5.5, 6.4, 6.2)","(3.4, 3.9, 3.8166666666666664)","(6.0, 8.0, 7.333333333333334)","(18.0, 120.0, 74.0)"
16-12-2022 09:55:06.676992,"(3.5, 4.2, 3.7741935483870965)","(5.0, 8.8, 7.555555555555555)","(26.0, 230.0, 176.85714285714286)","(19.0, 32.0, 27.5)","(5.5, 6.4, 6.2)","(3.4, 3.9, 3.8166666666666664)","(6.0, 8.0, 7.333333333333334)","(18.0, 120.0, 74.0)"
16-12-2022 09:55:07.797670,"(3.5, 4.2, 3.7741935483870965)","(5.0, 8.8, 7.555555555555555)","(26.0, 230.0, 176.85714285714286)","(19.0, 32.0, 18.761904761904763)","(5.5, 6.4, 6.2)","(3.4, 3.9, 3.8166666666666664)","(6.0, 8.0, 7.388235294117647)","(18.0, 120.0, 71.8235294117647)"
16-12-2022 09:55:08.838304,"(3.5, 4.2, 3.7741935483870965)","(5.0, 8.8, 7.066666666666667)","(26.0, 230.0, 176.85714285714286)","(19.0, 24.0, 19.416666666666668)","(5.5, 6.4, 6.2)","(3.4, 3.9, 3.8166666666666664)","(6.0, 7.6, 7.388235294117647)","(18.0, 120.0, 71.8235294117647)"
16-12-2022 09:55:10.260600,"(3.5, 4.2, 3.7741935483870965)","(5.0, 8.8, 7.066666666666667)","(26.0, 230.0, 176.85714285714286)","(19.0, 24.0, 19.517241379310345)","(5.5, 6.4, 6.2)","(3.4, 3.9, 3.8166666666666664)","(6.0, 7.6, 7.388235294117647)","(18.0, 120.0, 71.8235294117647)"
16-12-2022 09:55:11.663905,"(3.5, 4.2, 3.7741935483870965)","(5.0, 8.8, 7.2)","(26.0, 230.0, 149.45454545454544)","(19.0, 24.0, 21.333333333333332)","(5.5, 6.4, 6.3500000000000005)","(3.4, 3.9, 3.8166666666666664)","(6.0, 7.6, 7.163636363636364)","(18.0, 120.0, 77.57894736842105)"
16-12-2022 09:55:12.904044,"(3.5, 4.2, 4.077551020408164)","(5.0, 8.8, 7.2)","(26.0, 160.0, 149.45454545454544)","(19.0, 24.0, 22.857142857142858)","(5.5, 6.4, 6.3500000000000005)","(3.4, 3.9, 3.8166666666666664)","(6.0, 7.6, 7.163636363636364)","(18.0, 100.0, 77.57894736842105)"
16-12-2022 09:55:14.006103,"(3.5, 4.2, 4.077551020408164)","(5.0, 8.8, 7.2)","(26.0, 160.0, 149.45454545454544)","(19.0, 24.0, 22.857142857142858)","(5.5, 6.4, 6.3500000000000005)","(3.4, 3.9, 3.8166666666666664)","(6.0, 7.6, 7.163636363636364)","(18.0, 100.0, 77.57894736842105)"
16-12-2022 09:55:15.110020,"(3.5, 4.2, 4.077551020408164)","(5.0, 8.8, 7.2)","(26.0, 160.0, 149.45454545454544)","(19.0, 24.0, 22.857142857142858)","(5.5, 6.4, 6.3500000000000005)","(3.4, 3.9, 3.8166666666666664)","(6.0, 7.6, 6.778947368421052)","(18.0, 100.0, 82.25)"
16-12-2022 09:55:16.474274,"(3.5, 4.2, 4.077551020408164)","(5.0, 8.8, 7.2)","(26.0, 160.0, 149.45454545454544)","(19.0, 24.0, 22.857142857142858)","(5.5, 6.4, 6.3500000000000005)","(3.4, 3.9, 3.8166666666666664)","(6.0, 7.6, 6.778947368421052)","(18.0, 100.0, 82.25)"
16-12-2022 09:55:17.772028,"(3.5, 4.2, 4.077551020408164)","(5.0, 8.8, 7.2)","(26.0, 160.0, 149.45454545454544)","(18.0, 24.0, 22.857142857142858)","(5.5, 6.4, 6.3500000000000005)","(3.4, 3.9, 3.8166666666666664)","(6.0, 7.6, 6.778947368421052)","(18.0, 100.0, 91.42857142857143)"
16-12-2022 09:55:18.923896,"(3.5, 4.2, 3.8625)","(5.0, 8.8, 7.2)","(26.0, 160.0, 149.45454545454544)","(18.0, 24.0, 22.857142857142858)","(5.5, 6.4, 6.3500000000000005)","(3.4, 3.9, 3.8166666666666664)","(6.0, 7.6, 6.778947368421052)","(18.0, 100.0, 93.68421052631578)"
16-12-2022 09:55:20.107844,"(3.5, 4.2, 3.8625)","(5.0, 8.6, 7.133333333333334)","(26.0, 160.0, 149.45454545454544)","(18.0, 24.0, 22.857142857142858)","(5.5, 6.4, 6.3500000000000005)","(3.4, 3.9, 3.81)","(6.0, 7.6, 6.778947368421052)","(18.0, 100.0, 93.68421052631578)"
16-12-2022 09:55:21.330997,"(3.5, 4.2, 3.8625)","(5.0, 8.6, 7.133333333333334)","(26.0, 160.0, 145.75)","(18.0, 24.0, 22.857142857142858)","(5.5, 6.4, 6.290909090909091)","(3.4, 3.85, 3.81)","(6.0, 7.6, 6.21875)","(18.0, 100.0, 93.68421052631578)"
16-12-2022 09:55:22.464845,"(3.5, 4.2, 3.8625)","(5.0, 8.6, 7.133333333333334)","(26.0, 160.0, 147.55555555555554)","(18.0, 24.0, 22.857142857142858)","(5.5, 6.4, 6.290909090909091)","(3.4, 3.85, 3.81)","(6.0, 7.6, 6.21875)","(18.0, 100.0, 84.34782608695653)"
16-12-2022 09:55:23.681138,"(3.5, 4.2, 3.8625)","(5.0, 8.6, 7.133333333333334)","(26.0, 160.0, 147.55555555555554)","(18.0, 24.0, 22.857142857142858)","(5.5, 6.4, 6.290909090909091)","(3.4, 3.85, 3.81)","(6.0, 7.6, 6.21875)","(21.0, 100.0, 84.34782608695653)"
16-12-2022 09:55:24.750455,"(3.5, 4.2, 3.8625)","(5.0, 8.6, 7.133333333333334)","(26.0, 160.0, 147.55555555555554)","(18.0, 24.0, 21.176470588235293)","(5.5, 6.4, 6.311111111111112)","(3.4, 3.85, 3.81)","(6.0, 7.6, 6.21875)","(21.0, 100.0, 84.34782608695653)"
16-12-2022 09:55:25.823682,"(3.5, 4.2, 3.8625)","(5.0, 8.6, 7.133333333333334)","(26.0, 160.0, 189.14285714285714)","(18.0, 24.0, 19.448275862068964)","(5.5, 6.4, 6.311111111111112)","(3.4, 3.85, 3.81)","(6.0, 7.6, 6.21875)","(21.0, 100.0, 90.76923076923077)"
16-12-2022 09:55:26.917674,"(3.5, 4.2, 3.8625)","(5.0, 8.6, 6.84)","(26.0, 200.0, 189.14285714285714)","(18.0, 24.0, 19.11111111111111)","(5.5, 6.4, 6.311111111111112)","(3.4, 3.85, 3.81)","(6.0, 7.6, 6.21875)","(21.0, 100.0, 90.76923076923077)"
16-12-2022 09:55:28.026583,"(3.5, 4.2, 3.8625)","(5.0, 8.6, 6.84)","(26.0, 230.0, 187.17647058823528)","(18.0, 24.0, 20.891304347826086)","(5.5, 6.4, 6.285714285714286)","(3.4, 3.85, 3.8071428571428574)","(6.0, 7.6, 7.288)","(21.0, 100.0, 95.0)"
16-12-2022 09:55:29.173914,"(3.5, 4.2, 4.077551020408164)","(5.0, 8.6, 7.133333333333334)","(26.0, 160.0, 152.0)","(18.0, 24.0, 21.73913043478261)","(5.5, 6.4, 6.285714285714286)","(3.4, 3.85, 3.8071428571428574)","(6.0, 7.6, 7.222222222222222)","(21.0, 100.0, 95.0)"
16-12-2022 09:55:30.345009,"(3.5, 4.2, 4.077551020408164)","(5.0, 8.6, 7.0)","(26.0, 160.0, 152.0)","(18.0, 24.0, 21.73913043478261)","(5.5, 6.4, 6.233333333333333)","(3.4, 3.85, 3.8071428571428574)","(6.0, 7.4, 7.222222222222222)","(21.0, 100.0, 95.0)"
16-12-2022 09:55:31.529746,"(3.5, 4.2, 4.077551020408164)","(5.0, 8.6, 7.0)","(26.0, 160.0, 152.0)","(18.0, 24.0, 21.73913043478261)","(5.5, 6.4, 6.294736842105263)","(3.4, 3.85, 3.8071428571428574)","(6.0, 7.4, 7.222222222222222)","(21.0, 100.0, 95.0)"
16-12-2022 09:55:32.636465,"(3.5, 4.2, 4.077551020408164)","(5.0, 8.6, 7.0)","(26.0, 160.0, 152.0)","(18.0, 24.0, 21.73913043478261)","(5.5, 6.4, 6.294736842105263)","(3.4, 3.85, 3.8071428571428574)","(6.0, 7.4, 7.222222222222222)","(21.0, 100.0, 87.14285714285714)"
16-12-2022 09:55:33.798676,"(3.5, 4.2, 4.077551020408164)","(5.0, 8.6, 7.0)","(26.0, 160.0, 152.0)","(18.0, 24.0, 21.73913043478261)","(5.5, 6.4, 6.316666666666667)","(3.4, 3.85, 3.8071428571428574)","(6.0, 7.4, 7.222222222222222)","(21.0, 100.0, 87.14285714285714)"
16-12-2022 09:55:35.093596,"(3.5, 4.2, 4.077551020408164)","(5.0, 8.6, 7.0)","(26.0, 160.0, 152.0)","(18.0, 24.0, 21.73913043478261)","(5.5, 6.4, 6.316666666666667)","(3.4, 3.85, 3.8071428571428574)","(6.0, 7.4, 7.288)","(21.0, 100.0, 87.14285714285714)"
16-12-2022 09:55:36.292052,"(3.5, 4.2, 4.077551020408164)","(5.0, 8.6, 7.133333333333334)","(26.0, 160.0, 152.0)","(18.0, 24.0, 21.73913043478261)","(5.5, 6.4, 6.331034482758621)","(3.4, 3.85, 3.7714285714285714)","(6.0, 7.6, 7.1647058823529415)","(21.0, 100.0, 87.14285714285714)"
16-12-2022 09:55:37.550019,"(3.5, 6.6, 4.957142857142857)","(5.0, 8.6, 8.133333333333333)","(26.0, 160.0, 152.0)","(18.0, 24.0, 21.73913043478261)","(5.5, 6.4, 6.303225806451613)","(3.4, 3.85, 3.7910714285714286)","(6.0, 7.4, 7.103703703703704)","(21.0, 100.0, 87.14285714285714)"
16-12-2022 09:55:38.594960,"(3.5, 6.4, 5.294736842105263)","(5.0, 8.4, 8.133333333333333)","(26.0, 160.0, 198.42857142857142)","(18.0, 24.0, 19.775)","(5.5, 6.4, 6.066666666666667)","(3.4, 3.85, 3.723076923076923)","(6.0, 7.4, 6.844444444444445)","(21.0, 100.0, 110.96774193548387)"
16-12-2022 09:55:39.584395,"(3.5, 7.0, 6.73)","(5.0, 8.4, 7.929411764705883)","(26.0, 210.0, 198.42857142857142)","(18.0, 24.0, 19.775)","(5.5, 6.4, 6.066666666666667)","(3.4, 3.85, 3.723076923076923)","(6.0, 7.4, 6.844444444444445)","(21.0, 140.0, 110.96774193548387)"
16-12-2022 09:55:40.585600,"(3.5, 7.0, 6.73)","(5.0, 8.4, 7.7)","(26.0, 210.0, 198.42857142857142)","(18.0, 24.0, 19.125)","(5.5, 6.4, 6.066666666666667)","(3.4, 3.85, 3.6928571428571426)","(6.0, 7.4, 6.6)","(21.0, 140.0, 95.0)"
16-12-2022 09:55:41.616530,"(3.5, 7.2, 5.3875)","(4.8, 8.2, 7.862499999999999)","(31.0, 160.0, 152.0)","(19.0, 24.0, 21.291666666666668)","(5.5, 6.4, 6.066666666666667)","(3.4, 3.85, 3.7342105263157896)","(6.5, 7.4, 6.807407407407408)","(21.0, 100.0, 95.0)"
16-12-2022 09:55:42.631016,"(3.5, 7.2, 5.3875)","(4.8, 8.4, 7.561290322580645)","(31.0, 160.0, 152.0)","(19.0, 24.0, 21.291666666666668)","(5.5, 6.4, 6.066666666666667)","(3.4, 3.85, 3.6928571428571426)","(6.5, 7.4, 6.807407407407408)","(21.0, 100.0, 95.0)"
16-12-2022 09:55:43.631136,"(3.5, 7.2, 5.3875)","(4.8, 8.4, 7.561290322580645)","(31.0, 160.0, 152.0)","(19.0, 24.0, 21.291666666666668)","(5.5, 6.4, 6.066666666666667)","(3.4, 3.85, 3.7342105263157896)","(6.5, 7.4, 6.807407407407408)","(21.0, 100.0, 95.0)"
16-12-2022 09:55:44.768924,"(3.6, 7.2, 5.3875)","(5.0, 8.4, 7.677777777777778)","(31.0, 160.0, 152.0)","(18.0, 24.0, 21.291666666666668)","(5.5, 6.4, 6.066666666666667)","(3.4, 3.85, 3.6928571428571426)","(6.5, 7.4, 6.807407407407408)","(21.0, 100.0, 95.0)"
16-12-2022 09:55:45.817309,"(3.6, 7.2, 5.3875)","(5.0, 8.4, 6.9375)","(31.0, 160.0, 152.0)","(19.0, 24.0, 22.92857142857143)","(5.5, 6.4, 6.066666666666667)","(3.4, 3.85, 3.7543478260869563)","(6.5, 7.4, 6.7)","(21.0, 100.0, 87.14285714285714)"
16-12-2022 09:55:46.853946,"(3.6, 6.8, 5.583783783783783)","(5.0, 8.4, 7.336363636363636)","(31.0, 160.0, 152.0)","(19.0, 24.0, 22.92857142857143)","(5.5, 6.4, 6.092307692307693)","(3.4, 3.8, 3.746)","(6.5, 7.4, 6.7)","(21.0, 100.0, 87.14285714285714)"
16-12-2022 09:55:47.900179,"(3.6, 6.4, 5.777777777777778)","(5.0, 8.4, 7.336363636363636)","(31.0, 160.0, 152.0)","(19.0, 24.0, 22.92857142857143)","(5.5, 6.4, 6.092307692307693)","(3.4, 3.8, 3.73)","(6.5, 7.4, 6.768421052631579)","(21.0, 100.0, 87.14285714285714)"
16-12-2022 09:55:48.895095,"(3.6, 6.0, 5.433333333333334)","(5.0, 8.4, 7.336363636363636)","(31.0, 160.0, 152.0)","(19.0, 24.0, 22.92857142857143)","(5.5, 6.4, 6.092307692307693)","(3.4, 3.75, 3.74)","(6.5, 7.4, 6.92)","(21.0, 100.0, 87.14285714285714)"
16-12-2022 09:55:49.863139,"(3.6, 6.0, 5.271428571428571)","(5.0, 8.4, 7.533333333333333)","(31.0, 160.0, 152.0)","(19.0, 24.0, 22.92857142857143)","(5.5, 6.4, 6.092307692307693)","(3.4, 3.75, 3.74)","(6.5, 7.4, 6.92)","(21.0, 100.0, 87.14285714285714)"
16-12-2022 09:55:50.837626,"(3.6, 5.8, 5.254545454545454)","(5.0, 8.2, 7.778947368421052)","(31.0, 160.0, 147.77777777777777)","(19.0, 24.0, 22.92857142857143)","(5.5, 6.4, 6.22608695652174)","(3.4, 3.75, 3.74)","(6.5, 7.4, 6.9714285714285715)","(21.0, 100.0, 87.14285714285714)"
16-12-2022 09:55:51.793266,"(3.6, 5.7, 5.28)","(5.0, 8.2, 7.59047619047619)","(31.0, 160.0, 147.77777777777777)","(18.0, 24.0, 22.92857142857143)","(5.5, 6.4, 6.22608695652174)","(3.4, 3.75, 3.73)","(6.0, 7.4, 7.036363636363637)","(21.0, 100.0, 87.14285714285714)"
16-12-2022 09:55:52.756041,"(3.6, 5.7, 4.859999999999999)","(5.0, 8.0, 7.1)","(31.0, 160.0, 147.77777777777777)","(18.0, 24.0, 22.4375)","(5.5, 6.4, 6.22608695652174)","(3.4, 3.75, 3.73)","(6.0, 7.4, 7.036363636363637)","(21.0, 100.0, 95.0)"
16-12-2022 09:55:53.717294,"(3.6, 5.5, 5.0)","(5.0, 8.0, 7.1)","(31.0, 160.0, 123.33333333333333)","(18.0, 24.0, 21.5)","(5.5, 6.4, 6.22608695652174)","(3.4, 3.75, 3.73)","(6.0, 7.4, 7.036363636363637)","(21.0, 100.0, 95.0)"
16-12-2022 09:55:54.669326,"(3.6, 5.3, 4.9363636363636365)","(5.0, 8.0, 7.1)","(31.0, 160.0, 123.33333333333333)","(18.0, 24.0, 21.5)","(5.5, 6.4, 6.08)","(3.4, 3.75, 3.73)","(6.0, 7.4, 7.036363636363637)","(21.0, 100.0, 95.0)"
16-12-2022 09:55:55.667947,"(3.6, 5.2, 5.041176470588235)","(5.0, 8.0, 7.1)","(31.0, 160.0, 123.33333333333333)","(18.0, 24.0, 21.5)","(5.5, 6.6, 6.2)","(3.4, 3.75, 3.74)","(6.0, 7.4, 7.036363636363637)","(21.0, 100.0, 95.0)"
16-12-2022 09:55:56.610136,"(3.6, 5.0, 4.9125)","(5.0, 6.8, 6.246153846153846)","(31.0, 160.0, 146.25)","(18.0, 24.0, 21.5)","(5.5, 6.6, 6.2)","(3.4, 3.75, 3.73)","(6.0, 7.4, 7.036363636363637)","(21.0, 100.0, 95.0)"
16-12-2022 09:55:57.561351,"(3.6, 5.2, 5.140000000000001)","(5.0, 6.8, 6.2)","(31.0, 160.0, 146.25)","(18.0, 24.0, 22.071428571428573)","(5.5, 6.6, 6.2)","(3.4, 3.75, 3.73)","(6.0, 7.4, 6.988571428571428)","(21.0, 100.0, 90.41666666666666)"
16-12-2022 09:55:58.492921,"(3.6, 6.8, 5.466666666666667)","(5.0, 6.8, 6.2)","(31.0, 150.0, 120.58823529411765)","(18.0, 24.0, 22.071428571428573)","(5.5, 6.6, 6.2)","(3.4, 3.75, 3.594444444444444)","(6.0, 7.4, 6.988571428571428)","(21.0, 95.0, 90.41666666666666)"
16-12-2022 09:55:59.439351,"(3.6, 6.6, 5.564705882352941)","(5.0, 6.8, 6.2)","(31.0, 150.0, 120.58823529411765)","(18.0, 24.0, 22.071428571428573)","(5.5, 6.6, 6.2)","(3.4, 3.75, 3.683333333333333)","(6.0, 7.4, 6.988571428571428)","(21.0, 95.0, 90.41666666666666)"
16-12-2022 09:56:00.410034,"(3.6, 6.4, 5.363636363636363)","(5.0, 6.8, 6.2)","(31.0, 150.0, 120.58823529411765)","(18.0, 24.0, 22.071428571428573)","(5.5, 6.6, 6.317647058823529)","(3.4, 3.75, 3.683333333333333)","(6.0, 7.4, 6.988571428571428)","(21.0, 95.0, 90.41666666666666)"
16-12-2022 09:56:01.373297,"(3.6, 6.4, 5.363636363636363)","(5.0, 6.8, 6.266666666666667)","(31.0, 150.0, 120.58823529411765)","(18.0, 24.0, 22.071428571428573)","(5.5, 6.6, 6.317647058823529)","(3.4, 3.75, 3.704838709677419)","(6.0, 7.4, 6.878260869565218)","(21.0, 95.0, 90.41666666666666)"
16-12-2022 09:56:02.326918,"(3.6, 6.4, 5.190909090909091)","(5.0, 6.8, 6.376470588235295)","(31.0, 150.0, 120.58823529411765)","(18.0, 24.0, 22.071428571428573)","(5.5, 6.6, 6.3999999999999995)","(3.4, 3.75, 3.704838709677419)","(6.0, 7.4, 6.714285714285714)","(21.0, 95.0, 90.41666666666666)"
16-12-2022 09:56:03.303559,"(3.6, 6.0, 5.3478260869565215)","(5.0, 6.8, 6.376470588235295)","(31.0, 150.0, 90.625)","(18.0, 24.0, 22.071428571428573)","(5.5, 6.6, 6.3999999999999995)","(3.4, 3.75, 3.6441176470588235)","(6.0, 7.4, 7.030769230769231)","(21.0, 95.0, 90.41666666666666)"
16-12-2022 09:56:04.253152,"(3.6, 6.0, 4.894736842105263)","(5.0, 6.8, 6.376470588235295)","(31.0, 150.0, 90.625)","(18.0, 24.0, 21.5)","(5.5, 6.6, 6.3999999999999995)","(3.4, 3.75, 3.5999999999999996)","(6.0, 7.4, 7.1)","(21.0, 95.0, 90.41666666666666)"
16-12-2022 09:56:05.183775,"(3.6, 6.0, 5.142857142857143)","(5.0, 6.8, 6.376470588235295)","(31.0, 150.0, 82.14285714285714)","(18.0, 24.0, 22.0)","(5.5, 6.6, 6.3999999999999995)","(3.4, 3.75, 3.6521739130434785)","(6.0, 7.4, 7.1)","(21.0, 95.0, 90.41666666666666)"
16-12-2022 09:56:06.112215,"(3.6, 5.9, 5.0675675675675675)","(5.0, 6.8, 6.376470588235295)","(31.0, 150.0, 70.83333333333333)","(18.0, 24.0, 21.25)","(5.5, 6.6, 6.3999999999999995)","(3.4, 3.75, 3.609375)","(6.0, 7.4, 7.1)","(21.0, 95.0, 125.16129032258064)"
16-12-2022 09:56:07.054899,"(3.6, 5.8, 5.291304347826086)","(5.0, 6.8, 6.376470588235295)","(31.0, 280.0, 178.75)","(18.0, 24.0, 21.25)","(5.5, 6.6, 6.3999999999999995)","(3.4, 3.75, 3.609375)","(6.0, 7.4, 7.1)","(21.0, 160.0, 95.0)"
16-12-2022 09:56:08.057490,"(3.6, 5.7, 5.319512195121951)","(5.0, 6.8, 6.376470588235295)","(31.0, 200.0, 187.91666666666669)","(18.0, 24.0, 21.75)","(5.5, 6.6, 6.3999999999999995)","(3.4, 3.75, 3.7098214285714284)","(6.0, 7.4, 7.1)","(21.0, 100.0, 95.0)"
16-12-2022 09:56:09.018598,"(3.6, 5.7, 4.9079999999999995)","(5.0, 5.9, 5.831111111111111)","(31.0, 200.0, 187.91666666666669)","(18.0, 24.0, 23.0)","(5.5, 6.6, 6.4173913043478255)","(3.4, 3.75, 3.6717391304347826)","(6.0, 7.4, 7.1)","(21.0, 100.0, 95.0)"
16-12-2022 09:56:09.991668,"(3.6, 5.6, 5.0210526315789465)","(5.0, 6.8, 5.956666666666667)","(31.0, 200.0, 188.84615384615384)","(18.0, 24.0, 23.0625)","(5.5, 6.6, 6.4173913043478255)","(3.4, 3.75, 3.6717391304347826)","(6.0, 7.4, 7.1)","(21.0, 100.0, 95.0)"
16-12-2022 09:56:10.948492,"(3.6, 5.6, 5.058333333333333)","(5.0, 6.8, 6.13421052631579)","(31.0, 200.0, 188.84615384615384)","(18.0, 24.0, 22.125)","(5.5, 6.6, 6.4173913043478255)","(3.4, 3.75, 3.6717391304347826)","(6.0, 7.4, 7.1)","(21.0, 100.0, 95.0)"
16-12-2022 09:56:11.893961,"(3.6, 5.6, 5.058333333333333)","(5.0, 6.8, 6.13421052631579)","(31.0, 200.0, 188.84615384615384)","(18.0, 24.0, 22.125)","(5.5, 6.6, 6.4173913043478255)","(3.4, 3.75, 3.6717391304347826)","(6.0, 7.4, 7.1658536585365855)","(21.0, 100.0, 87.11111111111111)"
16-12-2022 09:56:12.822830,"(3.7, 5.6, 5.058333333333333)","(5.0, 6.8, 6.13421052631579)","(31.0, 200.0, 188.84615384615384)","(18.0, 24.0, 22.65)","(5.5, 6.6, 6.4173913043478255)","(3.4, 3.75, 3.6717391304347826)","(6.0, 7.4, 7.1658536585365855)","(21.0, 100.0, 87.11111111111111)"
16-12-2022 09:56:13.754939,"(3.7, 5.6, 5.058333333333333)","(5.0, 6.8, 6.13421052631579)","(31.0, 200.0, 188.84615384615384)","(18.0, 24.0, 22.65)","(5.5, 6.6, 6.4173913043478255)","(3.4, 3.75, 3.6717391304347826)","(6.0, 7.4, 7.1658536585365855)","(21.0, 100.0, 77.6)"
16-12-2022 09:56:14.700948,"(3.7, 5.6, 5.058333333333333)","(5.0, 6.8, 6.13421052631579)","(31.0, 200.0, 188.84615384615384)","(18.0, 24.0, 23.0625)","(5.5, 7.0, 6.592592592592593)","(3.4, 3.75, 3.6919354838709677)","(6.0, 7.4, 7.0)","(21.0, 100.0, 83.42857142857143)"
16-12-2022 09:56:15.657549,"(3.7, 5.4, 5.336)","(5.0, 6.8, 6.13421052631579)","(31.0, 200.0, 188.84615384615384)","(18.0, 24.0, 21.5)","(5.5, 7.0, 6.64)","(3.4, 3.75, 3.6919354838709677)","(6.0, 7.4, 7.086956521739131)","(21.0, 100.0, 83.42857142857143)"
16-12-2022 09:56:16.601231,"(3.7, 5.4, 5.038095238095238)","(5.0, 6.8, 6.13421052631579)","(31.0, 200.0, 188.84615384615384)","(18.0, 24.0, 21.5)","(5.5, 7.0, 6.892537313432836)","(3.4, 3.75, 3.6919354838709677)","(6.0, 7.4, 7.086956521739131)","(21.0, 100.0, 90.33333333333333)"
16-12-2022 09:56:17.570105,"(3.7, 5.4, 5.038095238095238)","(5.0, 6.8, 6.13421052631579)","(31.0, 200.0, 188.84615384615384)","(18.0, 24.0, 21.5)","(5.5, 7.0, 6.892537313432836)","(3.4, 3.75, 3.6919354838709677)","(6.0, 7.4, 7.188235294117647)","(21.0, 100.0, 90.66666666666667)"
16-12-2022 09:56:18.517882,"(3.7, 5.3, 4.949999999999999)","(5.0, 6.6, 6.088)","(31.0, 200.0, 188.84615384615384)","(18.0, 24.0, 23.2)","(5.5, 7.0, 6.892537313432836)","(3.4, 3.75, 3.6919354838709677)","(6.0, 7.4, 7.188235294117647)","(21.0, 100.0, 90.66666666666667)"
16-12-2022 09:56:19.479824,"(3.7, 5.2, 5.0181818181818185)","(5.0, 6.4, 6.28)","(31.0, 200.0, 188.84615384615384)","(18.0, 24.0, 22.88888888888889)","(5.5, 7.0, 6.892537313432836)","(3.4, 3.75, 3.6919354838709677)","(6.0, 7.4, 7.3500000000000005)","(21.0, 100.0, 90.66666666666667)"
16-12-2022 09:56:20.466632,"(3.7, 5.2, 4.9365853658536585)","(5.0, 6.4, 6.033333333333333)","(31.0, 200.0, 182.5)","(18.0, 24.0, 22.88888888888889)","(5.5, 7.0, 6.800000000000001)","(3.4, 3.75, 3.6919354838709677)","(6.0, 7.4, 7.3500000000000005)","(21.0, 100.0, 90.33333333333333)"
16-12-2022 09:56:21.443518,"(3.7, 5.2, 4.9365853658536585)","(5.0, 6.4, 6.033333333333333)","(31.0, 200.0, 153.33333333333331)","(18.0, 24.0, 21.5)","(5.5, 7.2, 6.800000000000001)","(3.4, 3.75, 3.6919354838709677)","(6.0, 7.4, 7.3500000000000005)","(21.0, 100.0, 84.0)"
16-12-2022 09:56:22.398199,"(3.7, 5.2, 4.9365853658536585)","(5.0, 6.4, 6.033333333333333)","(31.0, 200.0, 153.33333333333331)","(18.0, 24.0, 21.6)","(5.5, 7.2, 6.800000000000001)","(3.4, 3.75, 3.6919354838709677)","(6.0, 7.4, 7.3500000000000005)","(21.0, 100.0, 89.81818181818181)"
16-12-2022 09:56:23.354622,"(3.7, 5.2, 4.9365853658536585)","(5.0, 6.4, 6.033333333333333)","(31.0, 200.0, 182.5)","(18.0, 24.0, 21.6)","(5.5, 7.2, 6.800000000000001)","(3.4, 3.75, 3.675)","(6.0, 7.4, 7.2)","(21.0, 100.0, 89.81818181818181)"
16-12-2022 09:56:24.309412,"(3.7, 5.2, 4.9365853658536585)","(5.0, 6.4, 6.033333333333333)","(31.0, 200.0, 182.5)","(18.0, 25.0, 24.615384615384617)","(5.5, 7.2, 6.800000000000001)","(3.4, 3.75, 3.675)","(6.0, 7.4, 7.311111111111112)","(21.0, 100.0, 93.0)"
16-12-2022 09:56:25.293597,"(3.7, 5.1, 4.919444444444444)","(5.0, 6.4, 6.1461538461538465)","(31.0, 200.0, 182.5)","(18.0, 25.0, 23.333333333333332)","(5.5, 7.2, 6.800000000000001)","(3.4, 3.75, 3.6947115384615383)","(6.0, 7.4, 7.327272727272727)","(21.0, 100.0, 93.0)"
16-12-2022 09:56:26.321905,"(3.7, 5.1, 4.861363636363636)","(5.0, 6.4, 6.1461538461538465)","(31.0, 200.0, 182.5)","(18.0, 25.0, 23.333333333333332)","(5.5, 7.2, 6.800000000000001)","(3.4, 3.75, 3.699561403508772)","(6.0, 7.4, 7.3500000000000005)","(21.0, 100.0, 84.0)"
16-12-2022 09:56:27.362249,"(3.7, 5.0, 4.8875)","(5.0, 6.4, 6.172413793103448)","(31.0, 60.0, 58.75)","(18.0, 25.0, 21.25)","(5.5, 7.2, 6.888888888888889)","(3.4, 3.75, 3.699561403508772)","(6.0, 7.4, 7.3500000000000005)","(21.0, 95.0, 73.0)"
16-12-2022 09:56:28.342894,"(3.7, 5.0, 4.824390243902439)","(5.0, 6.4, 6.172413793103448)","(31.0, 60.0, 58.75)","(18.0, 25.0, 23.235294117647058)","(5.5, 7.2, 6.888888888888889)","(3.4, 3.75, 3.697247706422018)","(6.0, 7.4, 7.3500000000000005)","(21.0, 95.0, 73.0)"
16-12-2022 09:56:29.363012,"(3.7, 5.0, 4.824390243902439)","(5.0, 6.4, 6.25)","(31.0, 60.0, 58.75)","(18.0, 25.0, 23.235294117647058)","(5.5, 7.2, 7.03030303030303)","(3.4, 3.75, 3.697247706422018)","(6.0, 7.4, 7.3500000000000005)","(21.0, 95.0, 73.0)"
16-12-2022 09:56:30.406303,"(3.7, 5.0, 4.824390243902439)","(5.0, 6.4, 6.2)","(31.0, 60.0, 56.25)","(18.0, 25.0, 23.714285714285715)","(5.5, 7.2, 7.03030303030303)","(3.4, 3.75, 3.614705882352941)","(6.0, 7.4, 7.3500000000000005)","(21.0, 95.0, 73.0)"
16-12-2022 09:56:31.398991,"(3.8, 5.0, 4.824390243902439)","(4.8, 6.4, 6.34)","(31.0, 55.0, 51.08695652173913)","(18.0, 25.0, 23.714285714285715)","(5.5, 7.2, 7.03030303030303)","(3.4, 3.75, 3.614705882352941)","(6.0, 7.4, 7.3500000000000005)","(21.0, 95.0, 73.0)"
16-12-2022 09:56:32.383623,"(3.8, 5.0, 4.824390243902439)","(4.8, 6.4, 6.34)","(31.0, 55.0, 51.08695652173913)","(18.0, 25.0, 23.714285714285715)","(5.5, 7.2, 7.12)","(3.4, 3.75, 3.6833333333333336)","(6.0, 7.4, 7.3500000000000005)","(21.0, 95.0, 73.0)"
16-12-2022 09:56:33.380151,"(3.8, 5.0, 4.828571428571428)","(4.8, 6.4, 6.342857142857143)","(31.0, 55.0, 51.08695652173913)","(18.0, 22.0, 20.333333333333332)","(5.5, 7.2, 6.763636363636364)","(3.4, 3.75, 3.6775862068965517)","(6.0, 7.4, 7.3500000000000005)","(21.0, 95.0, 73.0)"
16-12-2022 09:56:34.411244,"(3.8, 5.0, 4.828571428571428)","(4.8, 6.4, 6.1931034482758625)","(31.0, 55.0, 52.083333333333336)","(18.0, 22.0, 20.181818181818183)","(5.5, 7.2, 7.138461538461539)","(3.4, 3.75, 3.72)","(6.0, 7.4, 7.277272727272727)","(21.0, 95.0, 73.0)"
16-12-2022 09:56:35.475604,"(3.8, 5.0, 4.828571428571428)","(4.8, 6.4, 6.342857142857143)","(31.0, 55.0, 52.083333333333336)","(18.0, 22.0, 20.736842105263158)","(5.5, 7.2, 7.428571428571428)","(3.4, 3.75, 3.72)","(6.0, 7.4, 7.184)","(21.0, 95.0, 73.0)"
16-12-2022 09:56:36.473186,"(3.8, 5.0, 4.828571428571428)","(4.8, 6.4, 6.342857142857143)","(31.0, 55.0, 41.875)","(18.0, 22.0, 20.736842105263158)","(5.5, 7.6, 7.199999999999999)","(3.4, 3.75, 3.72)","(6.0, 7.4, 7.072727272727273)","(21.0, 95.0, 59.66666666666667)"
16-12-2022 09:56:37.477510,"(3.8, 5.0, 4.828571428571428)","(4.8, 6.4, 6.342857142857143)","(31.0, 55.0, 41.875)","(18.0, 22.0, 20.736842105263158)","(5.5, 7.6, 7.199999999999999)","(3.3, 3.75, 3.72)","(6.0, 7.4, 7.2)","(21.0, 95.0, 59.66666666666667)"
16-12-2022 09:56:38.515265,"(3.8, 5.0, 4.828571428571428)","(4.8, 6.4, 6.072340425531915)","(31.0, 55.0, 41.875)","(18.0, 22.0, 21.75)","(5.5, 7.6, 7.314285714285714)","(3.3, 3.75, 3.703846153846154)","(6.0, 7.4, 7.327272727272727)","(21.0, 95.0, 59.66666666666667)"
16-12-2022 09:56:39.526974,"(3.8, 5.0, 4.828571428571428)","(4.8, 6.4, 6.022950819672132)","(31.0, 55.0, 41.875)","(18.0, 22.0, 21.75)","(5.5, 7.6, 7.275675675675675)","(3.3, 3.75, 3.5537815126050423)","(6.0, 7.4, 7.327272727272727)","(21.0, 95.0, 59.66666666666667)"
16-12-2022 09:56:40.513052,"(3.8, 5.2, 5.036363636363636)","(4.8, 6.4, 5.86923076923077)","(31.0, 55.0, 41.875)","(18.0, 22.0, 21.75)","(5.5, 7.6, 7.230769230769231)","(3.3, 3.7, 3.565463917525773)","(6.0, 7.4, 7.327272727272727)","(21.0, 95.0, 40.4054054054054)"
16-12-2022 09:56:41.532285,"(3.8, 5.2, 5.116666666666667)","(4.8, 6.4, 5.86923076923077)","(31.0, 55.0, 41.875)","(18.0, 22.0, 21.823529411764707)","(5.5, 7.6, 7.369230769230769)","(3.3, 3.7, 3.62375)","(6.0, 7.4, 7.327272727272727)","(21.0, 42.0, 40.476190476190474)"
16-12-2022 09:56:42.692205,"(3.8, 5.3, 5.030769230769231)","(4.8, 6.4, 5.9186046511627906)","(31.0, 55.0, 46.25)","(18.0, 22.0, 21.833333333333332)","(5.5, 7.6, 7.514285714285714)","(3.3, 3.65, 3.6466666666666665)","(6.0, 7.4, 7.346666666666667)","(21.0, 42.0, 40.476190476190474)"
16-12-2022 09:56:43.772985,"(3.8, 5.3, 5.154545454545454)","(4.8, 5.5, 5.454545454545455)","(31.0, 55.0, 45.45454545454545)","(18.0, 22.0, 21.823529411764707)","(5.5, 7.8, 7.4875)","(3.3, 3.65, 3.6520220588235293)","(6.0, 7.4, 7.327272727272727)","(21.0, 42.0, 40.96774193548387)"
16-12-2022 09:56:44.933172,"(3.8, 5.2, 5.04)","(4.8, 6.4, 5.515384615384615)","(31.0, 55.0, 45.45454545454545)","(18.0, 22.0, 21.823529411764707)","(5.5, 7.8, 7.4875)","(3.3, 3.7, 3.6520220588235293)","(6.0, 7.4, 7.327272727272727)","(21.0, 42.0, 40.96774193548387)"
16-12-2022 09:56:46.132920,"(3.8, 5.2, 5.04)","(4.8, 6.4, 6.0875)","(31.0, 55.0, 45.45454545454545)","(18.0, 22.0, 20.454545454545453)","(5.5, 7.8, 7.56)","(3.3, 3.7, 3.610526315789474)","(6.0, 7.4, 7.327272727272727)","(21.0, 42.0, 40.88235294117647)"
16-12-2022 09:56:47.215600,"(3.8, 5.1, 4.963636363636363)","(4.8, 6.2, 5.7625)","(31.0, 55.0, 45.45454545454545)","(18.0, 21.0, 20.454545454545453)","(5.5, 7.8, 7.472727272727273)","(3.3, 3.7, 3.651282051282051)","(6.0, 7.4, 7.630769230769231)","(26.0, 42.0, 41.285714285714285)"
16-12-2022 09:56:48.260536,"(3.8, 5.1, 4.995)","(4.8, 6.2, 5.966666666666667)","(31.0, 55.0, 45.45454545454545)","(18.0, 21.0, 20.4)","(5.5, 7.8, 7.472727272727273)","(3.3, 3.7, 3.6516129032258062)","(6.0, 8.0, 7.9)","(26.0, 42.0, 41.285714285714285)"
16-12-2022 09:56:49.384873,"(3.8, 5.1, 4.916129032258064)","(4.8, 6.0, 5.911290322580645)","(31.0, 55.0, 45.45454545454545)","(18.0, 21.0, 20.4)","(5.5, 7.8, 7.472727272727273)","(3.3, 3.7, 3.6517857142857144)","(6.0, 8.0, 7.709090909090909)","(26.0, 42.0, 41.285714285714285)"
16-12-2022 09:56:50.537672,"(3.8, 5.1, 4.9575)","(4.8, 6.0, 5.898148148148148)","(31.0, 55.0, 45.9)","(18.0, 21.0, 20.4)","(5.5, 7.8, 7.246153846153846)","(3.3, 3.7, 3.6564516129032256)","(6.0, 8.0, 7.709090909090909)","(26.0, 42.0, 41.8)"
16-12-2022 09:56:51.740040,"(3.8, 5.1, 4.9575)","(4.8, 6.0, 5.75)","(31.0, 55.0, 48.4375)","(18.0, 21.0, 20.4)","(5.5, 7.8, 7.266666666666667)","(3.3, 3.7, 3.6578947368421053)","(6.0, 8.0, 7.709090909090909)","(26.0, 42.0, 41.8)"
16-12-2022 09:56:52.923988,"(3.8, 5.1, 4.9399999999999995)","(4.8, 6.0, 5.934782608695652)","(31.0, 55.0, 48.4375)","(18.0, 21.0, 20.4)","(5.5, 7.6, 7.457142857142857)","(3.3, 3.7, 3.7289473684210526)","(6.0, 8.0, 7.709090909090909)","(26.0, 42.0, 41.714285714285715)"
16-12-2022 09:56:54.006599,"(3.8, 5.1, 4.716666666666667)","(4.8, 6.0, 5.944444444444445)","(31.0, 55.0, 47.416666666666664)","(18.0, 21.0, 20.4)","(5.5, 7.6, 7.317647058823529)","(3.3, 3.75, 3.7233333333333336)","(6.0, 8.0, 8.145454545454545)","(26.0, 42.0, 41.714285714285715)"
16-12-2022 09:56:55.136660,"(3.8, 5.1, 4.657692307692307)","(4.8, 6.0, 5.745454545454545)","(31.0, 55.0, 47.416666666666664)","(18.0, 21.0, 21.035714285714285)","(5.5, 7.6, 7.317647058823529)","(3.3, 3.75, 3.678888888888889)","(6.0, 8.2, 7.88)","(26.0, 42.0, 41.0)"
16-12-2022 09:56:56.223203,"(3.8, 5.1, 4.657692307692307)","(4.8, 6.0, 5.864516129032258)","(31.0, 55.0, 47.416666666666664)","(17.0, 22.0, 21.035714285714285)","(5.5, 7.6, 7.381818181818182)","(3.3, 3.7, 3.67625)","(6.0, 8.2, 7.88)","(26.0, 42.0, 41.0)"
16-12-2022 09:56:57.361728,"(3.8, 5.1, 4.659999999999999)","(4.8, 6.0, 5.864516129032258)","(31.0, 55.0, 49.64705882352941)","(17.0, 22.0, 21.035714285714285)","(5.5, 7.6, 7.466666666666667)","(3.3, 3.7, 3.682543103448276)","(6.0, 8.2, 7.8533333333333335)","(26.0, 42.0, 41.2)"
16-12-2022 09:56:58.574287,"(3.8, 5.1, 4.659999999999999)","(4.8, 6.0, 5.533333333333333)","(31.0, 55.0, 47.3)","(17.0, 22.0, 21.85)","(5.5, 7.6, 7.425)","(3.3, 3.7, 3.65)","(6.0, 8.2, 8.057142857142857)","(26.0, 42.0, 41.666666666666664)"
16-12-2022 09:56:59.727861,"(3.8, 5.1, 4.718181818181819)","(4.8, 5.5, 5.483333333333333)","(31.0, 55.0, 47.3)","(17.0, 22.0, 21.85)","(5.5, 7.8, 7.425)","(3.3, 3.75, 3.65625)","(6.0, 8.2, 8.307692307692308)","(26.0, 42.0, 41.666666666666664)"
16-12-2022 09:57:00.883864,"(3.8, 5.1, 4.6869565217391305)","(4.8, 5.6, 5.314516129032258)","(31.0, 55.0, 47.3)","(17.0, 22.0, 20.75)","(5.5, 7.8, 7.6)","(3.3, 3.75, 3.7196629213483146)","(6.0, 8.4, 8.333333333333334)","(26.0, 42.0, 41.333333333333336)"
16-12-2022 09:57:02.055703,"(3.8, 5.1, 4.885714285714285)","(4.8, 5.6, 5.330952380952381)","(31.0, 55.0, 48.93333333333334)","(17.0, 21.0, 21.1)","(5.5, 7.8, 7.65)","(3.3, 3.75, 3.7348341232227487)","(6.0, 8.4, 8.333333333333334)","(26.0, 44.0, 41.26315789473684)"
16-12-2022 09:57:03.180561,"(3.8, 5.1, 4.757142857142857)","(4.8, 5.6, 5.330952380952381)","(31.0, 55.0, 48.93333333333334)","(17.0, 22.0, 21.1)","(5.5, 7.8, 7.65)","(3.3, 3.75, 3.7229166666666664)","(6.0, 8.4, 8.333333333333334)","(26.0, 46.0, 41.63636363636363)"
16-12-2022 09:57:04.293319,"(3.8, 5.1, 4.757142857142857)","(4.8, 5.6, 5.355714285714286)","(31.0, 55.0, 48.93333333333334)","(17.0, 22.0, 21.1)","(5.5, 7.8, 7.65)","(3.3, 3.75, 3.7206214689265535)","(6.0, 8.4, 8.333333333333334)","(26.0, 46.0, 48.3448275862069)"
16-12-2022 09:57:05.418458,"(3.8, 5.1, 4.757142857142857)","(4.8, 5.6, 5.355714285714286)","(31.0, 55.0, 48.93333333333334)","(17.0, 22.0, 21.1)","(5.5, 7.8, 7.74)","(3.3, 3.75, 3.705072463768116)","(6.0, 8.4, 8.333333333333334)","(26.0, 60.0, 48.3448275862069)"
16-12-2022 09:57:06.549521,"(3.8, 5.3, 5.24090909090909)","(4.8, 5.6, 5.3609374999999995)","(31.0, 55.0, 48.93333333333334)","(17.0, 22.0, 19.36842105263158)","(5.5, 7.8, 7.74)","(3.3, 3.75, 3.705072463768116)","(6.0, 8.4, 8.333333333333334)","(26.0, 60.0, 51.684210526315795)"
16-12-2022 09:57:07.739360,"(3.8, 5.3, 5.263157894736842)","(4.8, 5.6, 5.3609374999999995)","(31.0, 55.0, 48.93333333333334)","(17.0, 19.5, 20.473684210526315)","(5.5, 7.8, 7.74)","(3.3, 3.75, 3.826219512195122)","(6.0, 8.4, 8.333333333333334)","(26.0, 55.0, 50.5)"
16-12-2022 09:57:08.906868,"(3.8, 5.3, 5.16)","(4.8, 5.6, 5.3609374999999995)","(31.0, 55.0, 48.93333333333334)","(17.0, 21.0, 20.473684210526315)","(5.5, 7.8, 7.654545454545454)","(3.3, 3.85, 3.5971875)","(6.0, 8.4, 8.314285714285715)","(26.0, 55.0, 48.0)"
16-12-2022 09:57:10.083572,"(3.8, 5.3, 5.16)","(4.8, 5.6, 5.3609374999999995)","(31.0, 55.0, 48.93333333333334)","(17.0, 21.0, 18.047619047619047)","(5.5, 7.8, 7.7)","(3.3, 3.6, 3.7760479041916164)","(6.0, 8.4, 8.314285714285715)","(26.0, 55.0, 40.0)"
16-12-2022 09:57:11.247777,"(3.8, 5.3, 5.133333333333333)","(4.8, 5.6, 5.3609374999999995)","(31.0, 55.0, 48.93333333333334)","(17.0, 19.0, 18.047619047619047)","(5.5, 7.8, 7.7)","(3.3, 3.8, 3.7844720496894406)","(6.0, 8.4, 8.311111111111112)","(26.0, 55.0, 40.0)"
16-12-2022 09:57:12.393086,"(3.8, 5.4, 5.112359550561798)","(4.8, 5.6, 5.4012987012987015)","(31.0, 55.0, 48.93333333333334)","(17.0, 19.0, 18.02654867256637)","(5.5, 7.8, 7.825)","(3.3, 3.8, 3.7473684210526317)","(6.0, 8.4, 8.352941176470589)","(26.0, 55.0, 40.0)"
16-12-2022 09:57:13.555844,"(3.8, 5.3, 5.204545454545454)","(4.8, 5.6, 5.4012987012987015)","(31.0, 55.0, 48.93333333333334)","(17.0, 19.0, 18.41176470588235)","(5.5, 8.0, 7.6000000000000005)","(3.3, 3.8, 3.735483870967742)","(6.0, 8.4, 8.32)","(26.0, 55.0, 40.0)"
16-12-2022 09:57:14.700585,"(3.8, 5.2, 5.17)","(4.8, 5.6, 5.4012987012987015)","(31.0, 55.0, 59.45454545454545)","(17.0, 19.0, 21.714285714285715)","(5.5, 8.0, 7.841860465116279)","(3.3, 3.8, 3.75)","(6.0, 8.4, 8.395)","(26.0, 55.0, 41.82608695652174)"
16-12-2022 09:57:15.829766,"(3.8, 4.8, 4.717391304347826)","(4.6, 5.8, 5.733333333333333)","(31.0, 60.0, 59.45454545454545)","(17.0, 22.0, 21.714285714285715)","(5.5, 8.0, 7.841860465116279)","(3.3, 3.85, 3.775)","(6.5, 8.4, 8.395)","(26.0, 46.0, 41.82608695652174)"
16-12-2022 09:57:16.909680,"(3.8, 4.8, 4.717391304347826)","(4.6, 5.8, 5.764285714285714)","(31.0, 60.0, 59.45454545454545)","(17.0, 22.0, 21.714285714285715)","(5.5, 8.0, 7.841860465116279)","(3.3, 3.85, 3.876785714285714)","(6.5, 8.4, 8.395)","(26.0, 46.0, 41.82608695652174)"
16-12-2022 09:57:17.978838,"(3.8, 4.8, 4.666666666666666)","(4.6, 5.8, 5.64)","(31.0, 60.0, 59.45454545454545)","(17.0, 22.0, 21.714285714285715)","(5.5, 8.0, 7.803846153846154)","(3.3, 3.9, 3.735135135135135)","(6.5, 8.4, 8.395061728395062)","(26.0, 46.0, 41.82608695652174)"
16-12-2022 09:57:19.094567,"(3.8, 4.7, 4.625742574257425)","(4.6, 5.8, 5.742857142857143)","(31.0, 60.0, 59.45454545454545)","(17.0, 22.0, 21.714285714285715)","(5.5, 8.0, 7.803846153846154)","(3.3, 3.85, 3.7285714285714286)","(6.5, 8.4, 8.389473684210527)","(26.0, 46.0, 41.82608695652174)"
16-12-2022 09:57:20.121864,"(3.8, 4.7, 4.620212765957446)","(4.6, 5.8, 5.742857142857143)","(31.0, 75.0, 66.55813953488372)","(17.0, 22.0, 21.714285714285715)","(5.5, 8.0, 7.803846153846154)","(3.3, 3.85, 3.757608695652174)","(6.5, 8.4, 8.389473684210527)","(26.0, 46.0, 41.82608695652174)"
16-12-2022 09:57:21.193459,"(3.8, 4.7, 4.620212765957446)","(4.6, 5.8, 5.742857142857143)","(31.0, 75.0, 66.55813953488372)","(17.0, 22.0, 21.714285714285715)","(5.5, 8.0, 7.803846153846154)","(3.3, 3.85, 3.768269230769231)","(6.5, 8.4, 8.389473684210527)","(26.0, 46.0, 41.82608695652174)"
16-12-2022 09:57:22.388411,"(3.8, 4.7, 4.620212765957446)","(4.6, 5.8, 5.742857142857143)","(31.0, 75.0, 66.55813953488372)","(17.0, 22.0, 20.26086956521739)","(5.5, 8.0, 7.817857142857143)","(3.3, 3.85, 3.768269230769231)","(6.5, 8.4, 8.389473684210527)","(26.0, 46.0, 41.82608695652174)"
16-12-2022 09:57:23.549398,"(3.8, 4.6, 4.503225806451613)","(4.6, 5.8, 5.745454545454545)","(31.0, 75.0, 66.55813953488372)","(17.0, 22.0, 19.181818181818183)","(5.5, 8.0, 7.817857142857143)","(3.3, 3.85, 3.7944444444444447)","(6.5, 8.4, 8.389473684210527)","(26.0, 46.0, 41.82608695652174)"
16-12-2022 09:57:24.695173,"(3.8, 4.6, 4.428571428571429)","(4.6, 5.8, 5.745454545454545)","(31.0, 75.0, 52.214285714285715)","(17.0, 24.0, 20.941176470588236)","(5.5, 8.0, 7.817857142857143)","(3.3, 3.85, 3.7944444444444447)","(6.5, 8.4, 8.389473684210527)","(26.0, 46.0, 41.82608695652174)"
16-12-2022 09:57:25.821621,"(3.8, 4.6, 4.428571428571429)","(4.6, 5.8, 5.7846153846153845)","(31.0, 75.0, 52.214285714285715)","(17.0, 23.0, 18.093023255813954)","(5.5, 8.0, 7.817857142857143)","(3.3, 3.85, 3.7944444444444447)","(6.5, 8.4, 8.52)","(26.0, 46.0, 41.82608695652174)"
16-12-2022 09:57:26.894120,"(3.8, 4.6, 4.4363636363636365)","(4.6, 5.8, 5.7846153846153845)","(31.0, 75.0, 52.214285714285715)","(17.0, 19.0, 16.11627906976744)","(5.5, 8.0, 7.825454545454545)","(3.3, 3.85, 3.800980392156863)","(6.5, 8.6, 8.600000000000001)","(26.0, 46.0, 41.86666666666667)"
16-12-2022 09:57:27.932398,"(3.8, 4.7, 4.439583333333333)","(4.6, 6.2, 5.6899999999999995)","(31.0, 75.0, 52.214285714285715)","(17.0, 17.0, 16.11627906976744)","(5.5, 8.0, 7.825454545454545)","(3.3, 3.85, 3.8231182795698926)","(6.5, 8.8, 8.714285714285715)","(26.0, 46.0, 41.86666666666667)"
16-12-2022 09:57:28.982001,"(3.8, 4.7, 4.420149253731344)","(4.6, 6.2, 6.014545454545455)","(31.0, 75.0, 58.21052631578947)","(17.0, 17.0, 16.209302325581394)","(5.5, 8.0, 7.825454545454545)","(3.3, 3.85, 3.716666666666667)","(6.5, 8.8, 8.73684210526316)","(26.0, 46.0, 41.86666666666667)"
16-12-2022 09:57:30.045319,"(3.8, 4.7, 4.416911764705882)","(4.6, 6.2, 6.014545454545455)","(31.0, 75.0, 58.21052631578947)","(17.0, 17.0, 16.209302325581394)","(5.5, 8.0, 7.825454545454545)","(3.3, 3.85, 3.795945945945946)","(6.5, 8.8, 8.73684210526316)","(26.0, 46.0, 41.86666666666667)"
16-12-2022 09:57:31.121157,"(3.8, 4.6, 4.521367521367521)","(4.6, 6.4, 5.934065934065934)","(31.0, 75.0, 58.21052631578947)","(17.0, 17.0, 16.4)","(5.5, 8.0, 7.825454545454545)","(3.3, 3.85, 3.795945945945946)","(6.5, 8.8, 8.73684210526316)","(26.0, 46.0, 41.86666666666667)"
16-12-2022 09:57:32.171153,"(3.8, 4.6, 4.521367521367521)","(4.6, 6.4, 5.934065934065934)","(31.0, 75.0, 58.21052631578947)","(17.0, 17.0, 16.4)","(5.5, 8.0, 7.825454545454545)","(3.3, 3.85, 3.783333333333333)","(6.5, 8.8, 8.73684210526316)","(26.0, 46.0, 41.86666666666667)"
16-12-2022 09:57:33.252104,"(3.8, 4.6, 4.521367521367521)","(4.6, 6.4, 5.934065934065934)","(31.0, 75.0, 67.21951219512195)","(17.0, 17.0, 16.81896551724138)","(5.5, 8.0, 7.825454545454545)","(3.3, 3.85, 3.783333333333333)","(6.5, 8.8, 8.73684210526316)","(26.0, 46.0, 41.86666666666667)"
16-12-2022 09:57:34.257829,"(3.8, 4.6, 4.521367521367521)","(4.6, 6.4, 5.934065934065934)","(31.0, 75.0, 67.21951219512195)","(17.0, 17.0, 16.3)","(5.5, 8.0, 7.825454545454545)","(3.3, 3.85, 3.7734375)","(6.5, 8.8, 8.764705882352942)","(26.0, 46.0, 41.86666666666667)"
16-12-2022 09:57:35.285992,"(3.8, 4.6, 4.551020408163265)","(4.6, 6.2, 6.0137931034482754)","(31.0, 75.0, 55.35714285714286)","(17.0, 17.0, 16.3)","(5.5, 8.0, 7.825454545454545)","(3.3, 3.9, 3.7734375)","(6.5, 8.8, 8.764705882352942)","(26.0, 46.0, 41.86666666666667)"
16-12-2022 09:57:36.285965,"(3.8, 4.6, 4.55)","(4.6, 6.2, 6.0137931034482754)","(31.0, 75.0, 55.35714285714286)","(17.0, 17.0, 16.3)","(5.5, 8.0, 7.825454545454545)","(3.3, 3.9, 3.7734375)","(6.5, 8.8, 8.764705882352942)","(26.0, 46.0, 41.86666666666667)"
16-12-2022 09:57:37.328907,"(3.8, 4.6, 4.55)","(4.6, 6.2, 5.866666666666666)","(31.0, 75.0, 55.0625)","(17.0, 17.0, 5007.5)","(5.5, 8.0, 9998.5)","(3.3, 3.9, 9998.5)","(6.5, 8.8, 9998.5)","(26.0, 46.0, 9998.5)"
16-12-2022 09:57:38.321177,"(3.8, 99998, 9998.5)","(4.6, 99998, 9998.5)","(31.0, 99998, 9998.5)","(17.0, 99998, 9998.5)","(5.5, 99998, 9998.5)","(3.3, 99998, 9998.5)","(6.5, 99998, 9998.5)","(26.0, 99998, 9998.5)"
16-12-2022 09:57:39.388398,"(3.8, 99998, 9998.5)","(4.6, 99998, 9998.5)","(31.0, 99998, 9998.5)","(17.0, 99998, 9998.5)","(5.5, 99998, 9998.5)","(3.3, 99998, 9998.5)","(6.5, 99998, 9998.5)","(26.0, 99998, 9998.5)"
