,Rubys And Pearls,Latrell Bar Cool,Identity Thief,Cosmic Tom Tom,Maywyns Nifty,Sirius Kyle,Sirius Keith,Magic Madness
16-12-2022 14:47:32.215283,"(4.2, 5.0, 4.85)","(3.5, 6.0, 5.096153846153846)","(6.0, 8.4, 6.985714285714286)","(6.5, 11.0, 9.7)","(5.5, 7.8, 6.666666666666667)","(6.5, 15.0, 14.5)","(6.5, 16.0, 15.0)","(31.0, 140.0, 104.66666666666667)"
16-12-2022 14:47:33.355042,"(4.2, 5.2, 4.9)","(3.5, 6.0, 5.096153846153846)","(6.0, 8.4, 7.3478260869565215)","(6.5, 11.0, 9.7)","(5.5, 7.6, 6.666666666666667)","(6.5, 15.0, 14.5)","(6.5, 16.0, 15.0)","(31.0, 140.0, 104.66666666666667)"
16-12-2022 14:47:34.421129,"(4.2, 5.2, 4.9)","(3.5, 6.0, 5.096153846153846)","(6.0, 8.4, 7.025)","(6.5, 11.0, 9.7)","(5.5, 7.6, 6.666666666666667)","(6.5, 15.0, 14.5)","(6.5, 16.0, 15.375)","(31.0, 140.0, 104.66666666666667)"
16-12-2022 14:47:35.508408,"(4.2, 5.2, 4.9)","(3.5, 6.0, 5.096153846153846)","(6.0, 8.4, 7.025)","(6.5, 11.0, 10.066666666666666)","(5.5, 7.6, 6.666666666666667)","(6.5, 15.0, 14.5)","(6.5, 16.0, 15.5)","(31.0, 140.0, 104.66666666666667)"
16-12-2022 14:47:36.651742,"(4.2, 5.2, 4.616666666666667)","(3.5, 6.0, 5.096153846153846)","(6.0, 8.4, 7.025)","(6.5, 11.0, 10.066666666666666)","(5.5, 7.6, 6.666666666666667)","(6.5, 15.0, 14.5)","(6.5, 16.0, 15.5)","(31.0, 140.0, 104.66666666666667)"
16-12-2022 14:47:37.650714,"(4.2, 5.2, 4.9)","(3.5, 6.0, 5.096153846153846)","(6.0, 8.2, 6.942857142857142)","(6.5, 11.0, 9.7)","(5.5, 7.8, 6.536842105263158)","(6.5, 15.0, 14.5)","(6.5, 16.0, 15.5)","(31.0, 140.0, 104.66666666666667)"
16-12-2022 14:47:38.643947,"(4.2, 5.2, 4.9)","(3.5, 6.0, 5.096153846153846)","(6.0, 8.2, 6.825)","(6.5, 11.0, 10.066666666666666)","(5.5, 7.8, 6.536842105263158)","(6.5, 15.0, 14.5)","(6.5, 16.0, 15.0)","(31.0, 140.0, 104.66666666666667)"
16-12-2022 14:47:39.780827,"(4.2, 5.2, 4.9)","(3.5, 6.0, 5.096153846153846)","(6.0, 8.2, 6.9625)","(6.5, 11.0, 10.066666666666666)","(5.5, 7.8, 6.536842105263158)","(6.5, 15.0, 14.5)","(6.5, 16.0, 15.0)","(31.0, 140.0, 104.66666666666667)"
16-12-2022 14:47:40.884958,"(4.2, 5.1, 4.585714285714285)","(3.5, 6.0, 5.096153846153846)","(6.0, 8.2, 6.9625)","(6.5, 10.5, 9.733333333333333)","(5.5, 7.6, 6.76)","(6.5, 15.0, 14.75)","(6.5, 16.0, 15.272727272727273)","(31.0, 140.0, 104.66666666666667)"
16-12-2022 14:47:41.989461,"(4.2, 5.1, 4.585714285714285)","(3.5, 6.0, 5.096153846153846)","(6.0, 8.2, 6.9625)","(6.5, 10.5, 9.733333333333333)","(5.5, 7.6, 6.76)","(6.5, 15.0, 14.75)","(6.5, 16.0, 15.272727272727273)","(31.0, 140.0, 104.66666666666667)"
16-12-2022 14:47:43.150607,"(4.2, 5.1, 4.827272727272727)","(3.5, 6.0, 5.096153846153846)","(6.0, 8.0, 7.65)","(6.5, 11.0, 9.7)","(5.5, 7.6, 6.76)","(6.5, 15.0, 14.75)","(6.5, 16.0, 15.272727272727273)","(31.0, 140.0, 104.66666666666667)"
16-12-2022 14:47:44.215794,"(4.2, 5.1, 4.827272727272727)","(3.5, 6.0, 5.096153846153846)","(6.0, 8.2, 7.2375)","(6.5, 11.0, 9.7)","(5.5, 7.6, 6.76)","(6.5, 15.0, 14.75)","(6.5, 16.0, 15.272727272727273)","(31.0, 140.0, 104.66666666666667)"
16-12-2022 14:47:45.321915,"(4.2, 5.1, 4.827272727272727)","(3.5, 6.0, 5.096153846153846)","(6.0, 8.2, 7.5)","(6.5, 11.0, 10.066666666666666)","(5.5, 7.6, 6.76)","(6.5, 15.0, 14.75)","(6.5, 16.0, 15.272727272727273)","(31.0, 140.0, 104.66666666666667)"
16-12-2022 14:47:46.456487,"(4.2, 5.2, 4.616666666666667)","(3.5, 6.0, 5.096153846153846)","(6.0, 8.2, 7.5)","(6.5, 11.0, 10.066666666666666)","(5.5, 7.8, 6.536842105263158)","(6.5, 15.0, 14.4375)","(6.5, 16.0, 15.272727272727273)","(31.0, 140.0, 104.66666666666667)"
16-12-2022 14:47:47.523549,"(4.2, 5.2, 4.616666666666667)","(3.5, 6.0, 5.096153846153846)","(6.0, 8.2, 7.449999999999999)","(6.5, 11.0, 9.7)","(5.5, 7.8, 6.536842105263158)","(6.5, 15.0, 14.4375)","(6.5, 16.0, 15.272727272727273)","(31.0, 140.0, 104.66666666666667)"
16-12-2022 14:47:48.634925,"(4.2, 5.2, 4.9)","(3.5, 6.0, 5.096153846153846)","(6.0, 8.2, 6.533333333333333)","(6.5, 11.0, 10.066666666666666)","(5.5, 7.8, 6.536842105263158)","(6.5, 15.0, 14.4375)","(6.5, 16.0, 15.272727272727273)","(31.0, 140.0, 104.66666666666667)"
16-12-2022 14:47:49.762665,"(4.2, 5.2, 4.9)","(3.5, 6.0, 5.096153846153846)","(6.0, 8.2, 6.533333333333333)","(6.5, 11.0, 10.066666666666666)","(5.5, 7.8, 6.536842105263158)","(6.5, 15.0, 14.4375)","(6.5, 16.0, 15.272727272727273)","(31.0, 140.0, 104.66666666666667)"
16-12-2022 14:47:50.911614,"(4.2, 5.2, 4.9)","(3.5, 6.0, 5.096153846153846)","(6.0, 8.2, 7.3)","(6.5, 11.0, 10.066666666666666)","(5.5, 7.8, 6.536842105263158)","(6.5, 15.0, 14.4375)","(6.5, 16.0, 14.666666666666666)","(31.0, 140.0, 104.66666666666667)"
16-12-2022 14:47:52.144010,"(4.2, 5.2, 4.616666666666667)","(3.5, 6.0, 5.096153846153846)","(6.0, 8.2, 7.3)","(6.5, 11.0, 9.7)","(5.5, 7.8, 6.536842105263158)","(6.5, 15.0, 14.4375)","(6.5, 16.0, 14.666666666666666)","(31.0, 140.0, 104.66666666666667)"
16-12-2022 14:47:53.275542,"(4.2, 5.2, 4.616666666666667)","(3.5, 6.0, 5.096153846153846)","(6.0, 8.2, 7.199999999999999)","(6.5, 11.0, 9.7)","(5.5, 7.8, 6.536842105263158)","(6.5, 15.0, 14.4375)","(6.5, 16.0, 14.666666666666666)","(31.0, 140.0, 104.66666666666667)"
16-12-2022 14:47:54.341023,"(4.2, 5.2, 4.9)","(3.5, 6.0, 5.096153846153846)","(6.0, 8.2, 7.199999999999999)","(6.5, 11.0, 9.7)","(5.5, 7.8, 6.536842105263158)","(6.5, 15.0, 14.4375)","(6.5, 16.0, 14.666666666666666)","(31.0, 140.0, 104.66666666666667)"
16-12-2022 14:47:55.426630,"(4.2, 5.2, 4.9)","(3.5, 6.0, 5.096153846153846)","(6.0, 8.2, 7.199999999999999)","(6.5, 11.0, 9.7)","(5.5, 7.8, 6.536842105263158)","(6.5, 15.0, 14.4375)","(6.5, 16.0, 14.666666666666666)","(31.0, 140.0, 104.66666666666667)"
16-12-2022 14:47:56.551878,"(4.2, 5.1, 4.827272727272727)","(3.5, 6.0, 5.096153846153846)","(6.0, 8.2, 7.3)","(6.5, 11.0, 10.066666666666666)","(5.5, 7.6, 6.76)","(6.5, 15.0, 14.764705882352942)","(6.5, 16.0, 15.5625)","(31.0, 140.0, 104.66666666666667)"
16-12-2022 14:47:57.674689,"(4.2, 5.1, 4.585714285714285)","(3.5, 6.0, 5.096153846153846)","(6.0, 8.2, 7.199999999999999)","(6.5, 11.0, 10.066666666666666)","(5.5, 7.6, 6.76)","(6.5, 15.0, 14.764705882352942)","(6.5, 16.0, 15.5625)","(31.0, 140.0, 104.66666666666667)"
16-12-2022 14:47:58.837678,"(4.2, 5.1, 4.585714285714285)","(3.5, 6.0, 5.096153846153846)","(6.0, 8.0, 6.949999999999999)","(6.5, 11.0, 9.7)","(5.5, 7.6, 6.76)","(6.5, 15.0, 14.764705882352942)","(6.5, 16.0, 15.5625)","(31.0, 140.0, 104.66666666666667)"
16-12-2022 14:47:59.916150,"(4.2, 5.2, 4.9)","(3.5, 6.0, 5.096153846153846)","(6.0, 8.0, 6.800000000000001)","(6.5, 11.0, 10.066666666666666)","(5.5, 7.8, 9.475862068965517)","(6.5, 15.0, 14.428571428571429)","(6.5, 16.0, 15.5625)","(31.0, 140.0, 104.66666666666667)"
16-12-2022 14:48:01.028168,"(4.2, 5.2, 4.9)","(3.5, 5.7, 5.016666666666667)","(6.0, 8.0, 6.9714285714285715)","(6.5, 11.0, 10.066666666666666)","(5.5, 9.6, 9.475862068965517)","(6.5, 15.0, 14.428571428571429)","(6.5, 16.0, 15.5625)","(31.0, 140.0, 104.66666666666667)"
16-12-2022 14:48:02.130992,"(4.2, 5.2, 4.9)","(3.5, 5.7, 5.016666666666667)","(6.0, 8.0, 6.9714285714285715)","(6.5, 11.0, 10.066666666666666)","(5.5, 9.6, 9.51875)","(6.5, 15.0, 14.428571428571429)","(6.5, 16.0, 15.5625)","(31.0, 140.0, 104.66666666666667)"
16-12-2022 14:48:03.204422,"(4.2, 5.2, 4.616666666666667)","(3.5, 5.9, 5.65)","(6.0, 8.0, 6.9714285714285715)","(6.5, 11.0, 10.066666666666666)","(5.5, 9.8, 9.51875)","(6.5, 15.0, 14.428571428571429)","(6.5, 16.0, 15.0)","(31.0, 140.0, 104.66666666666667)"
16-12-2022 14:48:04.392731,"(4.2, 5.2, 4.9)","(3.5, 5.9, 5.225)","(6.0, 8.0, 7.4)","(6.5, 11.0, 10.066666666666666)","(5.5, 9.8, 9.51875)","(6.5, 15.0, 14.428571428571429)","(6.5, 16.0, 15.0)","(31.0, 140.0, 104.66666666666667)"
16-12-2022 14:48:05.542380,"(4.2, 5.2, 4.9)","(3.5, 5.9, 5.225)","(6.0, 8.0, 7.4)","(6.5, 11.0, 10.066666666666666)","(5.5, 9.8, 9.51875)","(6.5, 15.0, 14.428571428571429)","(6.5, 16.0, 15.0)","(31.0, 140.0, 104.66666666666667)"
16-12-2022 14:48:06.652422,"(4.2, 5.2, 4.9)","(3.5, 5.9, 5.225)","(6.0, 8.0, 7.4)","(6.5, 11.0, 10.066666666666666)","(5.5, 9.8, 9.51875)","(6.5, 15.0, 14.428571428571429)","(6.5, 16.0, 15.0)","(31.0, 140.0, 104.66666666666667)"
16-12-2022 14:48:07.758099,"(4.2, 5.2, 4.616666666666667)","(3.5, 5.8, 5.53125)","(6.0, 8.0, 7.4)","(6.5, 11.0, 10.066666666666666)","(5.5, 9.8, 9.08)","(6.5, 15.0, 14.428571428571429)","(6.5, 16.0, 15.0)","(31.0, 140.0, 104.66666666666667)"
16-12-2022 14:48:08.820890,"(4.2, 5.2, 4.969230769230769)","(3.5, 5.5, 4.729166666666666)","(6.0, 8.0, 7.4)","(6.5, 11.0, 10.066666666666666)","(5.5, 9.8, 9.053333333333333)","(6.5, 15.0, 14.428571428571429)","(6.5, 16.0, 15.0)","(31.0, 140.0, 104.66666666666667)"
16-12-2022 14:48:09.836796,"(4.2, 5.1, 4.827272727272727)","(3.5, 5.3, 4.7)","(6.0, 8.0, 7.4)","(6.5, 11.0, 10.066666666666666)","(5.5, 9.8, 9.046153846153846)","(6.5, 15.0, 14.78125)","(6.5, 16.0, 15.0)","(31.0, 140.0, 104.66666666666667)"
16-12-2022 14:48:10.918366,"(4.2, 5.1, 4.827272727272727)","(3.5, 5.5, 4.827272727272727)","(6.0, 8.0, 7.4)","(6.5, 11.0, 10.066666666666666)","(5.5, 9.8, 9.046153846153846)","(6.5, 15.0, 14.78125)","(6.5, 16.0, 15.0)","(31.0, 140.0, 104.66666666666667)"
16-12-2022 14:48:11.976058,"(4.2, 5.1, 4.827272727272727)","(3.5, 5.5, 4.827272727272727)","(6.0, 8.0, 7.4)","(6.5, 11.0, 10.066666666666666)","(5.5, 9.8, 9.046153846153846)","(6.5, 15.0, 14.78125)","(6.5, 16.0, 15.0)","(31.0, 140.0, 104.66666666666667)"
16-12-2022 14:48:13.156376,"(4.2, 5.1, 4.585714285714285)","(3.5, 5.5, 5.26875)","(6.0, 8.0, 7.4)","(6.5, 11.0, 10.066666666666666)","(5.5, 9.8, 9.046153846153846)","(6.5, 15.0, 14.78125)","(6.5, 16.0, 15.0)","(31.0, 140.0, 104.66666666666667)"
16-12-2022 14:48:14.222883,"(4.2, 5.1, 4.585714285714285)","(3.5, 5.5, 5.26875)","(6.0, 8.0, 7.4)","(6.5, 11.0, 10.066666666666666)","(5.5, 9.8, 9.046153846153846)","(6.5, 15.0, 14.78125)","(6.5, 16.0, 15.0)","(31.0, 140.0, 104.66666666666667)"
16-12-2022 14:48:15.296397,"(4.2, 5.1, 4.585714285714285)","(3.5, 5.5, 5.26875)","(6.0, 8.0, 7.4)","(6.5, 11.0, 10.066666666666666)","(5.5, 9.8, 9.046153846153846)","(6.5, 15.0, 14.78125)","(6.5, 16.0, 15.0)","(31.0, 140.0, 104.66666666666667)"
16-12-2022 14:48:16.283505,"(4.2, 5.1, 4.827272727272727)","(3.5, 5.3, 4.7)","(6.0, 8.0, 7.4)","(6.5, 11.0, 10.066666666666666)","(5.5, 10.0, 9.2)","(6.5, 15.0, 14.78125)","(6.5, 16.0, 15.0)","(31.0, 140.0, 104.66666666666667)"
16-12-2022 14:48:17.356082,"(4.2, 5.1, 4.827272727272727)","(3.5, 5.5, 5.26875)","(6.0, 8.0, 6.65)","(6.5, 11.0, 10.066666666666666)","(5.5, 10.0, 9.2)","(6.5, 15.0, 14.78125)","(6.5, 16.0, 15.0)","(31.0, 140.0, 104.66666666666667)"
16-12-2022 14:48:18.514028,"(4.2, 5.1, 4.827272727272727)","(3.5, 5.5, 5.26875)","(6.0, 8.0, 7.325)","(6.5, 11.0, 10.066666666666666)","(5.5, 10.0, 9.2)","(6.5, 15.0, 14.78125)","(6.5, 16.0, 15.0)","(31.0, 140.0, 104.66666666666667)"
16-12-2022 14:48:19.783477,"(4.2, 5.1, 4.585714285714285)","(3.5, 5.5, 5.26875)","(6.0, 8.0, 7.4)","(6.5, 11.0, 10.066666666666666)","(5.5, 10.0, 9.2)","(6.5, 15.0, 14.78125)","(7.0, 16.0, 15.0)","(31.0, 140.0, 104.66666666666667)"
16-12-2022 14:48:20.895811,"(4.2, 5.1, 4.585714285714285)","(3.5, 5.5, 5.26875)","(6.0, 8.0, 7.4)","(6.5, 11.0, 10.066666666666666)","(5.5, 10.0, 9.2)","(6.5, 15.0, 14.78125)","(7.0, 16.0, 15.0)","(31.0, 140.0, 104.66666666666667)"
16-12-2022 14:48:21.925603,"(4.2, 5.0, 4.733333333333333)","(3.5, 5.2, 4.636363636363637)","(6.0, 8.0, 7.4)","(6.5, 11.0, 10.066666666666666)","(5.5, 10.0, 9.2)","(6.5, 15.0, 14.8)","(7.0, 16.0, 15.625)","(31.0, 140.0, 104.66666666666667)"
16-12-2022 14:48:22.999691,"(4.2, 5.0, 4.733333333333333)","(3.5, 5.3, 5.09375)","(6.0, 8.0, 6.65)","(6.5, 11.0, 10.066666666666666)","(5.5, 10.0, 9.2)","(6.5, 15.0, 14.8)","(7.0, 16.0, 15.625)","(31.0, 140.0, 104.66666666666667)"
16-12-2022 14:48:24.053735,"(4.2, 5.0, 4.733333333333333)","(3.5, 5.2, 4.636363636363637)","(6.0, 8.0, 7.4)","(6.5, 11.0, 10.066666666666666)","(5.5, 10.0, 9.2)","(6.5, 15.0, 14.8)","(7.0, 16.0, 15.625)","(31.0, 140.0, 104.66666666666667)"
16-12-2022 14:48:25.122226,"(4.2, 5.0, 4.181818181818182)","(3.5, 5.8, 5.53125)","(6.0, 8.0, 7.4)","(6.5, 11.0, 10.066666666666666)","(5.5, 10.0, 9.2)","(6.5, 15.0, 14.8)","(7.0, 16.0, 15.625)","(31.0, 140.0, 104.66666666666667)"
16-12-2022 14:48:26.265583,"(4.2, 5.0, 4.466666666666667)","(3.5, 5.8, 5.018181818181818)","(6.0, 8.0, 7.4)","(6.5, 11.5, 10.4)","(5.5, 10.0, 9.236363636363636)","(6.5, 15.0, 14.75)","(7.0, 16.0, 15.545454545454545)","(31.0, 140.0, 104.66666666666667)"
16-12-2022 14:48:27.363886,"(4.2, 5.0, 4.533333333333333)","(3.5, 5.2, 4.636363636363637)","(6.0, 8.0, 7.475)","(6.5, 11.5, 9.52)","(5.5, 10.0, 9.236363636363636)","(6.5, 15.0, 14.833333333333332)","(7.0, 16.0, 15.6875)","(31.0, 140.0, 104.66666666666667)"
16-12-2022 14:48:28.473322,"(4.2, 5.0, 4.533333333333333)","(3.5, 5.2, 4.636363636363637)","(6.0, 8.0, 7.475)","(6.5, 11.5, 9.52)","(5.5, 10.0, 9.236363636363636)","(6.5, 15.0, 14.833333333333332)","(7.0, 16.0, 15.6875)","(31.0, 140.0, 104.66666666666667)"
16-12-2022 14:48:29.517062,"(4.2, 5.0, 4.533333333333333)","(3.5, 5.1, 4.572727272727272)","(6.0, 8.0, 7.55)","(6.5, 11.5, 9.52)","(5.5, 10.0, 9.236363636363636)","(6.5, 15.0, 14.833333333333332)","(7.0, 16.0, 15.6875)","(31.0, 140.0, 104.66666666666667)"
16-12-2022 14:48:30.581487,"(4.2, 5.0, 4.533333333333333)","(3.5, 5.1, 4.572727272727272)","(6.0, 8.0, 7.55)","(6.5, 11.5, 9.52)","(5.5, 10.0, 9.236363636363636)","(6.5, 15.0, 14.833333333333332)","(7.0, 16.0, 15.6875)","(31.0, 140.0, 104.66666666666667)"
16-12-2022 14:48:31.668259,"(4.2, 5.0, 4.533333333333333)","(3.5, 5.1, 4.572727272727272)","(6.0, 8.0, 7.55)","(6.5, 11.5, 9.52)","(5.5, 10.0, 9.236363636363636)","(6.5, 15.0, 14.833333333333332)","(7.0, 16.0, 15.6875)","(31.0, 140.0, 104.66666666666667)"
16-12-2022 14:48:32.729966,"(4.2, 5.0, 4.6000000000000005)","(3.5, 5.0, 4.509090909090909)","(6.0, 8.0, 7.55)","(6.5, 11.5, 9.52)","(5.5, 10.0, 9.236363636363636)","(6.5, 15.0, 14.833333333333332)","(7.0, 16.0, 15.6875)","(31.0, 140.0, 104.66666666666667)"
16-12-2022 14:48:33.862845,"(4.2, 5.0, 4.6000000000000005)","(3.5, 5.1, 4.572727272727272)","(6.0, 8.0, 7.475)","(6.5, 11.5, 9.52)","(5.5, 10.0, 9.236363636363636)","(6.5, 15.0, 14.833333333333332)","(7.0, 16.0, 15.6875)","(31.0, 140.0, 104.66666666666667)"
16-12-2022 14:48:35.057566,"(4.2, 5.0, 4.875)","(3.5, 4.7, 4.2625)","(6.0, 8.0, 7.55)","(6.5, 11.5, 9.52)","(5.5, 10.0, 9.236363636363636)","(6.5, 15.0, 14.833333333333332)","(7.0, 16.0, 15.6875)","(31.0, 140.0, 104.66666666666667)"
16-12-2022 14:48:36.200197,"(4.2, 5.0, 4.875)","(3.5, 4.7, 4.2625)","(6.0, 8.0, 7.55)","(6.5, 11.5, 9.52)","(5.5, 10.0, 9.236363636363636)","(6.5, 15.0, 14.894736842105264)","(7.0, 16.0, 15.75)","(31.0, 140.0, 104.66666666666667)"
16-12-2022 14:48:37.273790,"(4.2, 4.9, 4.812903225806452)","(3.5, 4.6, 4.126315789473685)","(6.0, 8.0, 7.723076923076923)","(6.5, 11.5, 9.52)","(5.5, 10.0, 9.236363636363636)","(6.5, 15.0, 14.894736842105264)","(7.0, 16.0, 15.75)","(31.0, 140.0, 104.66666666666667)"
16-12-2022 14:48:38.341408,"(4.2, 4.9, 4.812903225806452)","(3.5, 4.6, 4.027272727272727)","(6.0, 8.0, 7.55)","(6.5, 11.5, 9.52)","(5.5, 10.0, 9.236363636363636)","(6.5, 15.0, 14.894736842105264)","(7.0, 16.0, 15.75)","(31.0, 140.0, 104.66666666666667)"
16-12-2022 14:48:39.410924,"(4.2, 4.9, 4.771428571428571)","(3.5, 4.5, 4.055555555555555)","(6.0, 8.0, 7.55)","(6.5, 11.5, 9.378571428571428)","(5.5, 10.0, 9.236363636363636)","(6.5, 15.0, 14.894736842105264)","(7.0, 16.0, 15.75)","(31.0, 140.0, 104.66666666666667)"
16-12-2022 14:48:40.563468,"(4.2, 4.9, 4.771428571428571)","(3.5, 4.4, 4.167857142857143)","(6.0, 8.0, 7.625)","(6.5, 11.5, 9.378571428571428)","(5.5, 10.0, 9.236363636363636)","(6.5, 15.0, 14.894736842105264)","(7.0, 16.0, 15.75)","(31.0, 140.0, 116.8421052631579)"
16-12-2022 14:48:41.706022,"(4.2, 4.9, 4.771428571428571)","(3.5, 4.4, 4.2375)","(6.0, 8.0, 7.625)","(6.5, 11.0, 9.95)","(5.5, 10.0, 9.236363636363636)","(6.5, 15.0, 14.85)","(7.0, 16.0, 15.75)","(31.0, 140.0, 116.8421052631579)"
16-12-2022 14:48:42.860549,"(4.2, 4.9, 4.812903225806452)","(3.5, 4.5, 4.261363636363637)","(6.0, 8.0, 7.625)","(6.5, 11.0, 9.472727272727273)","(5.5, 10.0, 9.236363636363636)","(6.5, 15.0, 14.85)","(7.0, 16.0, 15.75)","(31.0, 140.0, 103.33333333333333)"
16-12-2022 14:48:44.059376,"(4.2, 4.9, 4.812903225806452)","(3.5, 4.6, 4.25)","(6.0, 8.0, 7.55)","(6.5, 11.0, 9.472727272727273)","(5.5, 10.0, 9.236363636363636)","(6.5, 15.0, 14.85)","(7.0, 16.0, 15.75)","(31.0, 140.0, 85.0)"
16-12-2022 14:48:45.298062,"(4.2, 4.9, 4.771428571428571)","(3.5, 4.6, 4.314285714285714)","(6.0, 8.0, 7.625)","(6.5, 9.4, 8.36923076923077)","(5.5, 10.0, 9.475)","(6.5, 15.0, 14.85)","(7.0, 16.0, 18.59090909090909)","(31.0, 140.0, 85.0)"
16-12-2022 14:48:46.454713,"(4.2, 4.9, 4.771428571428571)","(3.5, 4.6, 4.314285714285714)","(6.0, 8.0, 7.625)","(6.5, 9.6, 8.36923076923077)","(5.5, 10.0, 9.475)","(6.5, 15.0, 14.85)","(7.0, 19.0, 18.59090909090909)","(31.0, 140.0, 85.0)"
16-12-2022 14:48:47.682796,"(4.2, 4.9, 4.771428571428571)","(3.5, 4.6, 4.314285714285714)","(6.0, 8.0, 7.625)","(6.5, 9.6, 9.433333333333334)","(5.5, 10.0, 9.475)","(6.5, 15.0, 14.5)","(7.0, 19.0, 16.25)","(31.0, 140.0, 85.0)"
16-12-2022 14:48:48.899276,"(4.2, 4.9, 4.875)","(3.5, 4.9, 4.428571428571429)","(6.0, 8.0, 6.65)","(6.5, 9.8, 9.433333333333334)","(5.5, 10.0, 9.723076923076924)","(6.5, 15.0, 14.416666666666668)","(7.0, 19.0, 16.25)","(31.0, 140.0, 53.6)"
16-12-2022 14:48:49.977788,"(4.2, 4.9, 4.842857142857143)","(3.5, 4.9, 4.6375)","(6.0, 8.0, 7.4)","(6.5, 9.8, 9.433333333333334)","(5.5, 10.0, 9.723076923076924)","(6.5, 15.0, 14.416666666666668)","(7.0, 19.0, 16.25)","(31.0, 140.0, 53.6)"
16-12-2022 14:48:51.093745,"(4.2, 4.9, 4.842857142857143)","(3.5, 4.9, 4.6375)","(6.0, 8.0, 7.4)","(6.5, 9.8, 9.433333333333334)","(5.5, 10.0, 9.8)","(6.5, 15.0, 14.416666666666668)","(7.0, 19.0, 16.25)","(31.0, 140.0, 53.6)"
16-12-2022 14:48:52.224718,"(4.2, 4.9, 4.842857142857143)","(3.5, 4.9, 4.6375)","(6.0, 8.0, 7.4)","(6.5, 9.8, 9.433333333333334)","(5.5, 10.0, 9.8)","(6.5, 15.0, 14.416666666666668)","(7.0, 19.0, 17.954545454545453)","(31.0, 140.0, 53.6)"
16-12-2022 14:48:53.350070,"(4.2, 4.9, 4.875)","(3.5, 4.9, 4.6375)","(6.0, 8.0, 7.4)","(6.5, 9.8, 9.433333333333334)","(5.5, 10.0, 9.8)","(6.5, 15.0, 14.416666666666668)","(7.0, 18.5, 17.954545454545453)","(31.0, 140.0, 53.6)"
16-12-2022 14:48:54.473185,"(4.2, 4.9, 4.842857142857143)","(3.5, 4.9, 4.45)","(6.0, 8.0, 6.65)","(6.5, 9.8, 9.433333333333334)","(5.5, 10.0, 9.8)","(6.5, 19.0, 17.333333333333336)","(7.0, 18.0, 16.666666666666668)","(31.0, 140.0, 53.6)"
16-12-2022 14:48:55.531120,"(4.2, 4.9, 4.842857142857143)","(3.5, 4.9, 4.65)","(6.0, 8.0, 7.4)","(6.5, 9.8, 9.433333333333334)","(5.5, 10.0, 9.8)","(6.5, 18.5, 17.333333333333336)","(7.0, 17.5, 16.666666666666668)","(31.0, 140.0, 53.6)"
16-12-2022 14:48:56.591313,"(4.2, 4.9, 4.842857142857143)","(3.5, 4.9, 4.65)","(6.0, 8.0, 7.4)","(6.5, 9.8, 9.433333333333334)","(5.5, 10.0, 9.8)","(6.5, 18.5, 17.333333333333336)","(7.0, 17.5, 16.666666666666668)","(31.0, 140.0, 53.6)"
16-12-2022 14:48:57.660975,"(4.2, 4.9, 4.875)","(3.5, 4.9, 4.65)","(6.0, 8.0, 7.4)","(6.5, 9.8, 9.433333333333334)","(5.5, 10.0, 9.8)","(6.5, 18.5, 17.333333333333336)","(7.0, 17.5, 16.666666666666668)","(31.0, 140.0, 53.6)"
16-12-2022 14:48:58.689361,"(4.2, 4.9, 4.875)","(3.5, 4.9, 4.65)","(6.0, 8.0, 6.65)","(6.5, 9.8, 9.433333333333334)","(5.5, 10.0, 9.8)","(6.5, 18.5, 17.333333333333336)","(7.0, 17.5, 16.666666666666668)","(31.0, 140.0, 53.6)"
16-12-2022 14:48:59.877051,"(4.2, 4.9, 4.875)","(3.5, 4.9, 4.65)","(6.0, 8.0, 6.65)","(6.5, 9.8, 9.433333333333334)","(5.5, 10.0, 9.8)","(7.0, 18.5, 17.333333333333336)","(7.0, 17.5, 16.666666666666668)","(31.0, 140.0, 53.6)"
16-12-2022 14:49:01.040008,"(4.2, 4.9, 4.842857142857143)","(3.5, 4.9, 4.65)","(6.0, 8.0, 7.4)","(6.5, 9.8, 9.433333333333334)","(5.5, 10.0, 9.8)","(7.0, 18.5, 17.333333333333336)","(7.0, 17.5, 16.666666666666668)","(31.0, 140.0, 53.6)"
16-12-2022 14:49:02.127417,"(4.2, 4.9, 4.842857142857143)","(3.5, 4.9, 4.6625000000000005)","(6.0, 8.0, 7.4)","(6.5, 9.8, 9.433333333333334)","(5.5, 10.0, 9.925)","(7.0, 19.0, 15.666666666666668)","(7.0, 17.5, 16.666666666666668)","(31.0, 140.0, 53.6)"
16-12-2022 14:49:03.192408,"(4.2, 4.9, 4.842857142857143)","(3.5, 4.9, 4.6625000000000005)","(6.0, 8.0, 7.4)","(6.5, 9.8, 9.433333333333334)","(5.5, 10.0, 9.925)","(7.0, 19.0, 15.666666666666668)","(7.0, 17.5, 16.666666666666668)","(31.0, 140.0, 53.6)"
16-12-2022 14:49:04.273384,"(4.2, 4.9, 4.875)","(3.5, 4.9, 4.6625000000000005)","(6.0, 8.0, 6.65)","(6.5, 9.8, 9.433333333333334)","(5.5, 10.0, 9.925)","(7.0, 19.0, 15.666666666666668)","(7.0, 17.5, 16.666666666666668)","(31.0, 140.0, 53.6)"
16-12-2022 14:49:05.385275,"(4.2, 4.9, 4.875)","(3.5, 4.9, 4.492857142857143)","(6.0, 8.0, 6.65)","(6.5, 9.8, 9.433333333333334)","(5.5, 10.0, 9.925)","(7.0, 19.0, 15.666666666666668)","(7.0, 17.5, 16.666666666666668)","(31.0, 140.0, 53.6)"
16-12-2022 14:49:06.559209,"(4.2, 4.9, 4.842857142857143)","(3.5, 4.9, 4.492857142857143)","(6.0, 8.0, 7.4)","(6.5, 9.8, 9.433333333333334)","(5.5, 10.0, 9.925)","(7.0, 19.0, 15.666666666666668)","(7.0, 17.5, 16.666666666666668)","(31.0, 140.0, 53.6)"
16-12-2022 14:49:07.738579,"(4.2, 4.9, 4.842857142857143)","(3.5, 4.9, 4.675000000000001)","(6.0, 8.0, 7.475)","(6.5, 9.8, 9.433333333333334)","(5.5, 10.0, 9.833333333333334)","(7.0, 19.0, 15.666666666666668)","(7.0, 17.5, 16.666666666666668)","(31.0, 140.0, 53.6)"
16-12-2022 14:49:08.914257,"(4.2, 4.9, 4.842857142857143)","(3.5, 4.9, 4.675000000000001)","(6.0, 8.0, 7.475)","(6.5, 9.0, 7.9411764705882355)","(5.5, 10.0, 9.833333333333334)","(7.0, 19.0, 16.846153846153847)","(7.0, 17.5, 16.666666666666668)","(31.0, 140.0, 53.6)"
16-12-2022 14:49:10.119988,"(4.2, 4.9, 4.875)","(3.5, 4.9, 4.675000000000001)","(6.0, 8.0, 7.475)","(6.5, 9.0, 8.366666666666667)","(5.5, 11.5, 9.625)","(7.0, 19.0, 16.846153846153847)","(7.0, 17.5, 16.666666666666668)","(31.0, 140.0, 53.6)"
16-12-2022 14:49:11.228320,"(4.2, 4.9, 4.842857142857143)","(3.5, 4.9, 4.514285714285714)","(6.0, 8.0, 7.55)","(6.5, 9.2, 8.366666666666667)","(5.5, 11.0, 9.625)","(7.0, 19.0, 16.846153846153847)","(7.0, 17.5, 16.666666666666668)","(31.0, 140.0, 53.6)"
16-12-2022 14:49:12.362487,"(4.2, 4.9, 4.842857142857143)","(3.5, 4.9, 4.681818181818182)","(6.0, 8.0, 7.55)","(6.5, 9.0, 7.5)","(5.5, 11.0, 9.90909090909091)","(7.0, 19.0, 16.846153846153847)","(7.0, 17.5, 16.666666666666668)","(31.0, 140.0, 53.6)"
16-12-2022 14:49:13.482743,"(4.2, 4.9, 4.842857142857143)","(3.5, 4.9, 4.681818181818182)","(6.0, 8.0, 7.55)","(6.5, 9.0, 8.718181818181819)","(5.5, 11.0, 10.1)","(7.0, 19.0, 16.846153846153847)","(7.0, 17.5, 16.666666666666668)","(31.0, 140.0, 53.6)"
16-12-2022 14:49:14.661574,"(4.2, 4.9, 4.875)","(3.5, 4.9, 4.681818181818182)","(6.0, 8.0, 7.475)","(6.5, 9.0, 9.15)","(5.5, 11.0, 9.476923076923077)","(7.0, 19.0, 15.666666666666668)","(7.0, 17.5, 16.666666666666668)","(31.0, 140.0, 53.6)"
16-12-2022 14:49:15.951399,"(4.2, 4.9, 4.875)","(3.5, 4.9, 4.5)","(6.0, 8.0, 7.55)","(6.5, 9.8, 8.936363636363637)","(5.5, 11.0, 10.228571428571428)","(7.0, 19.0, 15.666666666666668)","(7.0, 17.5, 16.666666666666668)","(31.0, 140.0, 53.6)"
16-12-2022 14:49:17.173075,"(4.2, 4.9, 4.842857142857143)","(3.5, 4.9, 4.5)","(6.0, 8.0, 7.55)","(6.5, 9.8, 8.936363636363637)","(5.5, 11.0, 10.228571428571428)","(7.0, 19.0, 15.666666666666668)","(7.0, 17.5, 16.666666666666668)","(31.0, 140.0, 53.6)"
16-12-2022 14:49:18.491710,"(4.2, 4.9, 4.842857142857143)","(3.5, 4.9, 4.709090909090909)","(6.0, 8.0, 7.55)","(6.5, 9.8, 8.936363636363637)","(5.5, 11.0, 9.92)","(7.0, 19.0, 15.666666666666668)","(7.0, 17.5, 16.666666666666668)","(31.0, 140.0, 53.6)"
16-12-2022 14:49:19.722447,"(4.2, 4.9, 4.842857142857143)","(3.5, 4.9, 4.709090909090909)","(6.0, 8.0, 7.55)","(6.5, 9.8, 9.23)","(5.5, 11.0, 9.92)","(7.0, 19.0, 15.666666666666668)","(7.0, 17.5, 16.666666666666668)","(31.0, 140.0, 53.6)"
16-12-2022 14:49:20.961987,"(4.2, 4.9, 4.875)","(3.5, 4.9, 4.41)","(6.0, 8.0, 7.3)","(6.5, 9.8, 9.4)","(5.5, 11.0, 10.0)","(7.0, 19.0, 15.666666666666668)","(7.0, 17.5, 16.666666666666668)","(31.0, 140.0, 53.6)"
16-12-2022 14:49:22.205169,"(4.2, 4.9, 4.783333333333333)","(3.5, 4.9, 4.41)","(6.0, 8.0, 7.152941176470588)","(6.5, 9.6, 9.06)","(5.5, 11.0, 10.28)","(7.0, 19.0, 15.555555555555555)","(7.0, 17.5, 16.666666666666668)","(31.0, 140.0, 53.6)"
16-12-2022 14:49:23.342152,"(4.2, 4.9, 4.783333333333333)","(3.5, 4.9, 4.55)","(6.0, 8.0, 7.152941176470588)","(6.5, 9.6, 9.116666666666667)","(5.5, 11.0, 10.28)","(7.0, 20.0, 15.0)","(7.0, 17.5, 16.666666666666668)","(31.0, 140.0, 53.6)"
16-12-2022 14:49:24.633349,"(4.2, 4.9, 4.7625)","(3.5, 4.9, 4.55)","(6.0, 8.0, 6.338461538461539)","(6.5, 9.4, 8.882758620689655)","(5.5, 11.0, 10.314285714285713)","(7.0, 20.0, 16.266666666666666)","(7.0, 17.5, 16.666666666666668)","(31.0, 140.0, 53.6)"
16-12-2022 14:49:25.937293,"(4.2, 4.9, 4.8)","(3.5, 4.9, 4.55)","(6.0, 8.0, 6.729411764705882)","(6.5, 9.8, 8.473684210526317)","(5.5, 11.0, 10.424)","(7.0, 20.0, 16.266666666666666)","(7.0, 17.5, 14.583333333333334)","(31.0, 140.0, 62.90909090909091)"
16-12-2022 14:49:27.406508,"(4.2, 4.9, 4.783333333333333)","(3.5, 4.9, 4.573333333333333)","(6.0, 8.0, 6.870588235294118)","(6.5, 9.8, 8.600000000000001)","(5.5, 11.0, 10.424)","(6.5, 20.0, 16.266666666666666)","(7.0, 17.5, 14.423076923076923)","(31.0, 140.0, 83.46666666666667)"
16-12-2022 14:49:28.650316,"(4.2, 4.9, 4.783333333333333)","(3.5, 4.9, 4.573333333333333)","(6.0, 8.0, 6.870588235294118)","(6.5, 9.8, 7.50909090909091)","(5.5, 11.0, 10.6625)","(6.5, 20.0, 16.266666666666666)","(7.0, 17.5, 14.423076923076923)","(31.0, 140.0, 83.46666666666667)"
16-12-2022 14:49:29.844793,"(4.2, 4.9, 4.7625)","(3.5, 4.9, 4.55)","(6.0, 8.0, 6.338461538461539)","(6.5, 9.8, 7.50909090909091)","(5.5, 11.0, 10.475)","(6.5, 20.0, 16.266666666666666)","(7.0, 17.5, 13.970588235294118)","(31.0, 140.0, 83.46666666666667)"
16-12-2022 14:49:31.062126,"(4.2, 4.9, 4.827586206896552)","(3.5, 4.9, 4.55)","(6.0, 8.0, 6.870588235294118)","(6.5, 9.8, 8.066666666666666)","(5.5, 11.0, 10.475)","(6.5, 20.0, 17.0)","(7.0, 17.5, 14.868421052631579)","(31.0, 140.0, 83.46666666666667)"
16-12-2022 14:49:32.377639,"(4.2, 4.9, 4.783333333333333)","(3.5, 4.9, 4.573333333333333)","(6.0, 8.0, 6.870588235294118)","(6.5, 9.0, 8.2)","(5.5, 11.0, 10.475)","(6.5, 20.0, 17.0)","(7.0, 17.0, 15.5)","(31.0, 140.0, 83.46666666666667)"
16-12-2022 14:49:33.710610,"(4.2, 4.9, 4.783333333333333)","(3.5, 4.9, 4.55)","(6.0, 8.0, 6.870588235294118)","(6.5, 9.2, 8.085714285714285)","(5.5, 11.0, 10.58)","(7.0, 20.0, 16.291666666666668)","(7.5, 18.0, 13.67741935483871)","(31.0, 140.0, 94.52631578947368)"
16-12-2022 14:49:35.037510,"(4.2, 4.9, 4.7625)","(3.5, 4.9, 4.55)","(6.0, 8.0, 6.338461538461539)","(6.5, 8.4, 8.085714285714285)","(5.5, 11.0, 10.58)","(7.0, 19.5, 16.64814814814815)","(7.5, 19.0, 16.392857142857142)","(31.0, 140.0, 86.0)"
16-12-2022 14:49:36.491260,"(4.2, 4.9, 4.8)","(3.5, 4.9, 4.62)","(6.0, 8.0, 6.870588235294118)","(6.5, 8.4, 8.085714285714285)","(5.5, 11.0, 10.58)","(7.0, 19.5, 16.64814814814815)","(7.5, 18.0, 16.392857142857142)","(31.0, 140.0, 74.76923076923077)"
16-12-2022 14:49:37.819266,"(4.2, 4.9, 4.7625)","(3.5, 4.9, 4.573333333333333)","(6.0, 8.0, 6.870588235294118)","(6.5, 8.4, 8.085714285714285)","(5.5, 11.0, 10.58)","(7.0, 19.5, 14.833333333333334)","(7.5, 18.0, 16.392857142857142)","(31.0, 140.0, 74.76923076923077)"
16-12-2022 14:49:39.328098,"(4.2, 4.9, 4.7625)","(3.5, 4.9, 4.573333333333333)","(6.0, 8.0, 6.870588235294118)","(6.5, 8.4, 8.066666666666666)","(5.5, 11.0, 10.58)","(7.0, 19.5, 15.026315789473685)","(7.5, 18.0, 16.392857142857142)","(31.0, 140.0, 74.76923076923077)"
16-12-2022 14:49:40.632923,"(4.2, 4.9, 4.7625)","(3.5, 4.9, 4.55)","(6.0, 8.0, 6.870588235294118)","(6.5, 8.4, 7.694117647058824)","(5.5, 11.0, 10.58)","(7.0, 19.5, 15.928571428571429)","(7.5, 18.0, 16.392857142857142)","(31.0, 140.0, 74.76923076923077)"
16-12-2022 14:49:41.914559,"(4.2, 4.9, 4.8)","(3.5, 4.9, 4.573333333333333)","(6.0, 8.0, 6.870588235294118)","(6.5, 8.6, 7.694117647058824)","(5.5, 11.0, 10.58)","(7.0, 19.5, 15.928571428571429)","(7.5, 18.0, 16.392857142857142)","(31.0, 140.0, 74.76923076923077)"
16-12-2022 14:49:43.268159,"(4.2, 4.9, 4.7625)","(3.5, 4.9, 4.573333333333333)","(6.0, 8.0, 6.870588235294118)","(6.5, 8.6, 8.16470588235294)","(5.5, 11.0, 10.58)","(7.0, 19.5, 15.928571428571429)","(7.5, 18.0, 16.392857142857142)","(31.0, 140.0, 74.76923076923077)"
16-12-2022 14:49:44.811924,"(4.2, 4.9, 4.7625)","(3.5, 4.9, 4.55)","(6.0, 8.0, 6.523076923076923)","(6.5, 8.4, 7.9)","(5.5, 11.0, 10.58)","(7.0, 19.5, 16.86842105263158)","(7.5, 18.0, 16.392857142857142)","(31.0, 140.0, 74.76923076923077)"
16-12-2022 14:49:46.303694,"(4.2, 4.9, 4.8)","(3.5, 4.9, 4.55)","(6.0, 8.0, 6.870588235294118)","(6.5, 8.6, 7.828571428571429)","(5.5, 11.0, 10.58)","(7.0, 19.5, 16.86842105263158)","(7.5, 18.0, 16.81578947368421)","(31.0, 140.0, 74.76923076923077)"
16-12-2022 14:49:47.713767,"(4.2, 4.9, 4.7625)","(3.5, 4.9, 4.55)","(6.0, 8.0, 6.870588235294118)","(6.5, 8.4, 7.316666666666666)","(5.5, 11.0, 10.58)","(7.0, 19.5, 16.86842105263158)","(7.5, 18.0, 16.81578947368421)","(31.0, 140.0, 74.76923076923077)"
16-12-2022 14:49:49.032158,"(4.2, 4.9, 4.7625)","(3.5, 4.9, 4.573333333333333)","(6.0, 8.0, 6.870588235294118)","(6.5, 8.6, 7.316666666666666)","(5.5, 11.0, 10.58)","(7.0, 19.5, 16.86842105263158)","(7.5, 18.0, 16.81578947368421)","(31.0, 140.0, 74.76923076923077)"
16-12-2022 14:49:50.354364,"(4.2, 4.9, 4.7625)","(3.5, 4.9, 4.6375)","(6.0, 8.0, 6.85)","(6.0, 8.4, 8.84)","(6.0, 11.0, 10.3)","(7.5, 19.5, 16.852941176470587)","(7.5, 18.0, 16.75)","(31.0, 140.0, 69.33333333333334)"
16-12-2022 14:49:51.673667,"(4.2, 4.9, 4.35)","(3.5, 4.9, 4.59375)","(6.0, 7.8, 6.111111111111112)","(6.0, 9.4, 8.76842105263158)","(6.0, 11.0, 10.475)","(7.5, 19.5, 15.409090909090908)","(7.5, 18.0, 16.0)","(31.0, 140.0, 44.0)"
16-12-2022 14:49:52.959057,"(4.2, 4.9, 4.663157894736842)","(3.5, 4.9, 4.59375)","(6.0, 7.8, 7.0)","(6.0, 9.4, 8.76842105263158)","(6.0, 11.0, 10.475)","(7.5, 19.5, 15.8)","(7.5, 18.0, 16.0)","(31.0, 140.0, 83.0)"
16-12-2022 14:49:54.146768,"(4.2, 4.9, 4.663157894736842)","(3.5, 4.9, 4.59375)","(6.0, 7.6, 7.454545454545454)","(6.0, 9.2, 9.077777777777778)","(6.0, 11.0, 10.475)","(7.5, 19.0, 15.8)","(7.5, 18.0, 16.0)","(31.0, 130.0, 83.0)"
16-12-2022 14:49:55.453438,"(4.2, 4.9, 4.663157894736842)","(3.5, 4.9, 4.666666666666667)","(6.0, 7.6, 6.9411764705882355)","(6.0, 9.2, 9.033333333333333)","(6.0, 11.0, 10.475)","(7.5, 19.0, 16.666666666666668)","(7.5, 18.0, 16.2)","(31.0, 130.0, 83.0)"
16-12-2022 14:49:57.135299,"(4.2, 4.9, 4.627272727272727)","(3.5, 4.9, 4.666666666666667)","(6.0, 7.4, 6.445454545454545)","(6.0, 9.2, 9.033333333333333)","(6.0, 11.0, 10.6)","(7.5, 19.0, 17.8)","(7.5, 18.0, 16.357142857142858)","(31.0, 130.0, 83.0)"
16-12-2022 14:49:58.609917,"(4.2, 4.9, 4.54)","(3.5, 4.8, 4.514285714285714)","(6.0, 7.2, 6.311111111111111)","(6.0, 9.2, 9.033333333333333)","(6.0, 10.5, 9.9375)","(7.5, 18.5, 17.0)","(7.5, 17.5, 15.605263157894736)","(31.0, 130.0, 83.0)"
16-12-2022 14:50:00.001855,"(4.2, 4.9, 4.54)","(3.5, 4.8, 4.514285714285714)","(6.0, 7.2, 6.133333333333334)","(6.0, 9.2, 9.033333333333333)","(6.0, 10.5, 9.9375)","(7.5, 18.5, 17.0)","(7.5, 17.5, 15.605263157894736)","(31.0, 130.0, 83.0)"
16-12-2022 14:50:01.527489,"(4.2, 4.9, 4.54)","(3.5, 4.8, 4.728888888888889)","(6.0, 7.2, 6.133333333333334)","(6.0, 9.2, 7.800000000000001)","(6.0, 10.5, 9.9375)","(7.5, 18.5, 17.0)","(7.5, 17.5, 15.605263157894736)","(31.0, 130.0, 83.0)"
16-12-2022 14:50:02.932964,"(4.2, 4.9, 4.525)","(3.5, 4.8, 4.728888888888889)","(6.0, 7.2, 6.085714285714285)","(6.0, 8.4, 7.800000000000001)","(6.0, 10.5, 9.9375)","(7.5, 18.5, 17.0)","(7.5, 17.5, 15.605263157894736)","(31.0, 130.0, 83.0)"
16-12-2022 14:50:04.313648,"(4.2, 4.9, 4.6)","(3.5, 4.8, 4.728888888888889)","(6.0, 7.2, 6.12)","(6.0, 8.4, 7.976470588235294)","(6.0, 10.5, 9.9375)","(7.5, 18.5, 17.66)","(7.5, 17.5, 15.605263157894736)","(31.0, 130.0, 83.0)"
16-12-2022 14:50:05.668842,"(4.2, 4.9, 4.6)","(3.5, 4.8, 4.7441860465116275)","(6.0, 7.0, 6.3125)","(6.0, 8.4, 7.976470588235294)","(6.0, 10.5, 10.05)","(7.5, 18.5, 17.66)","(7.5, 17.5, 15.605263157894736)","(31.0, 130.0, 83.0)"
16-12-2022 14:50:07.005993,"(4.2, 4.9, 4.508695652173913)","(3.5, 4.8, 4.7441860465116275)","(6.0, 7.0, 6.3125)","(6.0, 8.4, 7.976470588235294)","(6.0, 10.5, 10.05)","(7.5, 18.5, 17.66)","(7.5, 17.5, 15.605263157894736)","(31.0, 130.0, 44.0)"
16-12-2022 14:50:08.363464,"(4.2, 4.9, 4.508695652173913)","(3.5, 4.8, 4.7441860465116275)","(6.0, 7.0, 6.223529411764706)","(6.0, 8.4, 7.976470588235294)","(6.0, 10.5, 10.05)","(7.5, 18.5, 17.586956521739133)","(7.5, 17.5, 15.605263157894736)","(31.0, 140.0, 60.5)"
16-12-2022 14:50:09.732659,"(4.2, 4.9, 4.508695652173913)","(3.5, 4.8, 4.7441860465116275)","(6.0, 7.0, 6.114285714285715)","(6.0, 8.4, 9.798967297762479)","(6.0, 10.5, 9.714285714285715)","(7.5, 18.5, 16.90625)","(7.5, 17.5, 15.363636363636363)","(31.0, 140.0, 106.5)"
16-12-2022 14:50:11.275222,"(4.2, 4.5, 4.38)","(3.5, 4.7, 4.633333333333334)","(6.0, 6.2, 6.3375)","(6.0, 9.8, 9.995883361921098)","(6.0, 9.8, 9.16923076923077)","(7.5, 17.0, 17.642857142857142)","(7.5, 15.5, 15.842105263157894)","(31.0, 130.0, 56.8)"
16-12-2022 14:50:12.725700,"(4.2, 4.5, 4.336363636363637)","(3.5, 4.8, 4.65)","(6.0, 6.6, 6.3375)","(6.5, 10.0, 9.995897435897437)","(6.0, 10.0, 9.16923076923077)","(7.0, 18.5, 17.642857142857142)","(7.5, 17.5, 15.842105263157894)","(31.0, 140.0, 56.8)"
16-12-2022 14:50:14.412120,"(4.2, 4.5, 4.336363636363637)","(3.5, 4.8, 4.65)","(6.0, 6.6, 6.0)","(6.5, 10.0, 9.995897435897437)","(6.0, 10.0, 9.4)","(7.0, 18.5, 17.919354838709676)","(7.5, 17.5, 16.1875)","(31.0, 140.0, 76.4)"
16-12-2022 14:50:16.086252,"(4.2, 4.6, 4.35)","(3.5, 4.8, 4.6125)","(6.0, 6.6, 6.3)","(6.5, 10.0, 9.995897435897437)","(6.0, 10.0, 9.368421052631579)","(7.5, 18.5, 17.919354838709676)","(7.5, 17.5, 15.1)","(31.0, 140.0, 116.57142857142857)"
16-12-2022 14:50:17.888113,"(4.2, 4.5, 4.35)","(3.5, 4.8, 4.6125)","(6.0, 6.6, 6.3)","(6.5, 10.0, 9.995862068965517)","(6.0, 10.0, 9.368421052631579)","(7.5, 18.5, 17.919354838709676)","(7.5, 17.5, 15.1)","(31.0, 130.0, 116.57142857142857)"
16-12-2022 14:50:19.314905,"(4.2, 4.5, 4.35)","(3.5, 4.8, 4.6125)","(6.0, 6.6, 6.05)","(6.5, 10.0, 9.995862068965517)","(6.0, 10.0, 9.435294117647059)","(7.5, 18.5, 17.919354838709676)","(7.5, 17.5, 15.1)","(31.0, 130.0, 78.0)"
16-12-2022 14:50:20.720858,"(4.2, 4.7, 4.427272727272728)","(3.5, 4.7, 4.672727272727273)","(6.0, 6.8, 6.05)","(6.5, 10.0, 9.995862068965517)","(6.0, 10.0, 9.4)","(7.5, 18.5, 17.818181818181817)","(7.5, 17.5, 16.3)","(31.0, 120.0, 56.92307692307692)"
16-12-2022 14:50:22.139628,"(4.2, 4.6, 4.530769230769231)","(3.5, 4.7, 4.557894736842106)","(6.0, 6.8, 5.925)","(6.5, 10.0, 9.995862068965517)","(6.0, 9.8, 9.3)","(7.5, 18.5, 17.666666666666668)","(7.5, 17.5, 16.5)","(31.0, 120.0, 56.92307692307692)"
16-12-2022 14:50:23.587665,"(4.2, 4.5, 4.245454545454545)","(3.5, 4.6, 4.495238095238095)","(6.0, 6.6, 6.133333333333333)","(6.5, 10.0, 9.991695501730105)","(6.0, 9.6, 9.3)","(7.5, 18.5, 17.666666666666668)","(7.5, 17.0, 16.23913043478261)","(31.0, 120.0, 56.92307692307692)"
16-12-2022 14:50:25.004023,"(4.2, 4.5, 4.209090909090909)","(3.5, 4.5, 4.383333333333333)","(6.0, 6.4, 6.030769230769231)","(6.5, 11.0, 10.981314878892734)","(6.0, 9.6, 9.225)","(7.5, 18.5, 17.666666666666668)","(7.5, 17.0, 16.46969696969697)","(31.0, 120.0, 56.92307692307692)"
16-12-2022 14:50:26.465557,"(4.2, 4.5, 4.18)","(3.5, 4.5, 4.383333333333333)","(6.0, 6.4, 6.030769230769231)","(6.5, 11.0, 10.138461538461538)","(6.0, 9.6, 9.225)","(7.5, 18.5, 17.785714285714285)","(7.5, 17.0, 15.727272727272727)","(31.0, 120.0, 74.44444444444444)"
16-12-2022 14:50:27.981869,"(4.2, 4.5, 4.16)","(3.5, 4.5, 4.383333333333333)","(6.0, 6.4, 6.030769230769231)","(6.5, 11.0, 10.138461538461538)","(6.0, 9.6, 9.225)","(7.5, 18.5, 17.785714285714285)","(7.5, 17.0, 15.727272727272727)","(31.0, 120.0, 74.44444444444444)"
16-12-2022 14:50:29.367969,"(4.2, 4.5, 4.18)","(3.5, 4.5, 4.36)","(6.0, 6.4, 6.030769230769231)","(6.5, 11.0, 10.138461538461538)","(6.0, 9.6, 9.225)","(7.5, 18.5, 17.785714285714285)","(7.5, 17.0, 15.727272727272727)","(31.0, 120.0, 85.83333333333333)"
16-12-2022 14:50:30.708374,"(4.2, 4.5, 4.18)","(3.5, 4.5, 4.36)","(6.0, 6.4, 6.030769230769231)","(6.5, 11.0, 10.138461538461538)","(6.0, 9.6, 9.225)","(7.5, 18.5, 17.785714285714285)","(7.5, 17.0, 15.727272727272727)","(31.0, 120.0, 85.83333333333333)"
16-12-2022 14:50:32.225214,"(4.2, 4.5, 4.18)","(3.5, 4.5, 4.36)","(6.0, 6.4, 6.030769230769231)","(6.5, 11.0, 10.138461538461538)","(6.0, 9.6, 9.225)","(7.5, 18.5, 17.785714285714285)","(7.5, 17.0, 15.727272727272727)","(31.0, 120.0, 85.83333333333333)"
16-12-2022 14:50:33.831002,"(4.2, 4.5, 4.168965517241379)","(3.5, 4.5, 4.370588235294117)","(6.0, 6.4, 6.133333333333334)","(6.5, 11.0, 10.513043478260869)","(6.0, 9.6, 9.225)","(7.5, 18.5, 17.785714285714285)","(7.5, 17.0, 15.727272727272727)","(31.0, 100.0, 55.0)"
16-12-2022 14:50:37.572687,"(4.2, 4.5, 4.168965517241379)","(3.5, 4.5, 4.4)","(6.0, 6.4, 6.085714285714285)","(6.5, 11.0, 10.48421052631579)","(6.0, 9.6, 9.225)","(7.5, 18.5, 17.785714285714285)","(7.5, 17.0, 15.727272727272727)","(31.0, 100.0, 55.0)"
16-12-2022 14:50:39.269622,"(4.2, 4.4, 4.1187499999999995)","(3.5, 4.5, 4.4222222222222225)","(6.0, 6.2, 6.085714285714285)","(6.5, 11.0, 10.55)","(6.0, 9.6, 8.5)","(7.5, 18.5, 17.810344827586206)","(7.5, 17.0, 15.727272727272727)","(31.0, 100.0, 74.28571428571428)"
16-12-2022 14:50:40.802798,"(4.2, 4.4, 4.1187499999999995)","(3.5, 4.5, 4.4222222222222225)","(6.0, 6.2, 6.085714285714285)","(6.5, 11.0, 10.55)","(6.0, 8.8, 8.246153846153847)","(7.5, 18.5, 17.85483870967742)","(7.5, 17.0, 16.0)","(31.0, 100.0, 74.28571428571428)"
16-12-2022 14:50:42.323873,"(4.2, 4.3, 4.1125)","(3.5, 4.5, 4.4222222222222225)","(6.0, 6.2, 6.04)","(6.5, 11.0, 10.55)","(6.0, 8.8, 8.213333333333333)","(7.5, 18.5, 17.85483870967742)","(7.5, 17.0, 16.0)","(31.0, 100.0, 58.0)"
16-12-2022 14:50:43.775733,"(4.2, 4.3, 4.1125)","(3.5, 4.5, 4.3933333333333335)","(6.0, 6.4, 6.066666666666666)","(6.5, 11.0, 10.466666666666667)","(6.0, 8.8, 8.311111111111112)","(7.5, 18.5, 17.5625)","(7.5, 17.0, 16.0)","(31.0, 100.0, 68.5)"
16-12-2022 14:50:47.349202,"(4.2, 4.3, 4.110526315789473)","(3.5, 4.5, 4.3933333333333335)","(6.0, 6.2, 6.010526315789473)","(6.5, 11.0, 10.466666666666667)","(6.0, 8.8, 8.311111111111112)","(7.5, 18.5, 17.692307692307693)","(7.5, 17.0, 16.0)","(31.0, 90.0, 79.77777777777777)"
16-12-2022 14:50:48.939428,"(4.2, 4.3, 4.108333333333333)","(3.5, 4.5, 4.275)","(6.0, 6.2, 5.937931034482759)","(6.5, 11.0, 10.526315789473685)","(6.0, 8.8, 8.222222222222223)","(7.5, 18.5, 17.9)","(7.5, 17.0, 16.346153846153847)","(31.0, 90.0, 68.0)"
16-12-2022 14:50:50.878593,"(4.2, 4.3, 4.108333333333333)","(3.5, 4.4, 4.233333333333333)","(6.0, 6.2, 5.96)","(6.5, 11.0, 10.735294117647058)","(6.0, 8.8, 8.290909090909091)","(7.5, 18.5, 18.5)","(7.5, 17.5, 16.346153846153847)","(31.0, 90.0, 68.0)"
16-12-2022 14:50:52.690963,"(4.2, 4.3, 4.108333333333333)","(3.5, 4.3, 4.233333333333333)","(6.0, 6.2, 5.9)","(6.5, 11.0, 10.727272727272727)","(6.0, 8.8, 8.433333333333334)","(7.5, 19.0, 18.5)","(7.5, 17.5, 16.346153846153847)","(31.0, 90.0, 68.0)"
16-12-2022 14:50:55.295798,"(4.2, 4.2, 4.094736842105263)","(3.5, 4.3, 4.190476190476191)","(6.0, 6.2, 5.9)","(6.5, 11.0, 10.727272727272727)","(6.0, 8.8, 8.4)","(7.5, 19.0, 18.5)","(7.5, 17.5, 16.346153846153847)","(31.0, 90.0, 68.0)"
16-12-2022 14:50:57.771379,"(4.2, 4.2, 4.062068965517241)","(3.6, 4.4, 4.25)","(5.5, 6.2, 5.9)","(7.0, 11.0, 10.630434782608695)","(6.0, 8.8, 8.52)","(8.0, 19.0, 18.5)","(8.5, 17.5, 16.52777777777778)","(31.0, 85.0, 72.46428571428571)"
16-12-2022 14:50:59.153924,"(4.2, 4.2, 4.062068965517241)","(3.6, 4.3, 4.166666666666666)","(5.5, 6.2, 5.8769230769230765)","(7.0, 11.0, 10.527777777777779)","(6.0, 8.8, 8.426666666666668)","(8.0, 19.0, 18.71875)","(8.5, 17.5, 16.1875)","(31.0, 85.0, 65.41176470588235)"
16-12-2022 14:51:00.541609,"(4.2, 4.2, 4.085714285714285)","(3.6, 4.3, 4.166666666666666)","(5.5, 6.0, 5.822222222222222)","(7.0, 11.0, 10.527777777777779)","(6.0, 8.8, 8.4625)","(8.0, 19.0, 18.71875)","(8.5, 17.5, 16.6)","(31.0, 85.0, 65.41176470588235)"
16-12-2022 14:51:01.964532,"(4.2, 4.2, 4.085714285714285)","(3.6, 4.3, 4.11578947368421)","(5.5, 6.0, 5.9314285714285715)","(7.0, 11.0, 10.527777777777779)","(6.0, 8.8, 8.433333333333334)","(8.0, 19.0, 18.71875)","(8.5, 17.0, 16.6)","(31.0, 85.0, 66.5)"
16-12-2022 14:51:03.447609,"(4.2, 4.2, 4.073684210526316)","(3.6, 4.4, 4.1187499999999995)","(5.5, 6.0, 5.9025)","(7.0, 11.0, 10.404255319148936)","(6.0, 8.8, 8.433333333333334)","(8.0, 19.0, 18.71875)","(8.5, 17.0, 16.6)","(31.0, 85.0, 66.5)"
16-12-2022 14:51:05.096885,"(4.2, 4.2, 4.073684210526316)","(3.6, 4.4, 4.1187499999999995)","(5.5, 6.0, 5.88)","(7.0, 11.0, 10.404255319148936)","(6.0, 8.8, 8.433333333333334)","(8.0, 19.0, 18.71875)","(8.5, 17.0, 16.684210526315788)","(31.0, 85.0, 70.9047619047619)"
16-12-2022 14:51:06.458954,"(4.2, 4.2, 4.073684210526316)","(3.6, 4.4, 4.166666666666666)","(5.5, 6.0, 5.85)","(7.0, 11.0, 10.404255319148936)","(6.0, 8.8, 8.433333333333334)","(8.0, 19.0, 20.333333333333332)","(8.5, 17.0, 16.684210526315788)","(31.0, 85.0, 70.9047619047619)"
16-12-2022 14:51:07.879585,"(3.7, 4.2, 4.073684210526316)","(3.4, 4.3, 4.166666666666666)","(5.5, 6.0, 5.85)","(7.0, 11.0, 10.404255319148936)","(6.0, 8.8, 8.41)","(10.0, 22.0, 20.333333333333332)","(10.0, 17.0, 16.684210526315788)","(31.0, 85.0, 70.9047619047619)"
16-12-2022 14:51:09.198623,"(3.7, 4.2, 4.073684210526316)","(3.4, 4.3, 4.166666666666666)","(5.5, 6.0, 5.89)","(7.0, 11.0, 10.404255319148936)","(6.0, 8.8, 8.41)","(10.0, 22.0, 19.25)","(10.0, 17.0, 16.25)","(31.0, 85.0, 69.0)"
16-12-2022 14:51:10.539025,"(3.7, 4.2, 4.073684210526316)","(3.4, 4.3, 4.211764705882353)","(5.5, 6.0, 5.89)","(7.0, 11.0, 10.347826086956522)","(6.0, 8.8, 8.382608695652173)","(10.0, 22.0, 19.25)","(10.0, 17.0, 16.25)","(31.0, 85.0, 69.0)"
16-12-2022 14:51:11.889394,"(3.7, 4.1, 4.0874999999999995)","(3.4, 4.4, 4.211764705882353)","(5.5, 6.0, 5.89)","(7.0, 11.0, 10.347826086956522)","(6.0, 8.8, 8.4625)","(10.0, 22.0, 19.2)","(10.0, 17.0, 16.25)","(31.0, 85.0, 73.0)"
16-12-2022 14:51:13.182394,"(3.7, 4.1, 4.0874999999999995)","(3.4, 4.4, 4.214285714285714)","(5.5, 6.0, 5.89)","(7.0, 11.0, 10.347826086956522)","(6.0, 8.8, 8.39090909090909)","(10.0, 21.0, 19.2)","(10.0, 17.0, 16.423076923076923)","(31.0, 85.0, 73.0)"
16-12-2022 14:51:14.485191,"(3.7, 4.1, 4.074999999999999)","(3.4, 4.4, 4.214285714285714)","(5.5, 6.0, 5.89)","(7.0, 11.0, 10.347826086956522)","(6.0, 8.8, 8.39090909090909)","(10.0, 21.0, 19.2)","(10.0, 17.0, 16.423076923076923)","(31.0, 85.0, 79.0)"
16-12-2022 14:51:15.750164,"(3.7, 4.1, 4.074999999999999)","(3.5, 4.4, 4.214285714285714)","(5.0, 6.0, 5.89)","(7.5, 11.0, 10.444444444444445)","(6.5, 8.8, 8.39090909090909)","(11.0, 21.0, 19.133333333333333)","(10.0, 17.0, 16.423076923076923)","(31.0, 85.0, 79.0)"
16-12-2022 14:51:17.031500,"(3.7, 4.1, 4.074999999999999)","(3.5, 4.4, 4.214285714285714)","(5.0, 6.0, 5.89)","(7.5, 11.0, 10.444444444444445)","(6.5, 8.8, 8.39090909090909)","(11.0, 21.0, 19.133333333333333)","(10.0, 17.0, 16.423076923076923)","(31.0, 85.0, 79.0)"
16-12-2022 14:51:18.370798,"(3.7, 4.1, 4.074999999999999)","(3.5, 4.4, 4.31875)","(5.0, 6.0, 5.89)","(7.5, 11.0, 10.444444444444445)","(6.5, 8.8, 8.355555555555556)","(11.0, 21.0, 19.133333333333333)","(10.0, 17.0, 16.423076923076923)","(31.0, 85.0, 79.0)"
16-12-2022 14:51:19.705345,"(3.7, 4.1, 4.074999999999999)","(3.5, 4.4, 4.327272727272727)","(5.0, 6.0, 5.831034482758621)","(7.5, 11.0, 10.4)","(6.5, 8.8, 8.344827586206897)","(11.0, 21.0, 19.133333333333333)","(10.0, 17.0, 16.705882352941178)","(31.0, 85.0, 79.0)"
16-12-2022 14:51:21.019504,"(3.7, 4.1, 4.046153846153846)","(3.5, 4.4, 4.333333333333333)","(5.0, 5.9, 5.831034482758621)","(7.5, 10.5, 10.375)","(6.5, 8.8, 8.344827586206897)","(11.0, 21.0, 19.133333333333333)","(10.0, 17.0, 16.705882352941178)","(31.0, 85.0, 79.0)"
16-12-2022 14:51:22.328231,"(3.7, 4.1, 4.034375)","(3.5, 4.4, 4.333333333333333)","(5.0, 5.9, 5.811764705882354)","(7.5, 10.5, 10.431818181818182)","(6.5, 8.8, 8.447058823529412)","(11.0, 21.0, 19.133333333333333)","(10.0, 17.0, 16.705882352941178)","(31.0, 85.0, 75.625)"
16-12-2022 14:51:23.572458,"(3.7, 4.1, 3.995)","(3.5, 4.4, 4.333333333333333)","(5.0, 5.9, 5.752941176470588)","(7.5, 10.5, 10.375)","(6.5, 8.8, 8.415384615384616)","(11.0, 21.0, 19.133333333333333)","(10.0, 17.0, 16.705882352941178)","(31.0, 85.0, 75.625)"
16-12-2022 14:51:24.754956,"(3.7, 4.1, 3.96)","(3.5, 4.4, 4.333333333333333)","(5.0, 5.8, 5.725)","(7.5, 10.5, 10.452380952380953)","(6.5, 8.6, 8.36470588235294)","(11.0, 21.0, 19.133333333333333)","(10.0, 17.0, 16.705882352941178)","(31.0, 85.0, 75.0)"
16-12-2022 14:51:25.966205,"(3.7, 4.1, 3.96)","(3.5, 4.4, 4.322222222222222)","(5.0, 5.8, 5.666666666666667)","(7.5, 10.5, 12.977443609022556)","(6.5, 8.6, 8.161538461538461)","(11.0, 21.0, 19.133333333333333)","(10.0, 17.0, 16.285714285714285)","(31.0, 85.0, 75.0)"
16-12-2022 14:51:27.196932,"(3.7, 4.1, 4.014893617021277)","(3.5, 4.4, 4.213333333333334)","(5.0, 5.7, 5.576923076923077)","(7.5, 13.0, 12.97841726618705)","(6.5, 8.6, 8.24705882352941)","(11.0, 21.0, 19.133333333333333)","(10.0, 17.0, 16.285714285714285)","(31.0, 85.0, 75.0)"
16-12-2022 14:51:28.426749,"(3.7, 4.1, 4.014893617021277)","(3.5, 4.4, 4.213333333333334)","(5.0, 5.7, 5.576923076923077)","(7.5, 13.0, 12.988970588235293)","(6.5, 8.6, 8.24705882352941)","(11.0, 21.0, 19.133333333333333)","(10.0, 17.0, 16.285714285714285)","(31.0, 85.0, 75.0)"
16-12-2022 14:51:30.011273,"(3.7, 4.1, 4.018478260869565)","(3.5, 4.4, 4.218181818181819)","(5.0, 5.6, 5.4714285714285715)","(7.5, 13.0, 13.785714285714286)","(6.5, 8.6, 8.4125)","(11.0, 21.0, 19.133333333333333)","(10.0, 17.0, 16.285714285714285)","(31.0, 85.0, 75.0)"
16-12-2022 14:51:31.339681,"(3.7, 4.0, 3.925)","(3.5, 4.4, 4.218181818181819)","(5.0, 5.6, 5.566666666666666)","(7.5, 14.0, 13.785714285714286)","(6.5, 8.6, 8.36)","(11.0, 21.0, 19.454545454545453)","(10.0, 17.0, 16.285714285714285)","(31.0, 85.0, 78.33333333333333)"
16-12-2022 14:51:32.579517,"(3.7, 3.95, 3.892857142857143)","(3.5, 4.3, 4.228571428571429)","(5.0, 5.5, 5.45)","(7.5, 14.0, 13.814814814814815)","(6.5, 8.6, 8.295652173913044)","(11.0, 21.0, 19.59375)","(10.0, 17.0, 15.416666666666666)","(31.0, 85.0, 80.71428571428572)"
16-12-2022 14:51:33.819448,"(3.7, 3.85, 3.816666666666667)","(3.5, 4.3, 4.266666666666667)","(5.0, 5.9, 5.7250000000000005)","(7.5, 14.0, 13.868421052631579)","(6.5, 8.4, 8.36)","(11.0, 21.0, 19.59375)","(10.0, 15.5, 15.416666666666666)","(31.0, 85.0, 80.71428571428572)"
16-12-2022 14:51:35.083606,"(3.6, 3.8, 3.7727272727272725)","(3.5, 4.3, 4.266666666666667)","(5.0, 5.9, 5.7250000000000005)","(7.5, 14.0, 14.083333333333334)","(6.5, 8.6, 8.299999999999999)","(11.0, 21.0, 19.59375)","(10.0, 15.5, 15.666666666666666)","(31.0, 85.0, 82.5)"
16-12-2022 14:51:36.289272,"(3.6, 3.75, 3.7357142857142858)","(3.5, 4.3, 4.25)","(5.0, 5.9, 5.7250000000000005)","(7.5, 14.5, 14.120689655172415)","(6.5, 8.6, 8.333333333333332)","(11.0, 21.0, 19.714285714285715)","(10.0, 16.0, 15.666666666666666)","(31.0, 85.0, 82.5)"
16-12-2022 14:51:37.838371,"(3.6, 3.75, 3.7357142857142858)","(3.5, 4.3, 4.25)","(5.0, 6.0, 5.825)","(8.0, 14.5, 14.120689655172415)","(6.5, 8.6, 8.399999999999999)","(11.0, 21.0, 19.714285714285715)","(10.0, 16.0, 15.666666666666666)","(31.0, 85.0, 82.5)"
16-12-2022 14:51:39.133897,"(3.6, 3.75, 3.7136363636363634)","(3.5, 4.3, 4.2176470588235295)","(5.0, 6.0, 5.825)","(8.0, 14.5, 14.178571428571429)","(6.5, 8.6, 8.52)","(11.0, 21.0, 19.714285714285715)","(10.0, 16.0, 15.6)","(31.0, 85.0, 82.5)"
16-12-2022 14:51:40.380978,"(3.6, 3.75, 3.7136363636363634)","(3.5, 4.3, 4.2176470588235295)","(5.0, 6.0, 5.825)","(8.0, 14.5, 14.178571428571429)","(6.5, 8.6, 8.48235294117647)","(11.0, 21.0, 19.714285714285715)","(10.0, 16.0, 15.6)","(31.0, 85.0, 82.5)"
16-12-2022 14:51:41.645039,"(3.6, 3.7, 3.678571428571429)","(3.5, 4.3, 4.166666666666667)","(5.0, 6.0, 5.84)","(8.0, 14.5, 14.441176470588236)","(6.5, 8.8, 8.389473684210525)","(11.0, 21.0, 19.56)","(10.0, 16.0, 15.823529411764707)","(31.0, 85.0, 82.5)"
16-12-2022 14:51:43.061745,"(3.6, 3.65, 3.645833333333333)","(3.5, 4.2, 4.116666666666666)","(5.0, 6.0, 5.825)","(8.0, 14.5, 14.433333333333334)","(6.5, 8.8, 8.466666666666667)","(11.0, 21.0, 19.5)","(10.0, 16.0, 15.823529411764707)","(31.0, 85.0, 82.5)"
16-12-2022 14:51:44.365508,"(3.5, 3.65, 3.691891891891892)","(3.5, 4.2, 4.116666666666666)","(5.0, 6.0, 5.825)","(8.0, 14.5, 14.64516129032258)","(6.5, 8.8, 8.36969696969697)","(11.0, 21.0, 19.714285714285715)","(10.0, 16.0, 15.76923076923077)","(31.0, 85.0, 82.5)"
16-12-2022 14:51:45.645794,"(3.5, 3.7, 3.68)","(3.5, 4.2, 4.02)","(5.0, 6.0, 5.825)","(8.0, 15.0, 14.64516129032258)","(6.5, 8.6, 8.337931034482757)","(11.0, 21.0, 19.714285714285715)","(10.0, 16.0, 15.76923076923077)","(31.0, 85.0, 82.5)"
16-12-2022 14:51:47.232401,"(3.5, 3.75, 3.675)","(3.5, 4.1, 4.0)","(5.0, 6.0, 5.84)","(8.0, 15.0, 14.791666666666666)","(6.5, 8.6, 8.399999999999999)","(11.0, 21.0, 19.714285714285715)","(10.0, 16.5, 15.9)","(31.0, 85.0, 82.5)"
16-12-2022 14:51:48.812048,"(3.5, 3.75, 3.675)","(3.5, 4.1, 3.9625)","(5.0, 6.0, 5.825)","(8.0, 15.0, 14.791666666666666)","(6.5, 8.6, 8.435294117647059)","(11.0, 21.0, 19.714285714285715)","(10.0, 16.5, 16.4)","(31.0, 85.0, 82.5)"
16-12-2022 14:51:50.117065,"(3.5, 3.75, 3.675)","(3.5, 4.1, 3.9625)","(5.0, 6.0, 5.84)","(8.0, 15.0, 14.791666666666666)","(6.5, 8.6, 8.51764705882353)","(12.0, 21.0, 19.714285714285715)","(10.0, 17.0, 17.333333333333332)","(31.0, 85.0, 82.5)"
16-12-2022 14:51:51.496855,"(3.5, 3.75, 3.668181818181818)","(3.5, 4.1, 3.9625)","(5.0, 6.0, 5.76)","(8.0, 15.0, 14.681818181818182)","(6.5, 8.6, 8.6327868852459)","(12.0, 21.0, 19.714285714285715)","(10.0, 17.5, 16.464285714285715)","(31.0, 85.0, 82.5)"
16-12-2022 14:51:53.136312,"(3.5, 3.95, 3.8130434782608695)","(3.5, 3.9, 3.769047619047619)","(5.0, 6.0, 5.718181818181819)","(8.0, 15.0, 14.868421052631579)","(6.5, 9.0, 8.655555555555555)","(12.0, 21.0, 20.035714285714285)","(10.0, 17.0, 16.925)","(31.0, 85.0, 82.5)"
16-12-2022 14:51:55.595640,"(3.5, 3.95, 3.821428571428571)","(3.5, 3.85, 3.783333333333333)","(5.0, 5.9, 5.6909090909090905)","(8.0, 15.0, 14.868421052631579)","(6.5, 9.0, 8.812121212121212)","(12.0, 21.0, 20.15625)","(10.0, 17.0, 16.925)","(31.0, 85.0, 82.5)"
16-12-2022 14:51:57.279626,"(3.4, 3.95, 3.8)","(3.4, 3.8, 3.835714285714286)","(5.0, 5.8, 5.818181818181818)","(9.0, 15.0, 15.3)","(6.5, 9.0, 8.860000000000001)","(12.0, 21.0, 20.43103448275862)","(10.0, 17.0, 17.2)","(31.0, 85.0, 83.26086956521739)"
16-12-2022 14:51:58.627160,"(3.4, 3.8, 3.745121951219512)","(3.4, 3.85, 3.761111111111111)","(5.0, 6.0, 5.733333333333333)","(9.0, 15.5, 15.314814814814815)","(6.5, 9.0, 9.4)","(12.0, 21.0, 22.5)","(10.0, 17.5, 16.75)","(31.0, 85.0, 84.0)"
16-12-2022 14:51:59.913809,"(3.4, 3.8, 3.7482758620689656)","(3.4, 3.8, 3.718867924528302)","(5.0, 6.0, 5.825)","(9.0, 15.5, 15.4375)","(6.5, 9.6, 9.123076923076923)","(12.0, 23.0, 22.7)","(10.0, 18.0, 16.75)","(31.0, 90.0, 86.66666666666667)"
16-12-2022 14:52:01.219295,"(3.4, 3.65, 3.632142857142857)","(3.4, 3.9, 3.7714285714285714)","(5.0, 6.0, 5.825)","(9.0, 15.5, 15.307692307692308)","(6.5, 9.4, 9.175)","(12.0, 23.0, 22.7)","(10.0, 18.0, 16.75)","(31.0, 90.0, 86.66666666666667)"
16-12-2022 14:52:02.532834,"(3.4, 3.65, 3.6142857142857143)","(3.4, 3.9, 3.7714285714285714)","(5.0, 6.0, 5.825)","(9.0, 16.0, 15.4)","(6.5, 9.4, 9.433333333333334)","(12.0, 23.0, 22.7)","(10.0, 18.0, 16.75)","(31.0, 90.0, 86.66666666666667)"
16-12-2022 14:52:03.850681,"(3.3, 3.6, 3.575)","(3.4, 3.9, 3.7714285714285714)","(4.8, 6.0, 5.733333333333333)","(9.0, 15.5, 15.4)","(6.5, 9.6, 9.466666666666667)","(12.0, 23.0, 22.7)","(10.0, 18.0, 17.11764705882353)","(31.0, 90.0, 87.27272727272727)"
16-12-2022 14:52:05.183242,"(3.3, 3.75, 3.673076923076923)","(3.4, 3.9, 3.7738095238095237)","(4.8, 6.0, 5.71875)","(9.0, 15.5, 15.416666666666666)","(6.5, 9.6, 9.542857142857143)","(12.0, 23.0, 22.7)","(10.0, 18.0, 17.285714285714285)","(31.0, 90.0, 87.27272727272727)"
16-12-2022 14:52:06.461334,"(3.3, 3.7, 3.672222222222222)","(3.4, 3.85, 3.7738095238095237)","(4.8, 6.0, 5.716666666666667)","(9.0, 15.5, 15.323529411764707)","(6.5, 9.6, 9.563636363636363)","(12.0, 23.0, 22.7)","(10.0, 18.0, 17.571428571428573)","(41.0, 90.0, 87.27272727272727)"
16-12-2022 14:52:07.778911,"(3.3, 3.7, 3.672222222222222)","(3.4, 3.8, 3.776470588235294)","(4.8, 5.9, 5.717391304347826)","(9.0, 15.5, 15.90909090909091)","(6.5, 9.6, 9.563636363636363)","(12.0, 23.0, 22.7)","(10.0, 18.0, 17.09090909090909)","(41.0, 90.0, 87.27272727272727)"
16-12-2022 14:52:09.032481,"(3.3, 3.7, 3.6545454545454548)","(3.4, 3.8, 3.776470588235294)","(4.8, 5.9, 5.7444444444444445)","(9.0, 16.0, 15.90909090909091)","(6.5, 9.6, 9.578947368421053)","(12.0, 23.0, 22.7)","(10.0, 18.0, 17.09090909090909)","(41.0, 90.0, 87.27272727272727)"
16-12-2022 14:52:10.460784,"(3.3, 3.7, 3.6315789473684212)","(3.4, 3.8, 3.776470588235294)","(4.8, 5.9, 5.709090909090909)","(9.0, 16.0, 16.428571428571427)","(6.5, 9.6, 9.578947368421053)","(12.0, 23.0, 22.7)","(10.0, 18.0, 17.642857142857142)","(41.0, 90.0, 88.125)"
16-12-2022 14:52:12.183943,"(3.3, 3.7, 3.7375000000000003)","(3.4, 3.8, 3.7152173913043476)","(4.8, 5.8, 5.684210526315789)","(9.0, 16.5, 16.363636363636363)","(6.5, 9.6, 9.578947368421053)","(12.0, 23.0, 22.666666666666668)","(10.0, 20.0, 19.333333333333332)","(41.0, 90.0, 87.27272727272727)"
16-12-2022 14:52:13.942144,"(3.3, 3.85, 3.7153846153846155)","(3.4, 3.8, 3.6657894736842103)","(4.8, 5.8, 5.653333333333333)","(9.0, 16.5, 16.375)","(6.5, 9.6, 9.573333333333332)","(12.0, 23.0, 22.666666666666668)","(10.0, 20.0, 19.77777777777778)","(41.0, 90.0, 87.27272727272727)"
16-12-2022 14:52:15.263940,"(3.3, 3.8, 3.7153846153846155)","(3.4, 3.75, 3.65)","(4.8, 5.8, 5.656521739130435)","(9.0, 16.5, 16.4)","(6.5, 9.6, 9.583333333333332)","(12.0, 23.0, 22.666666666666668)","(10.0, 20.0, 19.8125)","(41.0, 90.0, 87.27272727272727)"
16-12-2022 14:52:16.513237,"(3.3, 3.8, 3.7357142857142858)","(3.4, 3.65, 3.625)","(4.8, 5.8, 5.684615384615385)","(9.0, 16.5, 16.416666666666668)","(6.5, 9.6, 9.583333333333332)","(12.0, 23.0, 22.666666666666668)","(10.0, 22.0, 19.625)","(41.0, 90.0, 87.27272727272727)"
16-12-2022 14:52:17.688024,"(3.2, 3.95, 3.875)","(3.3, 3.6, 3.5636363636363635)","(4.8, 5.7, 5.757142857142857)","(10.0, 16.5, 16.4)","(7.0, 9.6, 9.568)","(13.0, 23.0, 22.4)","(11.0, 20.0, 19.625)","(41.0, 90.0, 87.27272727272727)"
16-12-2022 14:52:18.932107,"(3.2, 3.9, 3.8047619047619046)","(3.3, 3.7, 3.716666666666667)","(4.8, 5.8, 5.684615384615385)","(10.0, 16.5, 15.714285714285714)","(7.0, 9.6, 9.516666666666666)","(13.0, 23.0, 22.4)","(11.0, 20.0, 19.625)","(41.0, 90.0, 85.71428571428571)"
16-12-2022 14:52:20.112467,"(3.2, 3.9, 3.8107142857142855)","(3.3, 3.75, 3.716666666666667)","(4.8, 5.7, 5.683333333333334)","(10.0, 16.0, 15.625)","(7.0, 9.6, 9.58)","(13.0, 23.0, 22.4)","(11.0, 20.0, 19.625)","(41.0, 90.0, 85.71428571428571)"
16-12-2022 14:52:21.317885,"(3.2, 3.9, 3.8107142857142855)","(3.3, 3.75, 3.6095744680851065)","(4.8, 5.7, 5.725)","(10.0, 16.0, 15.461538461538462)","(7.0, 9.6, 9.492307692307692)","(13.0, 23.0, 22.4)","(11.0, 20.0, 19.666666666666668)","(41.0, 90.0, 85.71428571428571)"
16-12-2022 14:52:22.442610,"(3.2, 3.9, 3.8148148148148144)","(3.3, 3.65, 3.6409090909090907)","(4.8, 5.8, 5.714285714285714)","(10.0, 16.0, 15.461538461538462)","(7.0, 9.6, 9.545454545454545)","(13.0, 23.0, 22.4)","(11.0, 20.0, 19.666666666666668)","(41.0, 90.0, 85.71428571428571)"
16-12-2022 14:52:23.589814,"(3.2, 3.9, 3.851063829787234)","(3.3, 3.6, 3.5714285714285716)","(4.8, 5.8, 5.714285714285714)","(10.0, 16.0, 15.461538461538462)","(7.0, 9.6, 9.711111111111112)","(13.0, 23.0, 22.8)","(11.0, 20.0, 19.666666666666668)","(41.0, 90.0, 85.71428571428571)"
16-12-2022 14:52:24.728826,"(3.2, 3.9, 3.8625)","(3.3, 3.6, 3.545714285714286)","(4.8, 5.7, 5.677777777777778)","(10.0, 16.0, 15.75)","(7.0, 9.8, 9.775)","(13.0, 23.0, 22.8)","(11.0, 20.0, 19.666666666666668)","(41.0, 90.0, 85.71428571428571)"
16-12-2022 14:52:25.891768,"(3.2, 3.9, 3.87)","(3.3, 3.6, 3.545714285714286)","(4.8, 5.7, 5.588888888888889)","(10.0, 16.0, 15.75)","(7.0, 9.8, 9.775)","(13.0, 23.0, 22.8)","(11.0, 20.0, 19.6)","(41.0, 90.0, 85.71428571428571)"
16-12-2022 14:52:27.073578,"(3.2, 3.9, 3.8576923076923078)","(3.3, 3.6, 3.545714285714286)","(4.8, 5.6, 5.588888888888889)","(10.0, 16.0, 15.75)","(7.0, 9.8, 9.790000000000001)","(13.0, 23.0, 20.75)","(11.0, 20.0, 19.125)","(41.0, 90.0, 87.27272727272727)"
16-12-2022 14:52:28.311913,"(3.2, 3.95, 3.9250000000000003)","(3.3, 3.6, 3.545714285714286)","(4.8, 5.6, 5.588888888888889)","(10.0, 16.0, 15.625)","(7.0, 10.0, 9.766666666666667)","(13.0, 22.0, 21.5)","(11.0, 19.5, 19.125)","(41.0, 90.0, 85.71428571428571)"
16-12-2022 14:52:29.506153,"(3.2, 3.95, 3.9250000000000003)","(3.3, 3.6, 3.545714285714286)","(4.8, 5.6, 5.588888888888889)","(10.0, 16.0, 15.625)","(7.0, 9.8, 9.766666666666667)","(13.0, 22.0, 21.5)","(11.0, 19.5, 19.125)","(41.0, 90.0, 85.71428571428571)"
16-12-2022 14:52:30.728313,"(3.2, 3.95, 3.934615384615385)","(3.3, 3.55, 3.513333333333333)","(4.8, 5.6, 5.58)","(10.0, 16.0, 15.954545454545455)","(7.0, 9.8, 9.766666666666667)","(13.0, 22.0, 21.5)","(11.0, 19.5, 19.125)","(41.0, 90.0, 85.71428571428571)"
16-12-2022 14:52:31.970479,"(3.2, 4.0, 3.975)","(3.3, 3.55, 3.513333333333333)","(4.8, 5.6, 5.542857142857143)","(10.0, 16.0, 16.433333333333334)","(7.0, 9.8, 9.766666666666667)","(13.0, 22.0, 21.5)","(11.0, 19.5, 19.125)","(41.0, 90.0, 85.71428571428571)"
16-12-2022 14:52:33.177112,"(3.2, 4.1, 3.985294117647059)","(3.3, 3.55, 3.513333333333333)","(4.8, 5.6, 5.5)","(10.0, 16.5, 16.47826086956522)","(7.0, 9.8, 9.971428571428572)","(13.0, 22.0, 21.5)","(11.0, 19.5, 19.125)","(41.0, 90.0, 87.27272727272727)"
16-12-2022 14:52:34.374533,"(3.2, 4.0, 3.9571428571428573)","(3.3, 3.45, 3.4055921052631577)","(4.8, 5.6, 5.675)","(10.0, 17.0, 16.38888888888889)","(7.0, 10.0, 9.96)","(13.0, 22.0, 21.928571428571427)","(11.0, 19.5, 19.125)","(41.0, 90.0, 85.71428571428571)"
16-12-2022 14:52:35.499482,"(3.2, 3.9, 3.8833333333333333)","(3.3, 3.45, 3.4049668874172183)","(4.8, 5.7, 5.675)","(10.0, 16.5, 16.38235294117647)","(7.0, 10.0, 9.966666666666667)","(13.0, 23.0, 22.857142857142858)","(11.0, 19.5, 19.90909090909091)","(41.0, 90.0, 87.27272727272727)"
16-12-2022 14:52:36.614251,"(3.3, 3.95, 3.931818181818182)","(3.2, 3.45, 3.41027397260274)","(4.8, 5.7, 5.7625)","(10.0, 16.5, 16.38235294117647)","(7.0, 10.0, 9.96)","(13.0, 24.0, 22.857142857142858)","(11.0, 21.0, 19.285714285714285)","(41.0, 90.0, 87.27272727272727)"
16-12-2022 14:52:37.991563,"(3.3, 3.85, 3.83)","(3.2, 3.6, 3.555263157894737)","(4.8, 5.8, 5.733333333333333)","(10.0, 16.5, 16.214285714285715)","(7.0, 10.0, 10.785714285714286)","(13.0, 24.0, 20.88888888888889)","(11.0, 21.0, 18.818181818181817)","(41.0, 90.0, 88.18181818181819)"
16-12-2022 14:52:39.415186,"(3.3, 3.9, 3.819230769230769)","(3.2, 3.6, 3.590047393364929)","(4.8, 5.8, 5.6499999999999995)","(10.0, 16.5, 15.75)","(7.0, 11.0, 9.133333333333333)","(13.0, 24.0, 21.0)","(11.0, 21.0, 19.88888888888889)","(41.0, 90.0, 88.0)"
16-12-2022 14:52:40.585032,"(3.3, 3.9, 3.818181818181818)","(3.2, 3.6, 3.590047393364929)","(4.8, 5.9, 5.6499999999999995)","(10.0, 16.5, 16.27777777777778)","(7.0, 9.2, 9.155555555555555)","(13.0, 24.0, 21.0)","(11.0, 21.0, 20.285714285714285)","(41.0, 90.0, 88.0)"
16-12-2022 14:52:41.743053,"(3.3, 3.9, 3.8249999999999997)","(3.2, 3.6, 3.5917874396135265)","(4.8, 5.9, 5.6499999999999995)","(10.0, 16.5, 16.55)","(7.0, 9.2, 9.174999999999999)","(15.0, 24.0, 21.81818181818182)","(12.0, 21.0, 19.571428571428573)","(51.0, 90.0, 88.0)"
16-12-2022 14:52:42.882506,"(3.3, 3.9, 3.825)","(3.2, 3.7, 3.6437500000000003)","(4.8, 5.8, 5.757142857142857)","(11.0, 17.0, 16.125)","(7.0, 9.2, 9.233333333333334)","(15.0, 24.0, 21.81818181818182)","(12.0, 20.0, 19.571428571428573)","(51.0, 90.0, 88.0)"
16-12-2022 14:52:43.986574,"(3.3, 3.9, 3.834375)","(3.2, 3.6, 3.553846153846154)","(4.8, 5.8, 5.757142857142857)","(11.0, 17.0, 16.416666666666668)","(7.0, 9.4, 9.233333333333334)","(15.0, 24.0, 22.875)","(12.0, 20.0, 19.0)","(51.0, 90.0, 88.0)"
16-12-2022 14:52:45.058590,"(3.3, 3.9, 3.8125)","(3.2, 3.6, 3.575)","(4.8, 5.8, 5.757142857142857)","(11.0, 17.0, 16.61111111111111)","(7.0, 9.4, 9.1)","(15.0, 24.0, 23.57142857142857)","(12.0, 20.0, 19.0)","(51.0, 90.0, 88.0)"
16-12-2022 14:52:46.421454,"(3.3, 3.9, 3.796875)","(3.2, 3.6, 3.596153846153846)","(4.8, 5.8, 5.757142857142857)","(11.0, 17.0, 16.833333333333332)","(7.0, 9.2, 9.1)","(15.0, 24.0, 23.0)","(12.0, 20.0, 19.0)","(51.0, 90.0, 88.0)"
16-12-2022 14:52:47.937973,"(3.3, 3.9, 3.7884615384615383)","(3.2, 3.65, 3.59)","(4.8, 5.8, 5.757142857142857)","(11.0, 17.0, 16.681818181818183)","(7.0, 9.2, 9.1)","(15.0, 24.0, 22.666666666666668)","(12.0, 20.0, 19.0)","(51.0, 90.0, 88.0)"
16-12-2022 14:52:49.158577,"(3.3, 3.85, 3.7772727272727273)","(3.2, 3.65, 3.58)","(4.8, 5.8, 5.757142857142857)","(11.0, 17.0, 16.789473684210527)","(7.0, 9.2, 9.174999999999999)","(15.0, 24.0, 22.857142857142858)","(12.0, 20.0, 21.2)","(51.0, 90.0, 88.0)"
16-12-2022 14:52:50.498558,"(3.3, 3.85, 3.7772727272727273)","(3.2, 3.6, 3.5545454545454547)","(4.8, 5.8, 5.757142857142857)","(11.0, 17.0, 16.555555555555557)","(7.0, 9.2, 9.174999999999999)","(15.0, 24.0, 22.857142857142858)","(12.0, 22.0, 21.2)","(51.0, 90.0, 88.0)"
16-12-2022 14:52:51.692022,"(3.3, 3.85, 3.7772727272727273)","(3.2, 3.6, 3.5545454545454547)","(4.8, 5.8, 5.757142857142857)","(11.0, 17.0, 16.6)","(7.0, 9.2, 8.9)","(15.0, 24.0, 22.857142857142858)","(12.0, 22.0, 21.2)","(51.0, 90.0, 90.55555555555556)"
16-12-2022 14:52:52.846314,"(3.3, 3.85, 3.7954545454545454)","(3.2, 3.55, 3.5428571428571427)","(4.8, 5.8, 5.657894736842105)","(11.0, 17.0, 16.6)","(7.0, 9.0, 9.022222222222222)","(15.0, 24.0, 23.333333333333332)","(12.0, 22.0, 18.8)","(51.0, 95.0, 90.55555555555556)"
16-12-2022 14:52:54.355603,"(3.3, 3.85, 3.805555555555556)","(3.2, 3.55, 3.5428571428571427)","(4.8, 5.8, 5.657894736842105)","(11.0, 17.0, 16.470588235294116)","(7.0, 9.2, 8.914285714285715)","(15.0, 26.0, 22.571428571428573)","(12.0, 22.0, 18.8)","(51.0, 95.0, 90.55555555555556)"
16-12-2022 14:52:55.729840,"(3.3, 3.85, 3.805555555555556)","(3.2, 3.55, 3.5428571428571427)","(4.8, 5.8, 5.657894736842105)","(11.0, 17.0, 16.90625)","(7.0, 9.2, 8.92)","(15.0, 26.0, 22.571428571428573)","(12.0, 22.0, 18.8)","(51.0, 95.0, 90.55555555555556)"
16-12-2022 14:52:56.942628,"(3.3, 3.85, 3.805555555555556)","(3.2, 3.55, 3.548)","(4.8, 5.8, 5.657894736842105)","(11.0, 17.0, 16.9375)","(7.0, 9.0, 8.813333333333333)","(15.0, 26.0, 22.571428571428573)","(12.0, 22.0, 18.8)","(51.0, 95.0, 91.66666666666667)"
16-12-2022 14:52:58.167720,"(3.3, 3.9, 3.8857142857142857)","(3.2, 3.6, 3.540909090909091)","(4.8, 5.8, 5.636363636363637)","(11.0, 17.0, 16.9375)","(7.0, 9.0, 8.813333333333333)","(15.0, 26.0, 22.571428571428573)","(12.0, 22.0, 19.066666666666666)","(51.0, 95.0, 91.66666666666667)"
16-12-2022 14:52:59.528373,"(3.3, 3.9, 3.8499999999999996)","(3.2, 3.6, 3.578846153846154)","(4.8, 5.8, 5.636363636363637)","(11.0, 17.0, 16.9375)","(7.0, 9.0, 8.714285714285715)","(15.0, 26.0, 22.571428571428573)","(12.0, 22.0, 19.066666666666666)","(51.0, 95.0, 91.66666666666667)"
16-12-2022 14:53:00.804966,"(3.3, 3.9, 3.8857142857142857)","(3.2, 3.6, 3.583076923076923)","(4.8, 5.8, 5.68)","(11.0, 17.0, 16.952380952380953)","(7.0, 8.8, 8.654545454545454)","(15.0, 26.0, 22.333333333333332)","(12.0, 22.0, 18.8)","(51.0, 95.0, 91.66666666666667)"
16-12-2022 14:53:02.094216,"(3.3, 3.95, 3.905263157894737)","(3.2, 3.6, 3.526086956521739)","(4.8, 5.7, 5.578260869565217)","(11.0, 17.0, 16.952380952380953)","(7.0, 8.8, 8.521739130434783)","(15.0, 24.0, 22.2)","(12.0, 20.0, 18.45)","(51.0, 95.0, 91.66666666666667)"
16-12-2022 14:53:03.580408,"(3.3, 3.95, 3.86304347826087)","(3.2, 3.65, 3.6233333333333335)","(4.8, 5.7, 5.5962962962962965)","(11.0, 17.0, 16.952380952380953)","(7.0, 8.8, 8.575)","(15.0, 24.0, 22.2)","(12.0, 19.5, 18.45)","(51.0, 95.0, 91.66666666666667)"
16-12-2022 14:53:04.984801,"(3.3, 3.95, 3.86304347826087)","(3.1, 3.65, 3.6)","(4.8, 5.7, 5.65)","(11.0, 17.0, 16.966666666666665)","(7.0, 8.6, 8.600000000000001)","(15.0, 24.0, 22.0)","(12.0, 19.5, 18.9375)","(51.0, 95.0, 91.66666666666667)"
16-12-2022 14:53:06.230923,"(3.3, 3.9, 3.814285714285714)","(3.1, 3.6, 3.5903846153846155)","(4.8, 5.7, 5.691891891891892)","(11.0, 17.0, 17.38235294117647)","(7.0, 8.8, 8.595121951219513)","(15.0, 23.0, 21.181818181818183)","(12.0, 19.5, 18.9375)","(51.0, 95.0, 93.0952380952381)"
16-12-2022 14:53:07.319733,"(3.3, 3.85, 3.835)","(3.1, 3.65, 3.6043478260869564)","(4.8, 5.8, 5.691891891891892)","(11.0, 17.5, 17.38235294117647)","(7.0, 8.8, 8.431578947368422)","(15.0, 23.0, 21.5)","(12.0, 19.5, 18.545454545454547)","(51.0, 95.0, 93.0952380952381)"
16-12-2022 14:53:08.446010,"(3.3, 3.8, 3.769230769230769)","(3.1, 3.6, 3.5925000000000002)","(4.8, 5.8, 5.664)","(11.0, 19.5, 18.166666666666668)","(7.0, 9.0, 8.933333333333334)","(15.0, 23.0, 21.5)","(12.0, 19.5, 18.9)","(51.0, 95.0, 96.08695652173913)"
16-12-2022 14:53:09.609041,"(3.3, 3.8, 3.7115384615384617)","(3.1, 3.6, 3.5833333333333335)","(4.8, 5.8, 5.655172413793103)","(11.0, 19.5, 18.923076923076923)","(7.0, 9.0, 8.944)","(15.0, 23.0, 21.5)","(12.0, 19.0, 18.8)","(51.0, 100.0, 96.08695652173913)"
16-12-2022 14:53:10.788240,"(3.3, 3.8, 3.7323529411764707)","(3.1, 3.6, 3.56875)","(4.8, 5.8, 5.655172413793103)","(11.0, 19.0, 19.625)","(7.0, 9.2, 8.907692307692308)","(15.0, 23.0, 21.181818181818183)","(12.0, 19.0, 19.214285714285715)","(51.0, 100.0, 96.08695652173913)"
16-12-2022 14:53:11.972297,"(3.3, 3.8, 3.7323529411764707)","(3.1, 3.6, 3.56875)","(4.8, 5.8, 5.655172413793103)","(11.0, 20.0, 15.633333333333333)","(7.0, 9.2, 8.846153846153847)","(15.0, 23.0, 23.25)","(12.0, 19.5, 19.8)","(51.0, 100.0, 103.10344827586206)"
16-12-2022 14:53:13.197615,"(3.3, 3.7, 3.685416666666667)","(3.1, 3.6, 3.55)","(4.8, 6.2, 6.050000000000001)","(11.0, 16.0, 14.725)","(7.0, 9.0, 8.76842105263158)","(15.0, 25.0, 23.8125)","(12.0, 21.0, 20.428571428571427)","(51.0, 110.0, 103.10344827586206)"
16-12-2022 14:53:14.351845,"(3.3, 3.7, 3.6714285714285713)","(3.1, 3.6, 3.5707317073170732)","(4.8, 6.2, 6.050000000000001)","(11.0, 15.0, 14.44)","(7.0, 9.0, 8.76842105263158)","(15.0, 24.0, 23.545454545454547)","(12.0, 21.0, 20.571428571428573)","(51.0, 110.0, 102.0)"
16-12-2022 14:53:15.501999,"(3.3, 3.75, 3.665819209039548)","(3.1, 3.55, 3.5233333333333334)","(4.8, 6.2, 6.064285714285715)","(11.0, 15.0, 14.44)","(7.0, 9.0, 8.76842105263158)","(15.0, 25.0, 22.88888888888889)","(12.0, 21.0, 20.6)","(51.0, 110.0, 102.0)"
16-12-2022 14:53:16.682147,"(3.3, 3.75, 3.665819209039548)","(3.1, 3.55, 3.519148936170213)","(4.8, 6.2, 6.04375)","(11.0, 15.0, 14.45)","(7.0, 9.0, 8.76842105263158)","(15.0, 24.0, 24.4)","(12.0, 21.0, 20.6)","(51.0, 110.0, 102.5925925925926)"
16-12-2022 14:53:17.738816,"(3.3, 3.75, 3.6648148148148145)","(3.1, 3.55, 3.519148936170213)","(4.8, 6.2, 6.1056603773584905)","(11.0, 14.5, 14.45)","(7.0, 9.0, 8.848275862068965)","(15.0, 25.0, 24.307692307692307)","(12.0, 21.0, 21.473684210526315)","(51.0, 110.0, 92.22222222222223)"
16-12-2022 14:53:18.833830,"(3.3, 3.7, 3.6716216216216218)","(3.1, 3.55, 3.520408163265306)","(4.8, 6.2, 6.124444444444444)","(11.0, 14.5, 14.264705882352942)","(7.0, 9.0, 8.848275862068965)","(15.0, 25.0, 24.652173913043477)","(13.0, 22.0, 21.25)","(51.0, 110.0, 92.22222222222223)"
16-12-2022 14:53:19.936638,"(3.3, 3.7, 3.658888888888889)","(3.1, 3.55, 3.520408163265306)","(4.8, 6.2, 6.114285714285715)","(11.0, 14.5, 14.264705882352942)","(7.0, 9.0, 8.848275862068965)","(15.0, 25.0, 24.652173913043477)","(13.0, 22.0, 21.25)","(51.0, 110.0, 98.57142857142857)"
16-12-2022 14:53:21.010408,"(3.3, 3.7, 3.6557894736842105)","(3.1, 3.55, 3.520408163265306)","(4.8, 6.2, 6.015384615384615)","(11.0, 14.5, 14.264705882352942)","(7.0, 9.0, 8.848275862068965)","(15.0, 25.0, 24.652173913043477)","(13.0, 22.0, 21.25)","(51.0, 110.0, 98.57142857142857)"
16-12-2022 14:53:22.088171,"(3.3, 3.7, 3.6557894736842105)","(3.1, 3.55, 3.5227272727272725)","(4.8, 6.2, 6.046808510638298)","(11.0, 14.5, 14.264705882352942)","(7.0, 9.0, 8.923076923076923)","(15.0, 25.0, 24.5)","(13.0, 22.0, 21.25)","(51.0, 110.0, 98.57142857142857)"
16-12-2022 14:53:23.199281,"(3.3, 3.65, 3.646938775510204)","(3.1, 3.55, 3.5227272727272725)","(4.8, 6.2, 6.050000000000001)","(11.0, 14.5, 14.264705882352942)","(7.0, 9.0, 8.907692307692308)","(15.0, 25.0, 26.1)","(13.0, 22.0, 21.25)","(51.0, 110.0, 98.57142857142857)"
16-12-2022 14:53:24.364368,"(3.3, 3.65, 3.5922535211267603)","(3.1, 3.55, 3.5227272727272725)","(4.8, 6.2, 6.104166666666667)","(11.0, 14.5, 14.264705882352942)","(7.0, 9.2, 8.907692307692308)","(15.0, 27.0, 26.142857142857142)","(13.0, 22.0, 21.25)","(51.0, 110.0, 98.57142857142857)"
16-12-2022 14:53:25.404847,"(3.3, 3.65, 3.5844827586206893)","(3.1, 3.55, 3.5227272727272725)","(4.8, 6.2, 6.125)","(11.0, 14.5, 14.257575757575758)","(7.0, 9.2, 8.907692307692308)","(15.0, 27.0, 26.142857142857142)","(13.0, 22.0, 21.25)","(51.0, 110.0, 98.57142857142857)"
16-12-2022 14:53:26.448486,"(3.3, 3.65, 3.581578947368421)","(3.1, 3.55, 3.521276595744681)","(4.8, 6.4, 6.3812500000000005)","(11.0, 14.5, 14.078947368421053)","(7.0, 9.2, 8.91851851851852)","(15.0, 27.0, 26.1)","(13.0, 22.0, 21.357142857142858)","(51.0, 110.0, 98.57142857142857)"
16-12-2022 14:53:27.473235,"(3.3, 3.6, 3.564423076923077)","(3.1, 3.55, 3.5424242424242425)","(4.8, 6.6, 6.366666666666666)","(11.0, 14.5, 13.988888888888889)","(7.0, 9.2, 8.91851851851852)","(15.0, 27.0, 26.1)","(13.0, 22.0, 21.357142857142858)","(51.0, 110.0, 98.57142857142857)"
16-12-2022 14:53:28.516162,"(3.3, 3.6, 3.5310810810810813)","(3.1, 3.6, 3.5729166666666665)","(4.8, 6.6, 6.3621621621621625)","(11.0, 14.5, 13.939024390243903)","(7.0, 9.2, 9.195348837209302)","(16.0, 27.0, 26.2)","(13.0, 22.0, 21.379310344827587)","(51.0, 110.0, 98.57142857142857)"
16-12-2022 14:53:29.510031,"(3.3, 3.55, 3.5274193548387096)","(3.1, 3.6, 3.5644444444444443)","(4.8, 6.6, 6.377215189873418)","(11.0, 14.0, 13.775862068965518)","(7.0, 9.2, 9.195348837209302)","(16.0, 27.0, 26.583333333333332)","(13.0, 22.0, 21.333333333333332)","(51.0, 110.0, 98.57142857142857)"
16-12-2022 14:53:30.583148,"(3.3, 3.55, 3.520833333333333)","(3.1, 3.6, 3.5644444444444443)","(4.8, 6.6, 6.377215189873418)","(11.0, 14.0, 13.25)","(7.0, 9.2, 9.3044776119403)","(16.0, 27.0, 26.583333333333332)","(13.0, 22.0, 21.333333333333332)","(51.0, 110.0, 98.57142857142857)"
16-12-2022 14:53:31.614826,"(3.2, 3.5, 3.4926829268292683)","(3.1, 3.6, 3.5636363636363635)","(5.0, 6.6, 6.375796178343949)","(11.0, 13.5, 13.25)","(7.0, 9.4, 9.24)","(16.0, 27.0, 26.583333333333332)","(13.0, 22.0, 21.379310344827587)","(51.0, 110.0, 98.57142857142857)"
16-12-2022 14:53:32.664437,"(3.2, 3.5, 3.496153846153846)","(3.1, 3.6, 3.559090909090909)","(5.0, 6.6, 6.404819277108434)","(11.0, 13.5, 13.321428571428571)","(7.0, 9.4, 9.336585365853658)","(16.0, 27.0, 26.6875)","(13.0, 22.0, 21.4)","(51.0, 110.0, 98.57142857142857)"
16-12-2022 14:53:33.728841,"(3.2, 3.5, 3.4851063829787234)","(3.1, 3.6, 3.546268656716418)","(5.0, 6.6, 6.435051546391753)","(11.0, 13.5, 13.36111111111111)","(7.0, 9.6, 9.585365853658537)","(16.0, 27.0, 29.272727272727273)","(13.0, 22.0, 21.8)","(51.0, 110.0, 103.33333333333333)"
16-12-2022 14:53:34.773967,"(3.2, 3.55, 3.539655172413793)","(3.1, 3.4, 3.3588652482269503)","(5.0, 6.6, 5.977868852459016)","(11.0, 19.0, 18.817073170731707)","(7.0, 9.6, 9.585365853658537)","(16.0, 30.0, 29.272727272727273)","(13.0, 23.0, 22.36842105263158)","(51.0, 110.0, 108.75)"
16-12-2022 14:53:35.748536,"(3.2, 3.6, 3.5666666666666664)","(3.1, 3.4, 3.3076779026217227)","(5.0, 5.8, 5.7785714285714285)","(11.0, 18.5, 17.944444444444443)","(7.0, 9.8, 9.67878787878788)","(16.0, 30.0, 28.71875)","(13.0, 23.0, 22.61904761904762)","(51.0, 120.0, 103.57142857142857)"
16-12-2022 14:53:36.742115,"(3.2, 3.6, 3.561111111111111)","(3.1, 3.4, 3.307156308851224)","(5.0, 5.8, 5.7290322580645165)","(11.0, 18.5, 18.0)","(7.0, 9.8, 9.683333333333334)","(16.0, 32.0, 29.714285714285715)","(13.0, 23.0, 22.789473684210527)","(51.0, 110.0, 105.9090909090909)"
16-12-2022 14:53:37.699453,"(3.2, 3.6, 3.575438596491228)","(3.1, 3.35, 3.3238095238095235)","(5.0, 5.7, 5.683333333333334)","(11.0, 18.5, 18.1)","(7.0, 9.8, 9.683333333333334)","(16.0, 32.0, 30.0)","(13.0, 23.0, 22.75)","(51.0, 110.0, 105.9090909090909)"
16-12-2022 14:53:38.668764,"(3.2, 3.6, 3.5774193548387094)","(3.1, 3.35, 3.333720930232558)","(5.0, 5.6, 5.585714285714285)","(11.0, 18.5, 18.1)","(7.0, 9.8, 9.683333333333334)","(16.0, 32.0, 30.65)","(13.0, 23.0, 23.9)","(51.0, 110.0, 105.9090909090909)"
16-12-2022 14:53:39.696430,"(3.2, 3.6, 3.5541666666666667)","(3.1, 3.4, 3.3055555555555554)","(5.0, 5.6, 5.510526315789473)","(11.0, 18.5, 17.7)","(7.0, 10.0, 9.957142857142857)","(16.0, 32.0, 30.65)","(13.0, 24.0, 23.9)","(51.0, 110.0, 105.9090909090909)"
16-12-2022 14:53:40.686765,"(3.2, 3.6, 3.573170731707317)","(3.0, 3.35, 3.3223076923076924)","(5.0, 5.6, 5.5)","(12.0, 18.5, 17.7)","(7.0, 10.0, 9.957142857142857)","(16.0, 32.0, 30.5)","(13.0, 24.0, 23.9)","(51.0, 110.0, 105.9090909090909)"
16-12-2022 14:53:41.655803,"(3.2, 3.6, 3.573170731707317)","(3.0, 3.35, 3.3208955223880596)","(5.0, 5.6, 5.483333333333333)","(12.0, 18.5, 18.214285714285715)","(7.0, 10.0, 9.957142857142857)","(16.0, 32.0, 31.272727272727273)","(13.0, 24.0, 23.97674418604651)","(51.0, 110.0, 108.0)"
16-12-2022 14:53:42.613822,"(3.2, 3.65, 3.5660714285714286)","(3.0, 3.35, 3.2928571428571427)","(5.0, 5.6, 5.483333333333333)","(12.0, 18.5, 18.40909090909091)","(7.0, 10.0, 9.987804878048781)","(16.0, 32.0, 31.272727272727273)","(13.0, 25.0, 24.043478260869566)","(51.0, 110.0, 107.0)"
16-12-2022 14:53:43.585780,"(3.2, 3.6, 3.585897435897436)","(3.0, 3.35, 3.2841666666666667)","(5.0, 5.6, 5.485106382978723)","(12.0, 18.5, 18.366666666666667)","(7.0, 10.5, 10.071428571428571)","(16.0, 32.0, 31.272727272727273)","(13.0, 25.0, 24.043478260869566)","(51.0, 110.0, 107.0)"
16-12-2022 14:53:44.600134,"(3.2, 3.6, 3.5877777777777777)","(3.0, 3.35, 3.2868098159509205)","(5.0, 5.6, 5.48)","(12.0, 18.5, 18.366666666666667)","(7.0, 10.5, 10.06046511627907)","(16.0, 32.0, 31.272727272727273)","(13.0, 25.0, 24.214285714285715)","(51.0, 110.0, 107.0)"
16-12-2022 14:53:45.646782,"(3.2, 3.6, 3.5877777777777777)","(3.0, 3.35, 3.290540540540541)","(5.0, 5.6, 5.4941176470588236)","(12.0, 18.5, 18.366666666666667)","(7.0, 10.5, 10.06046511627907)","(16.0, 32.0, 31.272727272727273)","(13.0, 25.0, 24.083333333333332)","(51.0, 110.0, 107.0)"
16-12-2022 14:53:46.729678,"(3.2, 3.6, 3.5804347826086955)","(3.0, 3.35, 3.3464285714285715)","(5.0, 5.4, 5.329411764705882)","(12.0, 18.5, 18.366666666666667)","(7.0, 10.5, 10.114285714285714)","(17.0, 32.0, 31.2)","(14.0, 25.0, 24.083333333333332)","(51.0, 110.0, 107.0)"
16-12-2022 14:53:47.761155,"(3.2, 3.6, 3.5717391304347825)","(3.0, 3.35, 3.345918367346939)","(5.0, 5.4, 5.321739130434783)","(12.0, 18.5, 18.366666666666667)","(7.0, 10.5, 10.136538461538462)","(17.0, 32.0, 31.25)","(14.0, 25.0, 24.214285714285715)","(51.0, 110.0, 107.0)"
16-12-2022 14:53:48.797436,"(3.2, 3.6, 3.569047619047619)","(3.0, 3.4, 3.3555555555555556)","(5.0, 5.4, 5.324390243902439)","(12.0, 18.5, 18.366666666666667)","(7.0, 10.5, 10.136538461538462)","(17.0, 32.0, 33.81818181818182)","(14.0, 25.0, 24.42105263157895)","(51.0, 110.0, 107.0)"
16-12-2022 14:53:49.840878,"(3.2, 3.6, 3.565384615384615)","(3.0, 3.4, 3.346875)","(4.8, 5.4, 5.319230769230769)","(12.0, 18.5, 18.357142857142858)","(7.0, 10.5, 10.136538461538462)","(17.0, 34.0, 33.81818181818182)","(14.0, 25.0, 24.6)","(51.0, 110.0, 107.0)"
16-12-2022 14:53:50.854405,"(3.2, 3.55, 3.5322916666666666)","(3.0, 3.4, 3.346875)","(4.8, 5.4, 5.32127659574468)","(12.0, 18.5, 18.6)","(7.0, 10.5, 10.1625)","(17.0, 34.0, 34.666666666666664)","(14.0, 25.0, 24.6)","(51.0, 110.0, 115.0)"
16-12-2022 14:53:51.852457,"(3.2, 3.6, 3.561184210526316)","(3.0, 3.4, 3.339285714285714)","(4.8, 5.4, 5.319230769230769)","(12.0, 19.0, 18.6)","(7.0, 10.5, 10.229166666666666)","(17.0, 36.0, 35.07692307692308)","(14.0, 25.0, 24.632653061224488)","(51.0, 120.0, 104.47368421052632)"
16-12-2022 14:53:52.878281,"(3.2, 3.55, 3.5285714285714285)","(3.0, 3.4, 3.3445652173913043)","(4.8, 5.4, 5.243076923076924)","(12.0, 19.0, 18.2)","(7.0, 10.5, 10.232558139534884)","(18.0, 36.0, 33.935483870967744)","(14.0, 25.0, 24.5)","(51.0, 110.0, 104.47368421052632)"
16-12-2022 14:53:53.912470,"(3.2, 3.55, 3.5241379310344825)","(3.0, 3.45, 3.3722222222222222)","(4.8, 5.4, 5.220289855072464)","(12.0, 18.5, 18.2)","(7.0, 10.5, 10.23611111111111)","(18.0, 36.0, 33.793103448275865)","(14.0, 25.0, 24.06451612903226)","(51.0, 110.0, 104.47368421052632)"
16-12-2022 14:53:54.980617,"(3.2, 3.5, 3.455045871559633)","(3.0, 3.45, 3.3873626373626373)","(4.8, 5.4, 5.234666666666667)","(12.0, 18.5, 18.25)","(7.0, 10.5, 10.23611111111111)","(18.0, 36.0, 33.793103448275865)","(14.0, 25.0, 24.181818181818183)","(51.0, 110.0, 105.625)"
16-12-2022 14:53:56.071730,"(3.2, 3.5, 3.4533333333333336)","(3.0, 3.45, 3.3935643564356437)","(4.8, 5.4, 5.25)","(12.0, 18.5, 18.466666666666665)","(7.0, 10.5, 10.2625)","(18.0, 36.0, 33.793103448275865)","(14.0, 25.0, 24.27027027027027)","(51.0, 110.0, 105.625)"
16-12-2022 14:53:57.157832,"(3.2, 3.45, 3.427777777777778)","(3.0, 3.45, 3.4080357142857145)","(4.8, 5.3, 5.25)","(12.0, 18.5, 18.47222222222222)","(7.0, 10.5, 10.3125)","(18.0, 36.0, 33.925925925925924)","(14.0, 25.0, 24.256410256410255)","(51.0, 110.0, 105.625)"
16-12-2022 14:53:58.219002,"(3.2, 3.45, 3.416412213740458)","(3.0, 3.45, 3.4076576576576576)","(4.8, 5.3, 5.25)","(12.0, 18.5, 18.47222222222222)","(7.0, 10.5, 10.3125)","(18.0, 36.0, 33.925925925925924)","(14.0, 25.0, 24.236842105263158)","(51.0, 110.0, 105.625)"
16-12-2022 14:53:59.232158,"(3.2, 3.45, 3.415909090909091)","(3.0, 3.5, 3.4270833333333335)","(4.8, 5.3, 5.25)","(12.0, 18.5, 18.466666666666665)","(7.0, 10.5, 10.28888888888889)","(18.0, 36.0, 33.26315789473684)","(14.0, 25.0, 24.236842105263158)","(51.0, 110.0, 99.47368421052632)"
16-12-2022 14:54:00.274707,"(3.2, 3.45, 3.3884615384615384)","(3.0, 3.5, 3.4240963855421684)","(4.8, 5.3, 5.256521739130434)","(12.0, 18.5, 18.458333333333332)","(7.0, 10.5, 10.307692307692308)","(18.0, 36.0, 33.64705882352941)","(14.0, 25.0, 24.216216216216218)","(51.0, 100.0, 99.47368421052632)"
16-12-2022 14:54:01.274442,"(3.2, 3.45, 3.397783251231527)","(3.0, 3.5, 3.43015873015873)","(4.8, 5.3, 5.2387096774193544)","(12.0, 18.5, 18.458333333333332)","(7.0, 10.5, 10.307692307692308)","(18.0, 36.0, 33.64705882352941)","(14.0, 25.0, 24.216216216216218)","(51.0, 100.0, 99.47368421052632)"
16-12-2022 14:54:02.287458,"(3.2, 3.45, 3.4018324607329844)","(3.0, 3.45, 3.4482758620689657)","(4.8, 5.3, 5.223076923076923)","(12.0, 18.5, 18.458333333333332)","(7.0, 10.5, 10.244186046511627)","(18.0, 36.0, 33.904761904761905)","(14.0, 25.0, 24.22222222222222)","(51.0, 100.0, 99.47368421052632)"
16-12-2022 14:54:03.309072,"(3.2, 3.45, 3.4017857142857144)","(3.0, 3.45, 3.448)","(4.8, 5.3, 5.216981132075472)","(12.0, 21.0, 20.15686274509804)","(7.0, 10.5, 10.394736842105264)","(18.0, 36.0, 32.72)","(14.0, 25.0, 23.625)","(51.0, 100.0, 99.47368421052632)"
16-12-2022 14:54:04.403807,"(3.2, 3.45, 3.405494505494506)","(3.0, 3.45, 3.4324324324324325)","(4.8, 5.3, 5.2237288135593225)","(12.0, 21.0, 20.625)","(7.0, 10.5, 10.435483870967742)","(18.0, 34.0, 32.74074074074074)","(14.0, 24.0, 23.916666666666668)","(51.0, 100.0, 99.47368421052632)"
16-12-2022 14:54:05.435523,"(3.1, 3.45, 3.3891959798994975)","(3.0, 3.45, 3.4324324324324325)","(4.8, 5.3, 5.2237288135593225)","(12.0, 21.0, 20.625)","(7.0, 10.5, 10.45)","(18.0, 34.0, 32.74074074074074)","(14.0, 24.0, 23.916666666666668)","(51.0, 100.0, 99.47368421052632)"
16-12-2022 14:54:06.492513,"(3.1, 3.4, 3.393076923076923)","(3.0, 3.45, 3.4358695652173914)","(4.8, 5.3, 5.2215384615384615)","(12.0, 21.0, 20.264705882352942)","(7.0, 10.5, 10.46376811594203)","(18.0, 34.0, 32.76923076923077)","(14.0, 24.0, 23.625)","(51.0, 100.0, 99.72222222222223)"
16-12-2022 14:54:07.562665,"(3.1, 3.4, 3.3726315789473684)","(3.0, 3.45, 3.4258620689655173)","(4.8, 5.3, 5.221212121212122)","(12.0, 21.0, 20.342105263157894)","(7.0, 11.0, 10.330097087378642)","(18.0, 34.0, 32.76923076923077)","(14.0, 25.0, 23.653061224489797)","(51.0, 100.0, 115.83333333333333)"
16-12-2022 14:54:08.546200,"(3.1, 3.4, 3.376068376068376)","(3.0, 3.45, 3.4102272727272727)","(4.8, 5.3, 5.221212121212122)","(12.0, 21.0, 20.342105263157894)","(7.0, 11.0, 10.330097087378642)","(18.0, 34.0, 32.76923076923077)","(14.0, 25.0, 23.653061224489797)","(51.0, 120.0, 115.83333333333333)"
16-12-2022 14:54:09.522458,"(3.1, 3.45, 3.3909395973154366)","(3.0, 3.45, 3.3925)","(4.8, 5.3, 5.211267605633803)","(12.0, 21.0, 20.358974358974358)","(7.0, 11.0, 10.330097087378642)","(18.0, 34.0, 32.76923076923077)","(14.0, 25.0, 22.1875)","(51.0, 120.0, 117.05882352941177)"
16-12-2022 14:54:10.559080,"(3.1, 3.45, 3.3916666666666666)","(3.0, 3.45, 3.405882352941177)","(4.8, 5.3, 5.2075471698113205)","(12.0, 21.0, 20.48936170212766)","(7.0, 11.0, 10.4)","(18.0, 34.0, 32.89655172413793)","(14.0, 23.0, 22.434782608695652)","(51.0, 120.0, 117.22222222222223)"
16-12-2022 14:54:11.598892,"(3.1, 3.45, 3.3994444444444447)","(3.0, 3.45, 3.4105263157894736)","(4.6, 5.3, 5.220967741935484)","(13.0, 21.0, 20.48936170212766)","(7.5, 11.0, 10.418181818181818)","(20.0, 34.0, 32.89655172413793)","(15.0, 23.0, 22.352941176470587)","(51.0, 120.0, 117.22222222222223)"
16-12-2022 14:54:12.661306,"(3.1, 3.45, 3.3994444444444447)","(3.0, 3.55, 3.5287383177570093)","(4.6, 5.3, 5.220967741935484)","(13.0, 21.0, 20.441860465116278)","(7.5, 11.0, 10.418181818181818)","(20.0, 34.0, 32.857142857142854)","(15.0, 23.0, 22.181818181818183)","(51.0, 120.0, 117.22222222222223)"
16-12-2022 14:54:13.682939,"(3.1, 3.45, 3.393627450980392)","(3.0, 3.5, 3.4425)","(4.6, 5.3, 5.218333333333334)","(13.0, 21.0, 20.41304347826087)","(7.5, 11.0, 10.418181818181818)","(20.0, 34.0, 32.857142857142854)","(15.0, 23.0, 21.733333333333334)","(51.0, 120.0, 117.22222222222223)"
16-12-2022 14:54:14.735365,"(3.1, 3.45, 3.392780748663102)","(3.0, 3.5, 3.4454545454545453)","(4.6, 5.3, 5.222413793103448)","(13.0, 21.0, 20.181818181818183)","(7.5, 11.0, 10.418181818181818)","(20.0, 34.0, 32.857142857142854)","(15.0, 22.0, 21.733333333333334)","(51.0, 120.0, 117.72727272727273)"
16-12-2022 14:54:15.727357,"(3.1, 3.45, 3.393010752688172)","(3.0, 3.5, 3.4454545454545453)","(4.6, 5.3, 5.230769230769231)","(13.0, 21.0, 19.640625)","(7.5, 11.0, 10.412844036697248)","(20.0, 34.0, 32.857142857142854)","(15.0, 22.0, 22.0)","(51.0, 120.0, 108.63636363636364)"
16-12-2022 14:54:16.741242,"(3.1, 3.45, 3.393010752688172)","(3.0, 3.5, 3.4454545454545453)","(4.6, 5.3, 5.234814814814815)","(13.0, 21.0, 19.757142857142856)","(7.5, 11.0, 10.412844036697248)","(20.0, 34.0, 32.72727272727273)","(15.0, 23.0, 21.846153846153847)","(51.0, 110.0, 108.63636363636364)"
16-12-2022 14:54:17.777916,"(3.1, 3.45, 3.393010752688172)","(3.0, 3.5, 3.464)","(4.6, 5.3, 5.2298507462686565)","(13.0, 21.0, 19.757142857142856)","(7.5, 11.0, 10.412844036697248)","(20.0, 34.0, 32.72727272727273)","(15.0, 23.0, 21.70967741935484)","(51.0, 110.0, 108.63636363636364)"
16-12-2022 14:54:18.861128,"(3.1, 3.45, 3.3932432432432433)","(3.0, 3.5, 3.469491525423729)","(4.6, 5.3, 5.221666666666667)","(13.0, 21.0, 19.9125)","(7.5, 11.0, 10.412844036697248)","(20.0, 34.0, 32.72727272727273)","(15.0, 23.0, 21.70967741935484)","(51.0, 110.0, 108.63636363636364)"
16-12-2022 14:54:19.955932,"(3.1, 3.45, 3.3932432432432433)","(3.0, 3.5, 3.4625000000000004)","(4.6, 5.3, 5.212)","(13.0, 21.0, 19.958333333333332)","(7.5, 11.0, 10.407407407407407)","(20.0, 34.0, 32.76470588235294)","(15.0, 23.0, 21.51851851851852)","(51.0, 110.0, 107.5)"
16-12-2022 14:54:21.027760,"(3.0, 3.45, 3.3970588235294117)","(2.9, 3.5, 3.4625000000000004)","(4.6, 5.3, 5.226666666666667)","(13.0, 20.0, 21.80392156862745)","(7.5, 11.0, 10.224137931034482)","(20.0, 34.0, 32.76470588235294)","(15.0, 23.0, 22.19047619047619)","(61.0, 110.0, 107.5)"
16-12-2022 14:54:22.142872,"(3.0, 3.45, 3.421590909090909)","(2.9, 3.45, 3.427777777777778)","(4.6, 5.3, 5.215254237288136)","(13.0, 22.0, 22.69811320754717)","(7.5, 10.5, 10.224137931034482)","(20.0, 34.0, 32.76470588235294)","(15.0, 23.0, 21.785714285714285)","(61.0, 110.0, 107.5)"
16-12-2022 14:54:23.173999,"(3.0, 3.45, 3.4098214285714286)","(2.9, 3.45, 3.427777777777778)","(4.6, 5.3, 5.213846153846154)","(13.0, 23.0, 22.57894736842105)","(7.5, 10.5, 10.224137931034482)","(20.0, 34.0, 32.76470588235294)","(15.0, 23.0, 21.785714285714285)","(61.0, 110.0, 107.5)"
16-12-2022 14:54:24.206747,"(3.0, 3.45, 3.395977011494253)","(2.9, 3.45, 3.427777777777778)","(4.6, 5.3, 5.213846153846154)","(13.0, 23.0, 22.642857142857142)","(7.5, 10.5, 10.224137931034482)","(20.0, 34.0, 33.4)","(15.0, 23.0, 21.785714285714285)","(61.0, 110.0, 108.39285714285714)"
16-12-2022 14:54:25.275174,"(3.0, 3.45, 3.413846153846154)","(2.9, 3.4, 3.38206106870229)","(4.6, 5.3, 5.210714285714285)","(13.0, 23.0, 22.1)","(7.5, 10.5, 10.224137931034482)","(20.0, 34.0, 33.4)","(15.0, 23.0, 22.347826086956523)","(61.0, 110.0, 108.39285714285714)"
16-12-2022 14:54:26.355627,"(3.0, 3.45, 3.4098290598290597)","(2.9, 3.4, 3.382846715328467)","(4.6, 5.3, 5.209090909090909)","(13.0, 23.0, 22.1)","(7.5, 10.5, 10.232142857142858)","(20.0, 34.0, 33.4)","(15.0, 23.0, 22.347826086956523)","(61.0, 110.0, 108.39285714285714)"
16-12-2022 14:54:27.463388,"(3.0, 3.45, 3.405392156862745)","(2.9, 3.5, 3.4098214285714286)","(4.6, 5.3, 5.198412698412698)","(13.0, 23.0, 22.1)","(7.5, 10.5, 10.224137931034482)","(20.0, 34.0, 33.4)","(15.0, 23.0, 22.347826086956523)","(61.0, 110.0, 108.39285714285714)"
16-12-2022 14:54:28.551440,"(3.0, 3.45, 3.399462365591398)","(2.9, 3.45, 3.4363636363636365)","(4.6, 5.3, 5.195934959349593)","(13.0, 23.0, 22.166666666666668)","(7.5, 10.5, 10.224137931034482)","(20.0, 34.0, 33.368421052631575)","(15.0, 23.0, 22.105263157894736)","(61.0, 110.0, 108.39285714285714)"
16-12-2022 14:54:29.645332,"(3.0, 3.4, 3.3817241379310343)","(2.9, 3.5, 3.450515463917526)","(4.6, 5.3, 5.195934959349593)","(13.0, 23.0, 22.166666666666668)","(7.5, 10.5, 10.224137931034482)","(20.0, 34.0, 33.368421052631575)","(15.0, 23.0, 22.105263157894736)","(61.0, 110.0, 108.39285714285714)"
16-12-2022 14:54:30.625123,"(3.0, 3.4, 3.378395061728395)","(2.9, 3.5, 3.4606382978723405)","(4.6, 5.3, 5.195934959349593)","(13.0, 23.0, 22.1)","(7.5, 10.5, 10.1)","(20.0, 34.0, 33.368421052631575)","(15.0, 23.0, 22.105263157894736)","(61.0, 110.0, 108.39285714285714)"
16-12-2022 14:54:31.668759,"(3.0, 3.4, 3.383093525179856)","(2.9, 3.5, 3.461934156378601)","(4.6, 5.3, 5.291011235955056)","(13.0, 23.0, 22.9)","(7.5, 10.0, 10.017241379310345)","(20.0, 34.0, 33.333333333333336)","(15.0, 23.0, 22.655172413793103)","(61.0, 110.0, 108.39285714285714)"
16-12-2022 14:54:32.683163,"(3.0, 3.4, 3.383093525179856)","(2.9, 3.5, 3.461934156378601)","(4.6, 5.2, 5.192452830188679)","(13.0, 23.0, 22.9)","(7.5, 10.5, 10.02808988764045)","(20.0, 34.0, 33.333333333333336)","(15.0, 23.0, 22.655172413793103)","(61.0, 110.0, 108.39285714285714)"
16-12-2022 14:54:33.780394,"(3.0, 3.4, 3.399315068493151)","(2.9, 3.5, 3.463293650793651)","(4.6, 5.2, 5.163291139240506)","(13.0, 23.0, 23.69811320754717)","(7.5, 10.5, 10.02808988764045)","(20.0, 34.0, 33.26315789473684)","(15.0, 23.0, 22.655172413793103)","(61.0, 110.0, 108.39285714285714)"
16-12-2022 14:54:34.879858,"(3.0, 3.4, 3.388888888888889)","(2.9, 3.5, 3.463293650793651)","(4.6, 5.2, 5.163291139240506)","(13.0, 24.0, 23.607142857142858)","(7.5, 10.5, 10.2)","(20.0, 34.0, 33.26315789473684)","(15.0, 23.0, 22.655172413793103)","(61.0, 110.0, 108.39285714285714)"
16-12-2022 14:54:35.981918,"(3.0, 3.4, 3.3791666666666664)","(2.9, 3.5, 3.473591549295775)","(4.6, 5.2, 5.159154929577465)","(13.0, 24.0, 23.607142857142858)","(7.5, 10.5, 10.18421052631579)","(20.0, 34.0, 33.26315789473684)","(15.0, 23.0, 22.655172413793103)","(61.0, 110.0, 108.39285714285714)"
16-12-2022 14:54:37.084511,"(3.0, 3.4, 3.3791666666666664)","(2.9, 3.5, 3.473591549295775)","(4.6, 5.2, 5.153846153846154)","(13.0, 24.0, 9782.108695652174)","(7.5, 10.5, 9998.5)","(20.0, 34.0, 9998.5)","(15.0, 23.0, 9998.5)","(61.0, 110.0, 9998.5)"
16-12-2022 14:54:38.132904,"(3.0, 99998, 9998.5)","(2.9, 99998, 9998.5)","(4.6, 99998, 9998.5)","(13.0, 99998, 9998.5)","(7.5, 99998, 9998.5)","(20.0, 99998, 9998.5)","(15.0, 99998, 9998.5)","(61.0, 99998, 9998.5)"
16-12-2022 14:54:39.088358,"(3.0, 99998, 9998.5)","(2.9, 99998, 9998.5)","(4.6, 99998, 9998.5)","(13.0, 99998, 9998.5)","(7.5, 99998, 9998.5)","(20.0, 99998, 9998.5)","(15.0, 99998, 9998.5)","(61.0, 99998, 9998.5)"
16-12-2022 14:54:40.098436,"(3.0, 99998, 9998.5)","(2.9, 99998, 9998.5)","(4.6, 99998, 9998.5)","(13.0, 99998, 9998.5)","(7.5, 99998, 9998.5)","(20.0, 99998, 9998.5)","(15.0, 99998, 9998.5)","(61.0, 99998, 9998.5)"
16-12-2022 14:54:41.135272,"(3.0, 99998, 9998.5)","(2.9, 99998, 9998.5)","(4.6, 99998, 9998.5)","(13.0, 99998, 9998.5)","(7.5, 99998, 9998.5)","(20.0, 99998, 9998.5)","(15.0, 99998, 9998.5)","(61.0, 99998, 9998.5)"
16-12-2022 14:54:42.387151,"(3.0, 99998, 9998.5)","(2.9, 99998, 9998.5)","(4.6, 99998, 9998.5)","(13.0, 99998, 9998.5)","(7.5, 99998, 9998.5)","(20.0, 99998, 9998.5)","(15.0, 99998, 9998.5)","(61.0, 99998, 9998.5)"
16-12-2022 14:54:43.854448,"(3.0, 99998, 9998.5)","(2.9, 99998, 9998.5)","(4.6, 99998, 9998.5)","(13.0, 99998, 9998.5)","(7.5, 99998, 9998.5)","(20.0, 99998, 9998.5)","(15.0, 99998, 9998.5)","(61.0, 99998, 9998.5)"
16-12-2022 14:54:44.895757,"(3.0, 99998, 9998.5)","(2.9, 99998, 9998.5)","(4.6, 99998, 9998.5)","(13.0, 99998, 9998.5)","(7.5, 99998, 9998.5)","(20.0, 99998, 9998.5)","(15.0, 99998, 9998.5)","(61.0, 99998, 9998.5)"
16-12-2022 14:54:45.862068,"(3.0, 99998, 9998.5)","(2.9, 99998, 9998.5)","(4.6, 99998, 9998.5)","(13.0, 99998, 9998.5)","(7.5, 99998, 9998.5)","(20.0, 99998, 9998.5)","(15.0, 99998, 9998.5)","(61.0, 99998, 9998.5)"
16-12-2022 14:54:46.891016,"(3.0, 99998, 9998.5)","(2.9, 99998, 9998.5)","(4.6, 99998, 9998.5)","(13.0, 99998, 9998.5)","(7.5, 99998, 9998.5)","(20.0, 99998, 9998.5)","(15.0, 99998, 9998.5)","(61.0, 99998, 9998.5)"
16-12-2022 14:54:47.953379,"(3.0, 99998, 9998.5)","(2.9, 99998, 9998.5)","(4.6, 99998, 9998.5)","(13.0, 99998, 9998.5)","(7.5, 99998, 9998.5)","(20.0, 99998, 9998.5)","(15.0, 99998, 9998.5)","(61.0, 99998, 9998.5)"
16-12-2022 14:54:49.020051,"(3.0, 99998, 9998.5)","(2.9, 99998, 9998.5)","(4.6, 99998, 9998.5)","(13.0, 99998, 9998.5)","(7.5, 99998, 9998.5)","(20.0, 99998, 9998.5)","(15.0, 99998, 9998.5)","(61.0, 99998, 9998.5)"
16-12-2022 14:54:50.151157,"(3.0, 99998, 9998.5)","(2.9, 99998, 9998.5)","(4.6, 99998, 9998.5)","(13.0, 99998, 9998.5)","(7.5, 99998, 9998.5)","(20.0, 99998, 9998.5)","(15.0, 99998, 9998.5)","(61.0, 99998, 9998.5)"
